chair_id,conf_id
HAN169iwb,53e1815b20f7dfbc07e8b8e9
ABY251oez,53a730a620f7420be8d00a51
CHW046fbz,555036f37cea80f95416924b
XWT271pdi,555036dd7cea80f954161b94
RJJ260atl,53e1851520f7dfbc07e8d228
BMK487kth,53a7326c20f7420be8d9588a
ADK094shm,53a7306120f7420be8ced937
FVQ537pyu,53a731e220f7420be8d68c8f
HCG096dck,57d0879d0a3ac5db49914281
BGF511hex,53a72dbe20f7420be8c72ca2
WQA744qot,5736ac8cd39c4f40a795b13e
BME768elk,572dd8ddd39c4f49934859f5
NHI833kyj,5736ac05d39c4f40a7953a30
VKE502qkg,5736ad5fd39c4f40a7968fbf
QVF046pri,54824c96582fc50b5e00b6a4
FUR476esz,5736ae3ad39c4f40a7976010
KKF029jrd,53a731b220f7420be8d58a5d
ODS557jvv,53a7320c20f7420be8d76b91
RHY071hbu,53a7319e20f7420be8d53826
LNG354rwn,5736ae01d39c4f40a797354b
FHZ904oxw,5736ae3ad39c4f40a7976060
AWS941zcb,572dd136d39c4f4993451fdb
FND124lnh,5736abacd39c4f40a794f45a
MHS140ruq,53e1877420f7dfbc07e8e1df
OLR332qga,5390795620f770854f5b8d09
FNP745shd,555036d17cea80f95415a4d7
OTG463sag,53e1818720f7dfbc07e8ba26
DER826ukq,5736ab05d39c4f40a7948978
ZEH777afg,53a72fbd20f7420be8cc0183
VCU563fdb,53a7321820f7420be8d79a92
UBJ917zhf,53a72adc20f7420be8c0f0e5
XCD744mzt,57d08a7d0a3ac5db49920b02
WJF161meo,53a730f520f7420be8d175f9
XZD255rbp,53907aaa20f770854f5da24d
SXO737hgu,555036b97cea80f95414cf7b
HTI814juk,53a7318e20f7420be8d4ce95
SXL484smt,539e7a538314ff4cf4bd2168
XNW031mbh,5390ac8320f70186a0eb7583
YSR837wep,53a72fcc20f7420be8cc47ec
TAL390nvs,569a1db1b0b7fae0fc504d34
MGH022ikv,5736ae3ad39c4f40a797600a
QOM846ipo,555036c07cea80f954151693
VOD152yyq,539078ef20f770854f5a84a4
ZNG352taj,53a7269720f7420be8b7bd01
ZXP878lib,555036c87cea80f954155dc0
CXH075irp,53a0033c831432abcb746606
EUL214kkb,555036e07cea80f954163349
QCD183gwq,53a7324320f7420be8d890f8
MMJ753ruz,555036b37cea80f954149ff1
TAY149odo,555036e37cea80f954164afa
OKT748nmf,54824cc8582fc50b5e00de7f
HQD523kbs,53a7307320f7420be8cf1f9f
NRJ441peo,53e1822820f7dfbc07e8be67
THE982eff,53e180a920f7dfbc07e8b47a
YLY555any,555036db7cea80f9541603e9
KWN262ajq,53a7305a20f7420be8cec1bb
FHZ958itz,53e1860520f7dfbc07e8d8a3
WKV650fom,53907a6420f770854f5d2212
NCM642peq,5af19a85530c709c950d8b67
VSS713vop,555036c77cea80f954155206
DEW102ypu,53a7317520f7420be8d441c4
XEV016fsw,5736ae3ad39c4f40a797601c
GRZ325ykn,53a725ac20f7420be8b556b2
PHB431fwt,53a7320020f7420be8d70dc5
JRF127yyh,539078f620f770854f5ab179
ZUY786cfe,539078f320f770854f5a8929
SCF762lxy,53a72fb020f7420be8cbc6d3
YKC832yxn,555036f17cea80f954167a87
KVF928olj,53a731f620f7420be8d6ea83
UDN825ofc,53a7269720f7420be8b7bd02
AJF498jvz,53a7324e20f7420be8d8cba4
VCF901mtd,539ffba2831432abcb5eeb7f
FHV911eae,53a72aca20f7420be8c0d8fb
NQP634nck,5736ad96d39c4f40a796c5f9
QNI692mnz,53e187ee20f7dfbc07e8e504
PED460qbb,555036f27cea80f954168676
BPG373nly,53e1834a20f7dfbc07e8c61e
YVN301oyy,555036f87cea80f95416b605
NJA136xzw,53a7313020f7420be8d2b2cd
XQE869see,555036e07cea80f95416334d
VAT727naf,53a731ff20f7420be8d70dc4
TZM833mjg,555036f77cea80f95416b5e8
WCY760dsa,53e1825d20f7dfbc07e8bfc5
UCM323mmg,53a7270b20f7420be8b89e13
MVR333due,53a72a3920f7420be8bf75ea
HZU809nez,555036da7cea80f9541603ca
SIX835lxw,53a731a720f7420be8d5671b
JFL775mpw,53a7293f20f7420be8bcdfeb
DMT411ukg,53a7294820f7420be8bcebdc
PFJ503bkd,53a72b6a20f7420be8c25373
JXH297wmu,539078ef20f770854f5a842d
UFF576qvy,539e7cc58314ff4cf4c5d492
DVC887jnb,539e759d8314ff4cf4aa0d30
HIJ637dic,53a7316520f7420be8d3ef9e
DNU146tyr,53a7266520f7420be8b75295
VDM684mtu,53a727af20f7420be8b97f2d
TTM614kcj,53907b4f20f770854f5e7e87
ISF735zyf,5550372e7cea80f9541792a7
WQN091mjg,555036c57cea80f954154614
BRG432cic,53a7320220f7420be8d7197f
ZSZ674frw,54825a08582fc50b5e13a854
UUS133tdl,53a732c820f7420be8db5cda
RFB656gau,53a727d320f7420be8b9ddbb
ZWG355cva,53a72c5920f7420be8c42ca7
JSN364umo,53907b0d20f770854f5e2731
ZQL856xtj,53909ed520f70186a0e31cc4
EQE327djz,555036df7cea80f954162775
QKH319dgh,53a72c9520f7420be8c48b7e
XLY255gyc,5736ad89d39c4f40a796bab0
XEO949pqu,53e1868120f7dfbc07e8dba5
YOC765cls,555036f17cea80f954167a99
UAD811lkp,53a72c4020f7420be8c3da37
CTW335pol,555036c87cea80f954155dcc
LTS331bbz,53e1808f20f7dfbc07e8b3ef
HMB414yxx,53a7295920f7420be8bd1b19
MGP644oeb,555036da7cea80f9541603cb
MZL120mwk,53907e7620f770854f611920
SOG341scu,53a72c0020f7420be8c36f7b
KNV889bly,53a72f7420f7420be8caa179
FME993nru,5736ad7ed39c4f40a796b317
IER343dgv,53a7316520f7420be8d3ef9e
WTL821own,53909ed520f70186a0e31cc4
PBI164gxn,555036f67cea80f95416a9f3
EXW708vck,555036e27cea80f954163f18
PKX339kvh,53a7283d20f7420be8baca8f
XIU803cww,53a72f9220f7420be8cb2e4b
JZK789lzj,53a727fe20f7420be8ba4825
REP007xye,555036b57cea80f95414abeb
KVX646bwt,555036f97cea80f95416c1e9
SSS881pfa,555036db7cea80f9541603d4
WHM737ocy,53a725fe20f7420be8b61fbf
YLT299aso,53a7293020f7420be8bca4fd
BJC377gqj,53a7262220f7420be8b695b2
MRA936yuc,53a7316020f7420be8d3cc71
OKB366fik,555036b97cea80f95414cf7e
DWW504lna,555036b77cea80f95414b7c9
ICG887yvd,539078f320f770854f5a88ec
NSG237btl,5736aef1d39c4f40a7980579
YIG476eji,555036e07cea80f95416334f
EFQ808vqm,555036cb7cea80f954157572
BHU293erz,55f8cbf4c35f4f6dfd415b9b
TXT860lsw,53a72b8620f7420be8c282f2
QSK784uml,53a7255b20f7420be8b4c919
VTF043noo,53a72bfd20f7420be8c363b5
ROB879bit,53a725bd20f7420be8b57a29
SIA097ums,53a726f420f7420be8b87a7c
WTT365tcm,555036dd7cea80f954161b93
UNL756scp,53a7308020f7420be8cf5a4d
XNW219hqh,539e7ba38314ff4cf4c16779
CIZ886kif,555037b77cea80f9541970b6
MHH617efp,53907e3020f770854f610f8a
BAV574akb,555036e27cea80f954163f17
LPP761fbe,539078ee20f770854f5a83f7
DCI933yte,53a72cd820f7420be8c50dc0
BJD488qrp,555036e77cea80f9541662c7
YLQ974cfv,53a7278520f7420be8b9206a
LON555kqb,539e72148314ff4cf4994374
OTY622uwm,5736ad0ad39c4f40a79640a1
JCK437jch,53e187e120f7dfbc07e8e4b8
LWE407yeb,539078f020f770854f5a8622
JMY431sue,53a732b420f7420be8daf334
RLO368qqa,53a72b2d20f7420be8c1c5a8
AAP985hut,53a72acc20f7420be8c0d906
AVA117zmc,53a00345831432abcb74930f
ZZZ790gdu,53a728ec20f7420be8bbdc4d
OVU111laf,53a72a8a20f7420be8c04ac3
CTR328quh,539fef88831432abcb3b7535
ZVX327boy,5390887120f70186a0d8ebb4
VSU795xqn,555036f47cea80f954169256
XDU053kyi,53a72e8020f7420be8c8f8fc
ZAC094xsg,539e78288314ff4cf4b6430e
KZC399qyl,53a730cb20f7420be8d0ae9d
JUK435lzm,53a72e5020f7420be8c87743
XME917tbg,555036cb7cea80f954157569
QWO776apt,54825d88582fc50b5e1b03ee
GRG969sqh,53a72aed20f7420be8c12027
AIS555gqo,539078f520f770854f5ab130
PEM889qti,555036c17cea80f9541516a4
QKR246ayx,54824fa4582fc50b5e02e699
GYM899csa,5ab100cd5cd006365435d238
YPG517ogk,53a72acc20f7420be8c0d90e
XIA127lgs,539078ef20f770854f5a849b
WCV985wli,53908b3420f70186a0dba6ac
OTE938jvc,53a730ad20f7420be8d021d2
DZR883iob,555037ca7cea80f954199926
ZLD506cma,555036b87cea80f95414c3c0
EDJ820ugx,53a729ec20f7420be8beacca
TRI986owk,53a72cb320f7420be8c4d250
IUA257ttl,555037987cea80f954191711
YQM863mnp,53a7264620f7420be8b6f44f
IEB918oaa,539078f220f770854f5a87ec
KCG944fxz,555036d27cea80f95415a4eb
EFH187aaw,553bf54b0cf2b2c73cb048fd
ZKK114qmp,53a7326920f7420be8d94cc9
YBG809wqg,53a7304f20f7420be8ce8718
BSR676hun,53a72f3220f7420be8c9cd5a
ORI583jqd,539078f320f770854f5a88dd
KMQ942zxn,5390797720f770854f5bba15
ZLN634lkp,53a7280620f7420be8ba5fc3
JXZ288wwk,53a72dbe20f7420be8c72ca3
UTL960nux,53a72eca20f7420be8c9b5a3
OXG898qpv,539078ef20f770854f5a84c2
FJR107hce,53a72a0820f7420be8bedc69
PQT800vhu,53a728bc20f7420be8bb71d1
EHA950mgs,53a72a5c20f7420be8bfe023
VUT514lxv,53a72f3720f7420be8c9cd87
ONN872mcy,5390790520f770854f5ae060
WAJ075cie,555036bb7cea80f95414db63
UFQ415ojd,53a72b4a20f7420be8c200e3
TSL994lle,555036ba7cea80f95414db53
DSA535hfm,53a7261320f7420be8b6667c
MLU437gsy,555036e77cea80f9541662c4
OLL500rja,53a72ac520f7420be8c0cd21
PVT756cpz,555036cf7cea80f954158d33
YUF378jyt,53a72e9c20f7420be8c94b6e
BVZ774ywd,5390794620f770854f5b63d6
TTK292hos,53e1886d20f7dfbc07e8e83f
ZTT701mge,53a72f6320f7420be8ca2c23
FPP374xpj,55f8deb7c35f4f6dfd415ff0
ZMA700ciu,5390795220f770854f5b65b4
UCX941yex,53a7260c20f7420be8b65aa5
HFK265mff,5390791520f770854f5b0cd4
UNY814btr,555036c47cea80f954153a49
AJA604elb,555036bf7cea80f954150ac8
FZC243rak,55f8c6f1c35f4f6dfd4159fc
FLC368ukc,539078f620f770854f5ab21a
FHK136zws,53a72f4520f7420be8c9d99b
LEW116jpu,53a7290320f7420be8bc176b
CYT079cka,53a731a720f7420be8d5671a
BLD560ymw,53a727ac20f7420be8b97f18
WLO420lkt,53a728a120f7420be8bb4253
JOX543aau,5390790d20f770854f5b0a15
VXR170sqh,53a7327220f7420be8d97bbb
KOM839mty,53e1822d20f7dfbc07e8be8b
AEW829mqx,53a72f7320f7420be8ca95bb
KZX630lke,555036bd7cea80f95414f313
KES266mpp,555037ab7cea80f95419563a
RVP583irl,53a7290f20f7420be8bc2f1e
LUR878hdj,53a72f4120f7420be8c9d97f
UGV769tjd,5390995a20f70186a0e140f7
ZGJ436hhn,555037827cea80f95418b41d
VEE111ruz,53a7325f20f7420be8d92988
VNU535zdw,539e775f8314ff4cf4b33592
XGN611wca,53a730a620f7420be8d00a52
ANN423yqi,5736b00dd39c4f40a798df58
TER161inq,55f95706c35f4fb0d21cda38
AZS966lmg,5550371d7cea80f954174685
PHZ559xnv,555036f37cea80f954168678
XTZ775zne,555036c17cea80f9541516a9
JFI239wrq,539ff4dd831432abcb4af0fc
ZRY398bsd,53a72f3420f7420be8c9cd6a
AUW817oba,53a7252120f7420be8b46a93
OCI126qwj,555036d17cea80f954159914
WJV262gzq,555036b97cea80f95414cf92
YCV426cqs,53a72f3420f7420be8c9cd69
HWJ611zer,53a7285420f7420be8baee47
KTD980oac,5736b296d39c4f40a799f254
INQ303prs,53e1867420f7dfbc07e8db57
OHC928yvv,53e189cc20f7dfbc07e8f11d
ESU479vds,5390796c20f770854f5b91a3
JSC217uil,53a72f3a20f7420be8c9cd9b
AKX025wbn,54824fb3582fc50b5e02e6de
QIX612jbi,5736b00dd39c4f40a798df75
PTM665eah,555037cc7cea80f95419a51f
KBJ124zeu,555037a27cea80f954193c93
EQM917jjl,539e78278314ff4cf4b6430c
NRK231jeo,53a7329a20f7420be8da4ef6
XIB180vjr,53a727fd20f7420be8ba4820
AQO267enn,54825265582fc50b5e05b01e
HVD899zpg,53a7299820f7420be8bdc092
FNZ861rvn,555036f07cea80f954167a85
MXV344cuj,53a7280520f7420be8ba5fb8
PLD945jho,53a72d8920f7420be8c693a2
BKQ883zrh,53e17f5e20f7dfbc07e8ac78
SPL932bym,54825e28582fc50b5e1bf04a
YHC092rxx,53a725f120f7420be8b5e4e8
UBA534rkd,53907dad20f770854f60d3c0
FDU430qzw,53a7321620f7420be8d78ece
TTU517yzt,555037287cea80f954177914
CPS512wrz,5390796720f770854f5b90b7
FXO479hgc,5390797520f770854f5bb9c2
UJX860pnx,555037047cea80f95416df88
AVA834rxz,53a727c320f7420be8b9ba2f
JGJ250fri,555037c57cea80f9541980b5
DIH767iwe,53a72fc720f7420be8cc3074
IXN151psg,53a72a9620f7420be8c06e2d
PIW470tyq,53a731f720f7420be8d6ea87
KCO646mjg,539e79a78314ff4cf4bafe53
JZX692lwd,53a72a3c20f7420be8bf75f5
MYN739jqh,5550378a7cea80f95418d8bf
ZGJ395tug,53a7261020f7420be8b66671
DGJ919jff,53907daa20f770854f60d337
JIR611qcy,53a731f220f7420be8d6d30a
ZPC175xqp,53a732ba20f7420be8db0ab7
QYV560uyy,555036cc7cea80f95415814a
WKV861ucg,53a72ca420f7420be8c4aef0
FOE092nnf,539079db20f770854f5c6cd1
TWM248iov,53a726f420f7420be8b87a79
RUU853sim,53e1839520f7dfbc07e8c7fc
HJY983kdc,53908cfb20f70186a0dcfdcd
XVE975srj,5390ba3e20f70186a0f375d0
UML972hlq,54825226582fc50b5e05610e
UFH698bbo,555036b37cea80f954149ffa
LNJ164pgi,5482641a582fc50b5e2a0615
FPZ734kfc,53a72bac20f7420be8c2d5a9
PDG424ygj,53a731cd20f7420be8d62e99
AFK611ucx,53a7313020f7420be8d2b2cc
WTV517yqv,53a72a1f20f7420be8bf4658
OIV203mgm,53a72d1f20f7420be8c5a757
VBY460qtw,53a7283420f7420be8babe97
EDG527woy,53a728b120f7420be8bb5a2b
QBH386aqg,56991f39b0b7fae0fc504ac7
LHF504jyz,53a728ef20f7420be8bbe814
RMU890tpq,555037777cea80f954188e3f
ZNG559tce,53a7284420f7420be8bae221
MTE330pma,53a729e720f7420be8bea0ed
GFC192xau,54825d85582fc50b5e1adcda
NTH701qvg,555036e27cea80f954163f1a
ZNN576rax,555037937cea80f95418fe2d
MLV740sqa,53a72ea720f7420be8c9630e
MQI579utm,555036c37cea80f954152e61
DSN014esf,55f95a53c35f4fb0d21ce847
UDV272gpw,5736ae40d39c4f40a79762f8
BDH762kgf,53a72acc20f7420be8c0d908
QRP627rpa,5482517d582fc50b5e0426de
OAI724wwi,53907a2620f770854f5cef7b
ZKB398kgi,53e18cb620f7dfbc07e90338
AYK431hkd,53a72dd420f7420be8c75034
PBF469jqe,53a7307020f7420be8cf13e2
IRB176egp,53a72ab520f7420be8c0b54c
YSD117kwt,53907a4b20f770854f5d1d26
YAS061xqw,5736af83d39c4f40a798942b
PXY576lie,555036e07cea80f954163350
VVK535yte,53a72a4920f7420be8bfa51b
GUI010qrh,53a7285220f7420be8baee38
IWR716wsp,53a730f220f7420be8d16a3a
PFB463pol,53a727a620f7420be8b96781
PHS847txw,53a7293020f7420be8bca4fd
UJO368fas,53907a2b20f770854f5cf01c
BZN587hxb,539ff240831432abcb43cb6f
GMT105yad,539e773a8314ff4cf4b2c05a
RJG097iva,53a72b7b20f7420be8c26b45
DZJ244vov,555037837cea80f95418b43e
ZBL900nyp,555036b77cea80f95414b7dc
FOT810epi,53a724ff20f7420be8b423cb
MCM488hqd,555036bc7cea80f95414e748
ZXO104qex,555036f27cea80f954168661
VTF120kqr,53a730db20f7420be8d10c65
TOC602iyo,53a7284b20f7420be8baedfc
HDA141vuu,53a72d1920f7420be8c59b84
BNN279fnc,53a72ded20f7420be8c78b2f
DFB229heg,555037bc7cea80f954197db4
WYU839asv,53a7315b20f7420be8d3b4f2
LPN598buv,5550376a7cea80f954186771
GHR240unu,53a7327720f7420be8d99eec
NPP050ugc,555036d97cea80f95415f7f9
CJV746ckd,53a728bc20f7420be8bb71d3
PER394hur,539089f820f70186a0d9c85a
TRK740wjj,53a72f9320f7420be8cb3a04
FJS183qkk,53a7262a20f7420be8b6ad53
SLV215iul,53a72f3d20f7420be8c9d95e
TWP461tlj,53908ed120f70186a0dd7c67
PDW110nil,53a7326920f7420be8d94cca
ZBP581fjr,53a7291520f7420be8bc2f4f
QLW404sgv,53e17f7120f7dfbc07e8acea
IXK768vgs,555037287cea80f95417791c
PQS699hes,53a72d3520f7420be8c5e252
PBR157ftg,53a72a1c20f7420be8bf3a8a
PRN393aes,53908a1620f70186a0d9cc73
GEP973enj,555037a17cea80f954193c6e
HMM893dzo,539089e720f70186a0d9c5c3
OQO956gui,54825a20582fc50b5e13cfac
FLZ262gbb,53a7314220f7420be8d310bf
APS962vxv,53a727e020f7420be8ba0122
CTT515moj,5390884020f70186a0d8e66c
WRJ237qlg,555036e47cea80f954164b0c
SXJ320ixl,555036ce7cea80f954158d1b
FTJ878xhf,555036c97cea80f954156992
FGG898tea,53a724af20f7420be8b37385
OBF289ovs,53a7275d20f7420be8b8cd68
TSD501dpb,53a72a1720f7420be8bf2eb7
JAW306mya,548253b7582fc50b5e07d6fd
DUO730wvg,53a72b0620f7420be8c15b57
DVZ219acw,539078f220f770854f5a87f7
LAF120duu,53907a7a20f770854f5d4b90
LQY094oxe,555036e17cea80f954163359
VDE086vtr,555036b97cea80f95414cf81
LQK692fwz,53a728e520f7420be8bbc4bb
KSF537eby,5482604c582fc50b5e2061e5
UMQ109oxv,53a72b6020f7420be8c24789
XTU105uyg,53e186d020f7dfbc07e8ddb0
IFQ611oup,555036c07cea80f954151692
DZE183kaa,53e183fa20f7dfbc07e8caaa
QCY612txy,53a723e520f74fc8a8f33157
TOC729cld,53907abf20f770854f5dcbe1
NXA253wnn,53a72ab020f7420be8c0a970
RRD566vcj,53a729c720f7420be8be2b27
ANV815joh,53a72cc420f7420be8c4ea1f
DZH849jqw,555036e67cea80f9541656f9
JJJ841xap,53907e8820f770854f611b48
HWA215rvd,5550371b7cea80f954173a54
CRO277kbt,555036c87cea80f954155dc5
SXY756ged,53e182d320f7dfbc07e8c2dc
UOX232lss,53a7263720f7420be8b6c51a
OPH434rqe,53a7307020f7420be8cf13e1
BPX616zjq,539ff8a6831432abcb56c958
KAM702xkd,53e1818720f7dfbc07e8ba26
LGG965wly,53a7282420f7420be8baa6c2
YIX510yrb,53907af020f770854f5dfc43
IGI863meh,555037607cea80f954183657
KEV715pou,53a72d0520f7420be8c56c50
HVU061cyu,539ff666831432abcb4f55bc
ZQC633hml,53a72b5920f7420be8c23003
NOG373hja,555036cd7cea80f95415815d
YRQ653yyz,53a7252d20f7420be8b4766b
RCW412mwh,53a7295720f7420be8bd0f55
XIP245lrf,53a72ba120f7420be8c2be0e
SBZ822jtb,53907b0220f770854f5e2538
GSX923owc,5550379f7cea80f954193022
TAJ345dlp,53907af620f770854f5dfd01
RIP158iik,53909e7b20f70186a0e2a2e8
JOS660ypk,53a7253820f7420be8b4823b
UQK592mmz,5390797220f770854f5bb951
LPR250uzy,5736ac7ed39c4f40a795a10c
RHF071qnq,555036f97cea80f95416c1f6
LVF453pnn,53907d0c20f770854f608eb7
QMH394rph,5390794120f770854f5b62b6
LTR909spl,5482622e582fc50b5e24abd6
USZ530zlf,53a72bec20f7420be8c34038
ENV909vfs,5390885420f70186a0d8e898
FQQ264qjm,54824cc5582fc50b5e00de74
GHL757qla,53a72a1a20f7420be8bf2ec8
CYC428rxm,53907ba420f770854f5efef3
OJG348ddo,555036c67cea80f954154632
UEQ452ban,53a72dee20f7420be8c78b34
LRR872rbu,53e17f6f20f7dfbc07e8acda
AWP624qoy,555037947cea80f954190a5d
NTD632voa,555036da7cea80f9541603ce
UGY212rst,53a726d020f7420be8b84aba
OEJ400jan,555037587cea80f954183540
RQI580pjr,53a7315020f7420be8d385f9
KLG881eby,5736acded39c4f40a7961095
HUQ545bxi,555036f47cea80f954169258
KQD592ddr,555037467cea80f95417df2e
ORI286alg,53e1891a20f7dfbc07e8ec88
ETZ816csn,53a7260d20f7420be8b65aa7
VUJ980oku,555037a07cea80f954193051
QJS444bdj,548263b1582fc50b5e28f3dc
OGL492fay,539078f520f770854f5ab12f
LAQ231soj,53a72b2220f7420be8c1adfd
RED573erg,53a72ecc20f7420be8c9b5b0
TEI558pkl,53a72a7e20f7420be8c0330d
MBZ682gak,555037207cea80f954175384
ZGY601oab,555036be7cea80f95414ff00
TKL862sbv,53a72d6120f7420be8c6352f
KJT741ogj,53e17f7620f7dfbc07e8ad0b
XPA163uio,53a726bb20f7420be8b7f846
GRN927hqu,555036c07cea80f95415169b
UBH897ewi,53a7325620f7420be8d8fa98
POZ176mvp,53a726ec20f7420be8b862ed
KNM313ojh,5550372b7cea80f95417861a
ETK522odq,53a7285620f7420be8baee5d
CDD345fiw,555036b67cea80f95414b7b8
FTT318ogd,53a72d1820f7420be8c59b80
VQE217zny,555037627cea80f954184e33
FIZ271lra,555036dc7cea80f954160fb8
SYG889bbx,53a7309520f7420be8cfc3e7
GCR405gxr,555037207cea80f9541747a2
MBT274ubs,53a7271520f7420be8b8b5ba
ILG819gcz,53a7266220f7420be8b746da
USP803sne,53a7313f20f7420be8d30501
MMV182ntz,55f8c62cc35f4f6dfd4159af
GQU784uns,53a72d4220f7420be8c5fa02
MPR834opc,53a72e9920f7420be8c93fac
KQF784dvl,53a727a920f7420be8b9734b
GHI074pas,55f8e082c35f4f6dfd416033
ZSA663lvq,555036e57cea80f9541656e0
DIM828msl,5390986b20f70186a0e095d1
IBP669bsm,53a72c3720f7420be8c3ce4f
WGQ244ztm,555036f97cea80f95416c1ec
RMD043pxu,555036f27cea80f954168658
IOB215mol,53a72e3b20f7420be8c85f5b
NGL377csy,53a72e4e20f7420be8c87735
IER287xhr,53a7328e20f7420be8da1ffd
XZX341orp,555036e47cea80f954164b07
KBQ257dvs,53a72b9320f7420be8c29aaa
BLA791vrm,539078f220f770854f5a882f
LQY518szr,539e76a48314ff4cf4b02813
IPF368ney,539e78278314ff4cf4b6430b
GJI240izt,5395455c8314d630bc7dce23
OSU075cxu,53a7262220f7420be8b695b1
THC627bti,54825db9582fc50b5e1b2bba
FPJ149tzo,53e1851620f7dfbc07e8d229
JFW166bgi,555036f07cea80f954166ec2
XON121jhe,555036f27cea80f95416866f
QTX198wju,53a7283920f7420be8baca71
VVE849pbu,555036bc7cea80f95414e747
FZW259wvb,555036be7cea80f95414fef8
EOU349vrl,53e1857920f7dfbc07e8d4ff
GAL076hvm,53a72e3320f7420be8c85382
TPL142fju,53a72dad20f7420be8c6e63a
YGD380bjd,555036be7cea80f95414f331
DYK282ouz,53a72d7620f7420be8c6646b
SMZ343tmj,53a72aa020f7420be8c085df
YWG277bji,53a7262a20f7420be8b6ad54
JMY571gzc,53a72a0820f7420be8bedc68
FQM152dmt,555036ef7cea80f954166e9b
RUL550qea,5577e955f6678b157b98bf14
RVJ718peb,555036e57cea80f9541656e9
GDM198rvs,53e188d220f7dfbc07e8eacd
ZJN444wdk,53a7298b20f7420be8bda8da
ZVW267wha,5550372a7cea80f954177a10
YQY300gmk,555037887cea80f95418d835
BOP720rbt,539ffa35831432abcb5b0bb7
STB923eil,555037277cea80f954176d58
WAX714gnf,53e18c2b20f7dfbc07e90000
ZMM535zbg,555036dd7cea80f954161b91
WPV756rhs,555036ef7cea80f954166ea8
UTP558ebk,555037577cea80f954182978
KMS453bvu,53a732ad20f7420be8dad000
MEA057uca,555036b77cea80f95414b7ca
IPU970hwo,53e1892620f7dfbc07e8ecd6
KEL053iwf,5390893d20f70186a0d9224a
MOE336twj,53a725f820f7420be8b613da
AMV015fyq,53a72d0420f7420be8c56c49
MAS487wbh,53a72ded20f7420be8c78b2e
IUQ834paq,555036df7cea80f954162776
MEJ798gsw,53a72f4820f7420be8c9d9b2
QVW721hty,53a72ad220f7420be8c0d93a
JRG977jmx,53a72e7620f7420be8c8ed07
KUI401vwk,555036f07cea80f954166ec3
NSW494biz,53a7289d20f7420be8bb3683
IAH461luz,539ff23e831432abcb43c916
OQL189jsx,53a72a9d20f7420be8c07a1a
ZMG382xbw,555036c47cea80f954153a30
HAW397prj,555036f37cea80f954169244
MOI532iof,53907c2e20f770854f601bc2
OYE936xvm,555036c47cea80f954153a37
JYU270qnb,53a72d9b20f7420be8c6c2be
CCK791pea,53a727d520f7420be8b9ddc9
IWD008eho,555036d27cea80f95415a4ea
SDV011qly,53e17f6020f7dfbc07e8ac81
LIX747fmh,5736ae03d39c4f40a797374a
AOB950fdb,53a727e020f7420be8ba0120
DSZ270ecc,53a724a620f7420be8b36796
JGF289myd,539078f120f770854f5a87b6
HAZ832gur,53a72c8e20f7420be8c47fa4
HKC240zdb,53a72d2120f7420be8c5a765
XGJ319imp,555037607cea80f954183648
UMH186twk,555036d37cea80f95415b0b8
UCG286pdo,555036b97cea80f95414cf83
PZN319sqq,53907bed20f770854f5fa1c9
NVB729cmp,53a732bc20f7420be8db1674
OIK978tmo,555037387cea80f95417ad5a
ZIG842ijd,53a72def20f7420be8c78b3d
GSH867lsu,5550377c7cea80f954189b30
ZKK881cwy,555036d97cea80f95415f7fa
WVX626ggk,53a72dad20f7420be8c6e63a
EAD713akj,555037bc7cea80f954197dae
NRC281rkd,53a726c920f7420be8b84a82
IPQ742cez,555037257cea80f9541760d3
FWB283hth,555036de7cea80f954161ba1
JTJ913nyf,53a729f520f7420be8beb8bf
POO625yjz,53a72d4220f7420be8c5fa02
QTO081ycv,53e184b420f7dfbc07e8cf90
OUM584asu,5550376d7cea80f9541873d5
AHA806dbw,555036ba7cea80f95414db57
RPB547jfl,53a730fc20f7420be8d18d70
KUZ924xju,555036d27cea80f95415a4d9
ZQZ263dqu,555036fa7cea80f95416ce2c
THY874nbr,555036cf7cea80f954158d39
DND251cfo,53907f2b20f770854f6158f0
NGQ724kyn,53a7318e20f7420be8d4ce93
QVF383xth,53e188a820f7dfbc07e8e9cd
KJX630kax,53a7317720f7420be8d44d80
RUN961fhe,53a7279120f7420be8b9381d
CQO829ial,555037707cea80f95418809c
RLC718dwb,53a72e3120f7420be8c847c3
TBH169umq,53a726b920f7420be8b7f83b
BGM369jvi,53a72ff720f7420be8cd03a8
QHJ603fjx,5550374a7cea80f95417ebd5
SUR013jkr,5736b064d39c4f40a799195a
OTU381vcd,539ffa8b831432abcb5c0cba
RSW765lqj,555036f97cea80f95416c1ea
BQG968ttz,53a732aa20f7420be8dac441
GOT090out,555037407cea80f95417c679
LVE022jgc,5550372c7cea80f954178633
OVX979aii,53a72f9b20f7420be8cb68ef
RFU470tyi,555036b77cea80f95414b7e5
WBN893naa,53a7263a20f7420be8b6d0e5
MEJ496lmt,53a7256120f7420be8b4d4eb
FTW472idy,53a7295220f7420be8bd037a
JOX552sqs,555036c47cea80f954153a2f
SSH512swi,53a72b3420f7420be8c1d18d
XCS123msn,53e187ff20f7dfbc07e8e579
PLZ439otp,555036ef7cea80f954166ea1
BTS042lup,53a7319920f7420be8d52c5e
WCE050mml,53a7289720f7420be8bb2ab0
VYD772pzg,5390790620f770854f5ae0b8
OBY590gwn,555037d67cea80f95419bec3
IGQ069ojw,555036b77cea80f95414b7d2
NOH198nwy,555036bf7cea80f954150ac0
URK617doy,555036e77cea80f9541662c6
MFJ595gsi,5550378f7cea80f95418f1c0
HKH287nim,555036bd7cea80f95414f329
NEC605xnq,539547aa8314d630bc7f8956
VLP446uoe,53a72e3120f7420be8c847c5
HTG776jjz,53a72ae620f7420be8c10892
XOT870fsn,54825d82582fc50b5e1adcd4
VHC017xim,555037607cea80f954183622
TJI748fot,555036c67cea80f954154627
VZN926rmo,53a72aec20f7420be8c1201c
OEN639cvn,53a7313920f7420be8d2e1c4
BIZ970gis,53a727ba20f7420be8b9a28c
CMM915fjj,53a72d3120f7420be8c5d68f
MDY574ldw,53e1894a20f7dfbc07e8edcb
TBG807qea,53a7281720f7420be8ba8355
CGL953izx,53908b4820f70186a0dba79d
EPZ452xhw,555036f27cea80f954168667
CFE033six,53908b4620f70186a0dba77a
RMC276xyg,53a7300320f7420be8cd3e55
IGS808oos,53a724e120f7420be8b3d1a6
FCI812hty,53a72ab320f7420be8c0a98a
HNS356iox,53a732a120f7420be8da8999
ULB990jmm,53a72a3f20f7420be8bf81bf
JCY596kxk,53a7286420f7420be8baeecf
AII452sqv,555036cc7cea80f954158140
EAB120xhj,53a7319b20f7420be8d52c66
YTY126jgd,53a724fc20f7420be8b423bd
SDJ096fns,555037807cea80f95418a7fb
QBD922jdc,53a72f4220f7420be8c9d985
QBH301eys,555037a97cea80f9541955c0
IIX422dkc,53a72b2c20f7420be8c1c59f
HNY200kel,53a72f4720f7420be8c9d9af
TCW028ruk,53a72fb220f7420be8cbd28d
EBK106qng,55f8d50fc35f4f6dfd415dde
KNZ907usq,555036ca7cea80f954157560
WHB882kql,53a7290020f7420be8bc0ba4
QYU695laz,53a724fe20f7420be8b423c7
FYK350xdv,53a72eb620f7420be8c98670
MTC580zuu,53a7294620f7420be8bcebd2
OBU855ocu,5390957c20f70186a0dede29
FON898sdq,5390960720f70186a0df3582
VWU649veu,53907a6220f770854f5d21e4
XYL636xzd,555037447cea80f95417dec9
MHK338xrw,53908b7320f70186a0dbf6ad
EOT608kkd,53908b4220f70186a0dba751
ROV878hsh,5550374f7cea80f95417f8e1
QYF734nax,53a727a920f7420be8b9734a
VGW482pdd,53a729e420f7420be8be9520
DER114qlf,555037a27cea80f954193ca9
DDQ197upa,57d08ab90a3ac5db499223b1
QGN217ksq,53a727db20f7420be8b9e99a
SHH614btv,53a728a720f7420be8bb427c
VNB065gxz,53a728b920f7420be8bb6609
TFR723aid,555037297cea80f9541779b3
ZPJ782urh,53a726ca20f7420be8b84a8c
DMY261rxp,53a72dc620f7420be8c7387a
EES405yng,53a7312020f7420be8d24940
YQR321bnu,53e1802920f7dfbc07e8b161
SLM730iwx,555037ab7cea80f95419563c
XKK484lgi,53a72dad20f7420be8c6e63a
YCZ734urz,53a72acc20f7420be8c0d90d
NPG766yfi,5390955520f70186a0deb4b7
EQA962kds,53a72aff20f7420be8c14f79
EIC121hsk,53a72b2c20f7420be8c1c5a4
NCX996uzl,572dd9f7d39c4f499348ba05
XMZ305glo,555036db7cea80f9541603dd
XKU403pff,555036f87cea80f95416c1c0
UIQ417ayi,53a726f620f7420be8b87a8e
FSK077xuk,53a72d1220f7420be8c58fa9
LIR577apk,548259f6582fc50b5e138119
IUM757obg,53a7263520f7420be8b6c507
LCN489wew,53a726d320f7420be8b84ad2
ASV646ifq,555037b17cea80f954196395
KYK994nja,53a72b0920f7420be8c16721
UYZ240wom,555037bb7cea80f954197d71
SFT718aoo,53e17fb020f7dfbc07e8ae6a
DTQ303wvp,57d08b550a3ac5db4992602b
SZL098jof,539e795b8314ff4cf4b9ecc7
FAT921ssi,5736ac91d39c4f40a795b5f7
SSR114rab,555036f97cea80f95416c1fd
NPH929omq,555037d37cea80f95419be0e
PFX302dwv,53a728ae20f7420be8bb5a16
QCX909rvf,555037247cea80f9541760a0
ITT735pcc,555037427cea80f95417d2dd
JOQ622wjm,555037287cea80f95417793e
ITG171ftf,5390894a20f70186a0d94962
WNL665pjg,53a729c020f7420be8be07dd
IWX962wic,555037097cea80f95416f8c3
ZKW375ouk,53a7300320f7420be8cd3e55
MAE051jot,5550372e7cea80f9541792cb
UKB981wzr,53a72bd520f7420be8c32832
MIR081aum,555037907cea80f95418f1d6
EML549oey,53a7313920f7420be8d2e1c3
SZS641oqp,555036f27cea80f95416865d
AZS868fvw,53a7299820f7420be8bdc08e
AIM250tdr,53a7315320f7420be8d391b7
PXM609pmv,54825219582fc50b5e0560db
WRN678nmx,53a72ad920f7420be8c0e521
VCO123usb,53a7271520f7420be8b8b5bb
LXE047syk,53a002f5831432abcb742cff
VPU581cwt,53a72c1f20f7420be8c39eff
KRN538gek,53907b7720f770854f5eabd8
RTW897hbz,53e1855720f7dfbc07e8d403
LPF208uwc,5390966520f70186a0df62d2
YRM827tko,5390891020f70186a0d92217
SGQ157fpn,555036bc7cea80f95414e74c
GQL867nml,555037cd7cea80f95419a56b
KUQ709ldg,53a72d1d20f7420be8c5a753
AIN196zmu,53e1811020f7dfbc07e8b6fe
UWG006gll,555037167cea80f954172c3d
GFI780uyq,53a72e2020f7420be8c80142
TFC332qmz,555036d97cea80f95415f7e7
CMX854ncg,539078f220f770854f5a8863
ATY512deo,53a7287f20f7420be8bafb47
YUD792sqw,555036b57cea80f95414abee
EWC975ndg,555037a97cea80f9541955aa
RBH787mpd,53a72f4320f7420be8c9d98e
KDZ300nbw,555037717cea80f9541880b1
FJW924zya,53a72ca020f7420be8c4a32c
DUT443bta,5736ae3ad39c4f40a7976014
VJP942hky,53a72fea20f7420be8ccc8fa
DYD215tzj,53e17f7f20f7dfbc07e8ad44
WPJ433skk,5736b087d39c4f40a79929e3
QKD432qrt,555036b57cea80f95414abdd
XSU562pwv,53a7325720f7420be8d8fa9b
VNQ322ynt,53a72d7220f7420be8c66451
DHS918suy,53908b3420f70186a0dba6ab
FYX245hao,555037d17cea80f95419bd87
QIO509bql,53a72d5520f7420be8c61d8b
LRZ121lhj,53a72de320f7420be8c77f48
QJW074qlk,555036c57cea80f954154616
EJK329dcv,53a72ea420f7420be8c95748
UAL439mbr,53a7237120f74fc8a8f32dfc
EGC262rcc,53a7256420f7420be8b4e0aa
KOC491sgj,5736ae3ad39c4f40a797600e
LWO499xdj,53a72f4320f7420be8c9d98c
OSC398gxd,555036c67cea80f954154635
CLL410tgo,555036f87cea80f95416b5ff
XEB229fvo,539ff5d7831432abcb4de1a9
XHW290kbs,555036c37cea80f954152e5a
FIG770bkq,555036f57cea80f954169e2d
JEQ888mep,53a7322320f7420be8d7e0fb
YZT041ver,53a72f5520f7420be8c9f158
WAO594bhf,53a7293720f7420be8bcc846
WBN330vuv,53a72a2720f7420be8bf5248
ESF403bou,555036f97cea80f95416c1d5
LIR856key,53909c0c20f70186a0e2564e
XKT817jqe,53e187cc20f7dfbc07e8e425
SBS827gif,555036f57cea80f954169e24
UFX827uga,53a72fa620f7420be8cb8c2a
RXM009vnn,53a72afc20f7420be8c143ae
EJG322axx,555037b77cea80f9541970d8
PQI944dpt,5390985220f70186a0e06d7d
ZOP062nsz,539e75918314ff4cf4a9bf09
DBQ563jii,555036ca7cea80f9541569a7
AFU130vew,555036b67cea80f95414b7c5
ODF531ytg,53a72b2220f7420be8c1adfa
GUZ530aph,54824a1f582fc50b5dfdee0f
YEG163nnr,53a72f6c20f7420be8ca7287
PUJ708mno,53a000ec831432abcb72b816
FBW842rgb,53909f2a20f70186a0e36f6c
WQR230tru,53a723ce20f74fc8a8f330b9
DZZ516wzz,53a727a920f7420be8b9734c
YBV839bux,53a72f5d20f7420be8ca08ea
PLH479xvy,53a72ece20f7420be8c9c16e
ERX350bkg,53a72c3c20f7420be8c3da1d
NRI947vzf,5550370b7cea80f95416f980
GFG298myr,555036f47cea80f954169255
JMF516qkb,555036f07cea80f954167a82
FFR617vwg,5390794720f770854f5b640c
MDW854kub,555036b37cea80f954149ff3
KBC200tbw,53a7297020f7420be8bd4a7f
QYQ498vuf,53a732cf20f7420be8db745b
BSJ299bxg,555036cb7cea80f954157577
ZPB162pay,580711219ed5dbed60a2f7d8
NFS616ekz,555037d27cea80f95419bdd4
RTR788dab,53a7307120f7420be8cf13e3
MAP740osh,539078f320f770854f5a88dc
OUO903emm,53a72cf620f7420be8c548e2
NDZ077rcd,555036bd7cea80f95414f30f
ZSL763phc,53a72f7320f7420be8ca95be
NIJ583pvh,57d088fa0a3ac5db4991aed4
EVR548qit,53a728d020f7420be8bb9573
EDT133iwp,53a7284a20f7420be8baedf9
TUG077smz,54824c66582fc50b5e008eb0
ENE648pkd,53a72ff820f7420be8cd03ab
IBD479gbk,5390b5ec20f70186a0f0c0fa
HKK748ger,53e1813720f7dfbc07e8b7fc
XIH777xee,55f95789c35f4fb0d21cdee3
NKY830irn,53909a3620f70186a0e2114e
URN536iyl,53a7236f20f74fc8a8f32def
JPH590cxx,5736ae03d39c4f40a7973759
ORK543iuj,57d08a8a0a3ac5db49921076
DXS998daf,555037d57cea80f95419beae
VBJ938uoy,539546228314d630bc7e1fd0
FIS610tvp,539089b420f70186a0d976ad
XSR160vza,555037257cea80f954176cb9
KDR134leb,53a7293520f7420be8bcc835
DVC999pyd,53e1897620f7dfbc07e8eef3
EQI530gzz,539ff861831432abcb563fc1
NHA351cdv,55f961eac35f4fb0d21cf010
VRK754prm,555036f77cea80f95416b5e1
QNE939agi,53a72ebd20f7420be8c99247
LRG202trq,53a729d020f7420be8be42d3
GGG852bzd,55f95824c35f4fb0d21ce22a
OOE621thd,55f8e06cc35f4f6dfd41602e
YQE220uww,53e17f9920f7dfbc07e8adcb
MMN256ppq,555036f97cea80f95416c1e0
SKE336ekk,53a7276e20f7420be8b8e542
MZS426qyd,555036b97cea80f95414c3c2
CFB016skw,53a72ce720f7420be8c52584
JVF750hzn,53a728ab20f7420be8bb4e4b
YIJ859xhr,53a72c5720f7420be8c42c9c
BLS566fzt,555037837cea80f95418b433
EMV936wav,539099c320f70186a0e1bc23
MBM857gzw,555036c67cea80f954154618
TLA065klz,53a7290520f7420be8bc177b
KAE637bmj,55f8c6f8c35f4f6dfd4159ff
DZI084gsx,53a7260820f7420be8b64320
HME141bgt,53a7239420f74fc8a8f32f10
FWK015lbk,555036dc7cea80f954160fae
KYN376klu,53a7307820f7420be8cf3716
YKT338cii,555036b47cea80f95414abcd
XTL385big,555036b37cea80f954149fe9
ULH052eql,539099fc20f70186a0e1e6b9
AUB098byf,5390bb5020f70186a0f3f2a0
XIH728euc,53a7295e20f7420be8bd26ee
ARJ088bol,555037387cea80f95417ad22
WVZ621vcp,555036f97cea80f95416c1e7
XWR702byp,53a7295f20f7420be8bd26f7
WXK135rsn,53a72d3620f7420be8c5e254
FMH546jwb,539feea5831432abcb38cbb6
FNW492eye,555036c27cea80f954152285
MBX448uzs,555037a77cea80f954194993
UAZ090gps,555036f87cea80f95416c1bf
GMF928wld,53a72ec720f7420be8c9a9e3
VBS095ibg,5550377c7cea80f954189b28
ZEY216jlx,53e1815420f7dfbc07e8b8bb
SKO396cuh,539e7b2a8314ff4cf4bfe0c5
MWW399smt,5550377b7cea80f954189b14
BEM461iru,555037407cea80f95417c6ab
YHY832qga,55f95712c35f4fb0d21cdaf3
PMF615rht,53a7256420f7420be8b4e0aa
UEQ759pcf,555036cd7cea80f95415815a
LMQ509suq,53a72a2820f7420be8bf524e
WMQ158qnk,53a7296e20f7420be8bd4a6d
VSW785fgo,53a723aa20f74fc8a8f32fb8
MKW755nvy,53a726a820f7420be8b7d4bc
MZZ743vlk,553c16840cf2b2c73cb09370
VVK451twd,55f95827c35f4fb0d21ce234
SRU601tmd,53e1822d20f7dfbc07e8be8d
MDB754mgv,555036c37cea80f954152e5d
SHX598gyx,555037987cea80f954191709
LQH038njd,53a7308320f7420be8cf660b
JKN522ndg,53909f2c20f70186a0e36f7c
SOG550tbz,555037d17cea80f95419bdad
MYQ192abs,555036d97cea80f95415f809
FQG841qve,53a72f3220f7420be8c9cd5e
GPL938qkp,555037287cea80f954177936
OPB829zwi,53909f2c20f70186a0e36f85
QFQ673sos,53a7294520f7420be8bcebc5
FUG116gku,53e1829720f7dfbc07e8c14e
FRX585njx,53a7296d20f7420be8bd4a6a
BVY715wya,53a72d2420f7420be8c5b326
WFH004jha,53a72ea220f7420be8c9573e
ZGC193zji,5390a3a220f70186a0e6dfe9
BVY359xhx,53907bc220f770854f5f4f92
LBM414eyg,53a72de020f7420be8c77388
ZOU641msj,539ffba5831432abcb5efddc
IAB234cbm,5390a3c220f70186a0e6e19b
EVM838lwp,53a7291820f7420be8bc3b1a
QVU143vtt,53907e7520f770854f6118d5
TOW660ldw,53a7284920f7420be8baedee
DUP757lbo,53a7257a20f7420be8b50425
YVL977ebi,53a72a1c20f7420be8bf3a8d
QJW256srl,53a72f9420f7420be8cb3a07
OJB048dve,555036c07cea80f95415169e
BYU285oim,5550372d7cea80f954178694
LJM709rnn,53a727b720f7420be8b9a274
OSS426www,5550373b7cea80f95417ae02
GQP576qwl,53a72c8920f7420be8c473db
IBC904qio,5550379b7cea80f95419238b
TPV419rdc,53a729c720f7420be8be2b2a
VHU744jke,53a7237520f74fc8a8f32e1d
PCA644whs,5390a48d20f70186a0e73a41
FNF296qas,53a729ae20f7420be8bdeff1
XCR800tmk,55f95c2ec35f4fb0d21ceabc
EKE981jdb,53a72cfa20f7420be8c554b2
WTD718hyr,53a727f720f7420be8ba3092
FRD380sqf,555036c77cea80f954155203
EFN827olg,5390a27f20f70186a0e60dec
JBJ419fcc,55f95acdc35f4fb0d21ce920
NUW668ble,5550374f7cea80f95417f8ee
XVT571nlt,53a731d820f7420be8d65d94
LMC437zrg,53a72cba20f7420be8c4de31
XXQ628ezr,53a730a720f7420be8d00a54
FYJ740jgi,53a72c0f20f7420be8c3872f
IIU986cov,5390972320f70186a0df9729
UUW983zkv,53a7253520f7420be8b4822b
QHK891sbf,555036db7cea80f9541603e3
ACI179rcp,555036da7cea80f95415f80d
RNV171ung,5390a21620f70186a0e5e13d
VWE441nzy,53a726d320f7420be8b84ad4
ABO076xin,555036b57cea80f95414abdc
FCU230eql,5390a0c220f70186a0e50bbe
WGI451zon,53a72be320f7420be8c33fed
WGR226eas,53a72b1420f7420be8c18a89
SLW925isa,53a72b7a20f7420be8c26b3b
BFH513who,53a72d0c20f7420be8c583d4
QAI281trx,555036c27cea80f95415227f
BOD519edn,555037617cea80f95418423f
PJE288vbb,53a72d1b20f7420be8c59b94
SDD666qma,53e1805820f7dfbc07e8b28f
DYG495nwg,53a7311c20f7420be8d231c7
KFM647raf,53a723df20f74fc8a8f33129
DMK574ldp,539ff9fe831432abcb5a9ac2
SYX132tfk,53e1881120f7dfbc07e8e5ed
LRI026dqi,555036ef7cea80f954166ea4
DUA317axq,53a727f720f7420be8ba3094
EDJ114opa,555036b77cea80f95414b7e0
XYO339tzo,53a729c320f7420be8be1f59
PFI853eum,555036e27cea80f954163f24
ONV469obp,555037347cea80f95417a09d
WKR283hjh,53a732bc20f7420be8db1673
HMT261fsq,53a72c0620f7420be8c37b4c
LJG645ijj,53e1809820f7dfbc07e8b420
TGH488wbi,5390a74a20f70186a0e8b40b
UHT881gqz,53a001b1831432abcb737ee4
TVG488hbh,53a72dfb20f7420be8c7a2f3
DKZ491zlx,555037397cea80f95417ad69
ITL300jyn,53a7292120f7420be8bc52b9
TBU623pfp,53a7291b20f7420be8bc46e1
BZH414ypg,5736adb9d39c4f40a796eafd
KTA077hnl,555037b07cea80f95419636b
RGS662dhz,55463c680cf2939c2fee6afd
ASP245ldx,53a72ba620f7420be8c2c9dc
TPY209urb,53a72c9b20f7420be8c4a30e
ROP213ghs,555037037cea80f95416df4a
HYX986dpn,53a72a8a20f7420be8c04ac7
TRY603ufe,53a730aa20f7420be8d01612
MHB332mvc,5390a25620f70186a0e5e4f4
AOD608cph,53a72f3d20f7420be8c9d960
EOZ096qoh,53a72cc120f7420be8c4ea0d
PSX500emc,53a72d8f20f7420be8c69f75
EMC084dgp,53a72bba20f7420be8c2ed2f
RIV287kcr,53a72da320f7420be8c6cea4
ZST686zrc,555037a17cea80f954193c58
HAC629efw,555036bf7cea80f954150ace
RDX360dnh,5550378c7cea80f95418e52e
NKP895obq,53a7264020f7420be8b6dcc0
YXB558bva,555036dd7cea80f954161b8d
NGS671sya,5390ac3420f70186a0eb4bb2
DIP104thk,555036dc7cea80f954160fa2
NWW838puk,53a72cf220f7420be8c548d6
LGZ888kga,5390a5b820f70186a0e7e55f
GGT223dvx,5736b14ad39c4f40a799b443
IHQ204bse,54825255582fc50b5e05afdb
TVI379okz,53e18a4720f7dfbc07e8f429
SHU547doi,539099fc20f70186a0e1e6b7
EJC387dra,53a725a820f7420be8b55698
TBT774yjz,53a72f5520f7420be8c9f155
PFS854sof,53a730b220f7420be8d0394b
KTC409tsw,53a732d220f7420be8db801f
ZRI485vmo,53a723b820f74fc8a8f33026
SYT573dgv,555036b87cea80f95414c3a5
GOS008wks,53a7258b20f7420be8b51bd4
BMC994nfq,5390ab8e20f70186a0eb1e08
OUT996trn,555036cf7cea80f954158d38
ROZ503crv,539ff14f831432abcb409fa8
RBA162udr,53e185d120f7dfbc07e8d739
ADM035rcv,53a7237320f74fc8a8f32e0e
YCI243yjf,5736abaad39c4f40a794f20d
PHV496fkq,53a7237d20f74fc8a8f32e55
UIO535chp,53a72e7220f7420be8c8e13e
OBJ611kkc,5550379b7cea80f954192377
SCJ661rwm,586b59eb9ed5db4e2280fd8e
XGV237udb,555037bb7cea80f954197d7b
KZG755qtx,555036c27cea80f954152280
TXQ696deu,539e772a8314ff4cf4b27236
RLM310kfr,53e1829720f7dfbc07e8c150
QVZ288myc,53a72ca820f7420be8c4bab5
KJV828uoj,53a7265020f7420be8b72356
NSE924cwf,53a7323220f7420be8d83319
TWO565fsg,53e1835420f7dfbc07e8c665
YVW439efn,53e18c3520f7dfbc07e9003d
YUJ358ign,57d08b0a0a3ac5db499241e3
ODY664vfz,53a72c9c20f7420be8c4a310
ECL503rts,5876dde69ed5db15465b6014
QVQ175ksn,53a724ab20f7420be8b37366
ZOQ331ylw,555036d47cea80f95415b100
DCX018tpz,555037477cea80f95417dfa1
UST540abg,53a72f4520f7420be8c9d99f
XYO712uab,5550378b7cea80f95418e4ba
AIK456iwz,555036bf7cea80f954150acd
YUH199tya,555036be7cea80f95414feee
DFR656geo,53a72f3a20f7420be8c9cd9c
NUW473tgp,53a7281720f7420be8ba8355
SDF046fpj,53a72f4520f7420be8c9d9a0
DGQ228mdm,555036b57cea80f95414abdf
TOX092qhx,555037877cea80f95418d7e4
TAH047ffo,53a729ef20f7420be8beb892
DFW332ewk,53a727e820f7420be8ba0d0d
KYM524vgj,5550378b7cea80f95418e4da
BZZ879eoy,53a72f4620f7420be8c9d9a1
WAX410gnx,5550370a7cea80f95416f929
TLZ126ubq,539078f320f770854f5a8983
ARR915juv,53a72bad20f7420be8c2d5af
NDR285sqh,53a7310320f7420be8d1a4ed
XHY721lps,555036e57cea80f9541656ec
ZDU629qjb,555036f97cea80f95416c1de
DFG939gzk,53a723e120f74fc8a8f3313a
XFQ227jbp,555037057cea80f95416eb91
QHF119hqn,55f8d4f1c35f4f6dfd415dd7
TUU086moc,53a7291120f7420be8bc2f2c
YSA594ope,53e18c8d20f7dfbc07e9024f
AGM501tic,53a725d720f7420be8b5b568
PMM391qoh,555036f57cea80f954169e1d
DLC943ijg,555036f27cea80f954168665
FKI735rmv,53a723e020f74fc8a8f33133
FCV494dug,555037b37cea80f954196417
MKM421kvd,555036f47cea80f95416925a
SVR243zqe,555036b87cea80f95414c3be
BAP671hfw,53a726d620f7420be8b84ae9
QRE865bqt,5550371e7cea80f9541746e9
YJK276uwh,555036c47cea80f954153a44
HWT168orr,55f9577bc35f4fb0d21cde88
SGA735qlp,53a7253820f7420be8b4823b
WGU818ern,53e1892d20f7dfbc07e8ed07
YTT630vrq,53a728be20f7420be8bb71de
MEH816vts,555036cd7cea80f95415814e
SHU574bzq,53a72a7920f7420be8c01b7d
CAW607ajv,555036f97cea80f95416c1dc
SMY647ebh,555037b37cea80f95419642b
CRC961tsx,53a7265b20f7420be8b73b06
HMW771zcv,539078ee20f770854f5a8403
EYB514dsa,555037257cea80f9541760c2
KYS514aux,53a7319920f7420be8d52c60
GNK491rvc,555036c37cea80f954152e65
VYP123mrt,53a00394831432abcb75d1f2
YFX836zri,53a7255f20f7420be8b4d4de
HRH776bxm,53a72b1320f7420be8c18a81
VOZ199igb,53a728e520f7420be8bbc4bb
BCQ075rry,5390a35320f70186a0e6b4dc
MNG323zuc,53a7269620f7420be8b7bcf7
PXC884dfp,53a7266020f7420be8b746d0
PNM173okm,53a72a9a20f7420be8c06e4b
KIX892wvv,5736b298d39c4f40a799f328
UBS320wih,53a72b1120f7420be8c18a6d
ROF643ozn,53a732db20f7420be8dba361
LFX083mna,5736ae3ad39c4f40a797604f
BRL483eic,53a72f3720f7420be8c9cd84
GVO509ixa,555036f67cea80f95416aa0d
DQS059sir,53a723b020f74fc8a8f32fe5
IZD782lmu,53a7285020f7420be8baee28
PUH095iis,555036ce7cea80f954158d1f
ZLV165ter,555036f37cea80f95416923e
JNI634pcv,53a72aad20f7420be8c09da4
GUL080yqe,5550371e7cea80f954174719
DED603llf,555037657cea80f954184ed7
KIZ452enz,555037167cea80f954172c47
ZOM959yrk,53a72e5f20f7420be8c8b20c
MMP214cvs,5550372a7cea80f9541779ff
KNL142euy,53a7271220f7420be8b8b5aa
DEZ042tsp,53a7309e20f7420be8cff2d3
NUX372iko,58e5f1179ed5db0f8f46e39a
ZHH562kjm,53a72f3820f7420be8c9cd8a
QYW155wbm,555036d37cea80f95415b0ba
MHC410ijk,53a72f6d20f7420be8ca7289
WEZ842rgz,53a72eba20f7420be8c99232
KLM145zjx,53a7237820f74fc8a8f32e34
TBW098zjv,53a72f5320f7420be8c9f149
OHL124mur,555036bb7cea80f95414db72
MFJ076geu,53a72cb320f7420be8c4d252
EUX800wfj,53a7278820f7420be8b92c30
RYM380zia,5390af7920f70186a0eceb63
BJO386wae,555036bb7cea80f95414db71
TDA376jzr,53a72f4120f7420be8c9d97e
TNQ546aqd,5550374e7cea80f95417f8b6
WJM503unr,53a72a7120f7420be8c00f90
KTI787vhm,555037427cea80f95417d2d0
CFF139zbf,555036f37cea80f954169246
AOW250xny,53a72cce20f7420be8c501c9
EHG141dwr,53a72a7c20f7420be8c032fb
GNW477xei,53e181e520f7dfbc07e8bc9d
CRH336xxx,53a72f5620f7420be8c9f163
AOB342ahc,555036e67cea80f9541656f4
BFQ538qfa,53a731de20f7420be8d680d0
ZOC320icz,555036e27cea80f954163f1d
YZI585dzy,555036b67cea80f95414abfe
EXF941umx,53a72f3a20f7420be8c9cd98
LOE144llj,53a72a3c20f7420be8bf75f6
JQX377ykk,5550375f7cea80f9541835f4
CYE880jug,53a725fd20f7420be8b61fb5
GYI629rcl,555037737cea80f954188151
WJC148ypj,555036c67cea80f954154639
PQE541vip,539078ef20f770854f5a84db
LZE840ynm,555037427cea80f95417d2be
WLG131bri,53a001a5831432abcb737724
AUD039tro,55f95ab1c35f4fb0d21ce8e9
ZMY547ahx,555037b17cea80f9541963ae
UGY271hpi,53909e7920f70186a0e2a2ce
FAN934ddb,555037177cea80f954172ca3
WXE442vav,53a72da620f7420be8c6da65
MXI396ndk,555036be7cea80f95414fef2
VNK139ycb,53a732dd20f7420be8dbaf1f
BFM116usf,555036e67cea80f9541656f7
WNW199crb,53a72c8220f7420be8c467fe
FKI743kal,5390b7aa20f70186a0f252e4
VTU389eks,555037327cea80f954179451
KEW473adg,539ff0c8831432abcb3f5b8f
OZF067hfy,5390bdcc20f70186a0f48074
GKP928fnz,555037147cea80f954171ffc
NSV818dnd,5550370d7cea80f9541705be
YBG064cjb,53a730b220f7420be8d0394a
ZZQ833azb,555036ba7cea80f95414cf94
PNS752rkd,5550373b7cea80f95417ae1c
LBX231aeo,53a001b8831432abcb7383cc
IPL559ghc,555037057cea80f95416eba3
JUN463mer,53a7321d20f7420be8d7b212
UFI606kpl,53a7305220f7420be8ce92d4
SFD246dcz,539089b420f70186a0d976ab
XXA200zjv,555036de7cea80f954161b9a
FER407bni,548267a2582fc50b5e32e6b2
MIO896nxi,555037247cea80f95417608a
FTJ554iyb,555036f07cea80f954167a7c
JPU889zwy,53a732cb20f7420be8db689a
YCK460ghq,555036d27cea80f95415a4dc
DVP370lmy,53a7238b20f74fc8a8f32ec8
SQI332fgp,55f9d93dc35f4fb0d21d0368
ECK410esh,53a726ad20f7420be8b7e082
ACD834cor,5736b298d39c4f40a799f34e
GDG442xte,53a726af20f7420be8b7e091
ZKU357ubo,553bf8ac0cf2b2c73cb0516b
HNR540gyv,53a72e0e20f7420be8c7d217
NQE487rzm,555037037cea80f95416df37
LYZ274mug,55f8ce87c35f4f6dfd415c61
RZC528uit,5390b65720f70186a0f1ac38
KCX392ffk,555037d17cea80f95419bdaa
YQS262rtl,555037787cea80f954189a3b
UNU665his,5736ae98d39c4f40a797b2d6
BWJ570kfn,53a726f420f7420be8b87a7a
UFU484zjj,53a72f3520f7420be8c9cd78
SHB478hxa,53a7313d20f7420be8d2f946
QTF771dyt,53a723ae20f74fc8a8f32fd3
MIJ998ltz,53a7237b20f74fc8a8f32e4a
IFO722mca,53a728b620f7420be8bb65ff
PTD967qyv,555037357cea80f95417a0b8
GPL584ahn,54826ba8582fc50b5e3c176b
KQQ350ima,53a726cb20f7420be8b84a90
IDQ245mja,5390b64d20f70186a0f1abde
TNR290vkh,5390a3ca20f70186a0e6e20c
TSY092ory,53a7264320f7420be8b6e887
RHU136fcb,539549f48314d630bc847331
ULI978pcw,53a726d620f7420be8b84aef
CIS247sha,53a7250a20f7420be8b43b69
YLD637vyd,53a726d420f7420be8b84ade
JCE150qwc,5390a71b20f70186a0e88c42
GPD755rzq,5550371b7cea80f954173a2a
OIB225psg,555036f27cea80f954168674
RRU073bnk,53a7296520f7420be8bd32ce
XRC241tuk,555036b87cea80f95414c3a4
JHD145nzr,53a731fd20f7420be8d70db9
SNM516tkw,5390bba620f70186a0f41c08
PHS524lje,53a725b520f7420be8b5628b
IOQ558raz,5550377e7cea80f95418a795
SPK394sgf,5482549a582fc50b5e0a495c
JOH796ebf,53a72f5820f7420be8c9f16f
ULR386dxs,5736b00cd39c4f40a798deba
VUJ348wuu,5550376c7cea80f9541873a3
VFN184cgn,555037067cea80f95416ec22
CNH809hoz,555037287cea80f954177945
EDV198gnw,53a72d8a20f7420be8c693a9
"NAZ155ooq",53a7261320f7420be8b6667a
FQD423kvg,555037967cea80f954190ade
QAG178nbi,555037277cea80f954176d4c
LTP708aca,555037767cea80f954188de2
IDG243itk,53e17f7520f7dfbc07e8ad07
PEC199csh,555037c97cea80f9541998df
AVI344chu,55f9644dc35f4fb0d21cf129
DRI434rle,555036db7cea80f9541603d9
VSM090hjz,53a72a7520f7420be8c01b5e
OBP928uiv,5390bda620f70186a0f47f47
JPA973uod,53a72ca420f7420be8c4aef0
SKP040ojp,555037aa7cea80f95419560b
XSC491qio,555036be7cea80f95414ff01
XKE309lse,53a723af20f74fc8a8f32fdc
MGT686uxl,5395470e8314d630bc7ee89c
WKG991mxi,53954dcb8314d630bc9abf76
CZS095pwx,53a72de720f7420be8c77f5e
TFZ984rvf,53a7300020f7420be8cd3297
RRA939ghv,555037c77cea80f954198cd2
ILY199qfb,555037b87cea80f954197126
QKE018cny,53a7267620f7420be8b77629
FRZ320rtd,53a723a920f74fc8a8f32fae
PGF059mwy,53a72f5820f7420be8c9f16c
EAB629gxj,555036df7cea80f95416276a
QJQ163wjt,53a7319d20f7420be8d53824
TXT678ebd,555036c17cea80f9541516af
ZSJ518uyp,555036df7cea80f954162766
FPF539vak,5390bdcc20f70186a0f48076
NGV002dht,5550370d7cea80f9541705cf
ICT711avf,53a7255220f7420be8b4bd35
FNP280bks,5550371b7cea80f954173a5b
EXO941yem,555036bb7cea80f95414db73
UZS524zrm,555037d67cea80f95419caa4
UUV698rfr,555037d67cea80f95419caa4
QDF473uqu,53a72f3b20f7420be8c9cda3
TVB449viq,555037647cea80f954184ebc
ZPZ929gce,555036ee7cea80f9541662d5
HEU749skn,555037107cea80f9541712ca
ZDS531ptm,53a7265820f7420be8b72f3b
QKE825cbp,53a726ca20f7420be8b84a88
HGT000lxs,555036ba7cea80f95414db5f
GXA406kte,53a72d5620f7420be8c61d91
QRZ305cxv,5550373e7cea80f95417c622
SWZ540eeb,53a72e0c20f7420be8c7d20f
SDJ205lnt,5390b54820f70186a0f0473b
YEX995cig,53a725be20f7420be8b57a31
LMI499xkv,5736b298d39c4f40a799f324
IWW382zzc,53a72f9620f7420be8cb45c1
ZZU564oqh,5550377c7cea80f95418a6f0
YOR123enr,55f8c863c35f4f6dfd415a71
ICV784xpj,53a7309b20f7420be8cfe716
BEI698joh,555036d97cea80f95415f7fc
QTJ588bri,555037667cea80f954185af3
WTM681qzm,539089e520f70186a0d9c5a9
DKZ390dun,53a72c7420f7420be8c45bf3
KIM446efj,53a729a020f7420be8bdcc80
WWU852pat,53a7326720f7420be8d9410d
NTE308chp,53a7280020f7420be8ba4838
YJO859qhi,539078f720f770854f5ab27f
WCK486mvr,5736af49d39c4f40a7985448
BAJ056vdw,53a7311120f7420be8d1dfa8
PNP974hsp,53a7307320f7420be8cf1f9e
XOB952sxq,53a732c420f7420be8db5119
MPS413yxz,5482566f582fc50b5e0d351e
