journal_id,edition_id
53a726b420f7420be8b7ec67,02ul10br
5390b03920f70186a0ed659b,14id46ro
53a731d820f7420be8d65d92,98gs18oz
53a726ea20f7420be8b862dd,26ec30xy
55f9e86bc35f4fb0d21d0bca,13dr00ae
53a7285120f7420be8baee2f,42sm48gh
53a7285420f7420be8baee4d,86wb72en
53907aaa20f770854f5da246,21co74pt
555037187cea80f954172d7a,20bp78zh
54825bda582fc50b5e177d87,22jp85pi
555036c27cea80f954152286,46as28gx
53a72f5420f7420be8c9f14b,60xs21to
55fa8a16c35f4fb0d21d582a,58cx08dd
5736b2a4d39c4f40a799f918,43mg26av
539ff916831432abcb57b1dc,24tw65yq
53a72b5c20f7420be8c23bc2,17lx17mq
53a7291320f7420be8bc2f3c,15dz35ff
539e71b28314ff4cf497e2b0,71rh37sc
555036b57cea80f95414abd8,64tf44rf
555036cb7cea80f95415756a,95zl58be
53a7328020f7420be8d9cddc,52ba17rp
53a7283320f7420be8babe94,16lv99fg
53a7263920f7420be8b6c526,04vw72yv
53a7290420f7420be8bc1771,52hc58bc
555037317cea80f95417942f,44uq79wg
555037ae7cea80f9541962dd,67fr03ks
53a72a4520f7420be8bf8d9b,51zp50ka
5390972320f70186a0df9728,70gf24le
53e187ed20f7dfbc07e8e4fe,94ni86vn
53a72b9720f7420be8c2a66d,91jq78io
53a725e820f7420be8b5d8f2,40tx11pl
53a7318920f7420be8d4b718,14pf63fq
53a7285520f7420be8baee54,79qn64ad
53a727c520f7420be8b9ba3d,65gv15gw
53a731ea20f7420be8d6afd0,46uz07ym
539078ee20f770854f5a8409,53ct22yf
5550371b7cea80f954173a4b,66fn20lu
53907a5a20f770854f5d204c,28zs51bv
555037027cea80f95416d349,91vq76uz
553a796e0cf288c3e227433d,28df52ba
555036f27cea80f95416865e,66bz37rk
55f8d51fc35f4f6dfd415de4,03he83uj
53a729ab20f7420be8bdefdb,82qk63tu
53a7320d20f7420be8d76b93,22eh86gh
53a7239920f74fc8a8f32f38,68gt74cm
53a728fc20f7420be8bc0b83,99aq54kp
53a7281d20f7420be8ba9add,17rz19ld
555036de7cea80f954161b97,95sw33cz
53a7276820f7420be8b8d96a,32dj81mz
53a72bae20f7420be8c2d5b7,41mi09ob
55f8cb99c35f4f6dfd415b83,79wz25uk
53a729e520f7420be8bea0dd,85ri18mu
557e1f19f6678c77ea2205d5,88cv80zr
53a7282920f7420be8bab294,89be91ro
53a7285720f7420be8baee5f,42md55vz
54825d73582fc50b5e1adc94,31kz42ch
53e184a220f7dfbc07e8cf2d,48wu21dn
53a726f320f7420be8b87a77,51nt41pj
555037b27cea80f9541963be,95ey41ar
53a7285720f7420be8baee63,29jo12ug
58f99f169ed5db981862047b,78kb78lm
5390a75a20f70186a0e8db68,40aj72yj
53a728b120f7420be8bb5a2a,91px75lt
555036dc7cea80f954160fcb,75ob81zl
5736ae63d39c4f40a797830f,80mp87oo
555037aa7cea80f9541955fc,61db05es
53a7321320f7420be8d78ec6,11lq70hc
555037617cea80f95418422e,34hl12ub
54825a79582fc50b5e1493d8,08hr93yi
53a732c920f7420be8db5cde,76ak44pl
53a72f4620f7420be8c9d9a3,05ut91ug
53e17f7520f7dfbc07e8ad07,37by44yv
53a72c5620f7420be8c42c98,63pp09mr
53a725ac20f7420be8b556b9,61nh06zm
555036d07cea80f95415990b,03et73ui
53a7237320f74fc8a8f32e0b,75sg04tf
53e17f8a20f7dfbc07e8ad76,80yu96tl
55f8c5a2c35f4f6dfd415975,94us86hi
555036b67cea80f95414b7c3,92tj99sk
555037317cea80f95417942f,38fz71mt
53a726f320f7420be8b87a77,41el84hx
53a72fb420f7420be8cbd290,08zh25an
555036e37cea80f954164af5,48xj99rd
5550370f7cea80f954171247,51hf39bb
53a7328020f7420be8d9cddc,48el36nb
555036c57cea80f954154602,65am31tz
53a72df020f7420be8c78b47,11ro99zf
539078f320f770854f5a8951,88fb14hm
53a72b6c20f7420be8c25386,81sl71qy
53a72cac20f7420be8c4c673,41rc13oy
53a72fae20f7420be8cbbb17,41fz01mj
53a7269920f7420be8b7bd09,26nn20im
5390799720f770854f5c0f75,33dv99ja
53e18c4420f7dfbc07e90090,46sc28hw
555036f97cea80f95416c1ef,30hn66hj
555037ae7cea80f9541962e6,45bl16yi
555037647cea80f954184ec9,37sf36pk
5390b88c20f70186a0f2a801,88lx78fc
53a729e620f7420be8bea0e5,62ud82cw
548249bf582fc50b5dfd9e6d,97hk53av
555037277cea80f954176d4e,12el93yd
555037227cea80f95417540f,94gu75rz
53a729e620f7420be8bea0e4,71ol99hb
555037137cea80f954171fb9,50rj49ed
53a731f820f7420be8d6f640,22wx80bn
55f9f1b6c35f4fb0d21d2327,18gq36kt
53a7284f20f7420be8baee22,73yj52rt
53a72a4c20f7420be8bfb0e4,18vv46kw
53a72b3120f7420be8c1d176,22ip49if
53a72e2f20f7420be8c847b7,55mk53fe
555037c97cea80f9541998dd,65yd25dx
555036d87cea80f95415ec20,11dr04kj
53a728b120f7420be8bb5a2a,41dg06sk
53a7261320f7420be8b6667e,51on30px
53a725d020f7420be8b5a979,05uw40wu
53a7275e20f7420be8b8cd6a,29em20ul
53a7295920f7420be8bd1b14,72ml46oz
53a725d020f7420be8b5a979,77ju58wu
5550376d7cea80f954187415,94jy86gg
53e1859420f7dfbc07e8d5ae,97gg39qk
555036f37cea80f95416924c,48zw46pz
5390885420f70186a0d8e898,64kr85pw
53a731ee20f7420be8d6c749,07eo23lr
53a7309e20f7420be8cff2d4,29gi08jq
555036c27cea80f95415228a,44nh85ex
53a00231831432abcb73cac2,43vt94wl
53a724d920f7420be8b3c5dd,77ql95tt
555037c97cea80f9541998dd,39dl24sc
555037707cea80f954188091,45dm38og
555036d37cea80f95415b0b3,41wj20ma
53908b4820f70186a0dba795,78oi61kl
55f8da91c35f4f6dfd415f2a,06ck39wy
555036e17cea80f95416335c,52xc12sa
5390acc420f70186a0eb9ddc,33uz58pc
5390982a20f70186a0e06ab4,20aw74ch
55f8d284c35f4f6dfd415d4b,36xd47uz
53a7308720f7420be8cf7d81,97um27xo
53a72ab420f7420be8c0a992,25td90eh
53a7327820f7420be8d99eef,43tc85jz
53e1809120f7dfbc07e8b3f7,23ie19uo
5390991d20f70186a0e11631,11kk76jp
555036f57cea80f954169e23,51vg87ol
55f8ded8c35f4f6dfd415ff3,57fg21se
539548268314d630bc800048,96un30ux
54826424582fc50b5e2a2d42,96xy19xi
555036f87cea80f95416b5fc,69lf44yh
53907ee820f770854f614fa5,57ml14lp
555036ee7cea80f9541662df,74rx30wx
539097a420f70186a0e0142a,37cr93gh
53a727eb20f7420be8ba18d7,28kh54vs
53907a5a20f770854f5d204c,65te89hq
53a72a3020f7420be8bf5e3f,20vg63bg
555036e77cea80f9541662b8,21zq25it
539ff3a0831432abcb481942,97wd63qf
53a7324720f7420be8d8a872,77cd04xm
53e184a220f7dfbc07e8cf2d,26th25zo
53a72f5420f7420be8c9f14d,62gj69dd
53a7256c20f7420be8b4f82a,09vb36rc
555037ab7cea80f95419562f,23nk62rt
53a731a120f7420be8d543e6,82yw88wy
5390795f20f770854f5b8e1c,37pp74gn
555037027cea80f95416d349,52pl30ms
5736b2a4d39c4f40a799f918,78mj76dr
53a729e620f7420be8bea0e4,16tq90du
57d08a8a0a3ac5db4992107c,55tt02gw
53a7265320f7420be8b72f16,49sp26ak
555037c77cea80f954198cb0,59qb58md
555036c07cea80f954150ad2,19hv20qg
555037c87cea80f95419989b,08wo00bk
555037647cea80f954184ec9,04co74sc
5390977720f70186a0dfea53,93yb66th
54825d73582fc50b5e1adc94,00dk81ye
53a72f3720f7420be8c9cd86,77cp43rm
53a72f6220f7420be8ca2068,60tq53rf
555036f57cea80f954169e23,22xe02ru
53a72f3f20f7420be8c9d971,83mu22qu
53a72e9420f7420be8c933e0,04ed73qg
53a731f120f7420be8d6d308,25ig09ce
53a72da820f7420be8c6da6d,47ou49np
5550370d7cea80f9541705e9,52ri73tm
53a729ab20f7420be8bdefdb,82xh80pl
5550376e7cea80f954187478,41mq44xs
55f963edc35f4fb0d21cf106,50uk28ee
555037c87cea80f95419989b,37ui37bl
555037617cea80f954184224,19de69ci
53e1871a20f7dfbc07e8dfae,05ze60co
53a72f4320f7420be8c9d98f,78rz40rx
53e184a320f7dfbc07e8cf34,93kh89un
555037a37cea80f954193d07,84hj36jp
53a72fae20f7420be8cbbb17,87gr81rv
555036f87cea80f95416b5f6,82bx74ps
53a72b9c20f7420be8c2b23e,95wi80xq
5390798120f770854f5be2d6,82ot92yx
53a7256c20f7420be8b4f82b,70py28ns
53a732d320f7420be8db8026,31nt62pw
53a727f020f7420be8ba24aa,90sl02my
53a725da20f7420be8b5b57f,31tf61fh
555036b67cea80f95414abfd,94yx46um
5550374c7cea80f95417ec70,01tp03fn
555036bd7cea80f95414f31e,10lc34xr
53a72b5c20f7420be8c23bc2,09fr07ph
555036c07cea80f954151699,12su66ui
53a725e920f7420be8b5d8f6,81cm22cu
555036f57cea80f954169e23,57qy16sv
53a7285120f7420be8baee2f,29cl05cw
53a7286220f7420be8baeeba,32cd97qv
53a72d4d20f7420be8c605f9,63wf03cf
53e17fa020f7dfbc07e8adfc,02lj79pw
539e76e28314ff4cf4b1399e,78kb39jd
555037757cea80f954188dbb,13ib52hm
53e1817120f7dfbc07e8b988,33qt54gc
555036e37cea80f954163f33,11in61ra
53e187be20f7dfbc07e8e3cb,67dl55el
53a72f5e20f7420be8ca14a7,42ig56ok
53907cc220f770854f60803c,08sk96ph
53a72e7b20f7420be8c8f8d4,72fi72tn
5550374d7cea80f95417ecb0,07so22bn
5550376d7cea80f9541873f1,30cc18fe
53907a7220f770854f5d4a6f,69np04ey
555036cc7cea80f95415814b,29vn16ev
555036df7cea80f954162769,87wu77se
5390a47920f70186a0e7392f,77mv93rz
55f8cb99c35f4f6dfd415b83,85nk38yo
539078f320f770854f5a8919,85rk08lu
53a7262c20f7420be8b6ad60,51qa12be
555037717cea80f9541880cd,18pf26xw
53a7282320f7420be8baa6be,40vo58xc
53a729e320f7420be8be951c,03sk27kl
53a7323520f7420be8d83ed9,13jd49lz
555036c47cea80f954153a3f,44hn14fs
555037137cea80f954171fb9,85zy98fb
53a7308720f7420be8cf7d84,44ve55xj
53a7324720f7420be8d8a872,31ij03kk
53a7308a20f7420be8cf94f9,20ur17qz
53a72fd220f7420be8cc5f6a,31ih43xa
53a729c520f7420be8be2b17,07eq06eo
555036bf7cea80f954150abe,60xr22ke
555036b47cea80f95414abd1,56vf14sy
53a7310f20f7420be8d1d3ea,55jk85ip
53a7283320f7420be8babe94,57dw14eq
555037617cea80f95418422e,49un95vr
555036f47cea80f954169e13,45hd80tc
539078fb20f770854f5ab632,43jm92ks
5550376d7cea80f954187415,05jk09ew
53e17f6520f7dfbc07e8aca7,44zx19zo
5390a71620f70186a0e88c32,90wi71kz
548261b6582fc50b5e2434f3,99jb28vr
53a72bc620f7420be8c31073,95pj50eb
53a7318c20f7420be8d4c2d9,07yw32te
53a72e1a20f7420be8c7f576,19af42lh
53a7251420f7420be8b452ef,28we15ah
539099c420f70186a0e1bc2f,87tr46ra
53a7258b20f7420be8b51bd2,48vw35up
539078fb20f770854f5ab632,66nn94ix
53a725e920f7420be8b5d8f6,99zt88bz
53a72f3a20f7420be8c9cd9e,68jt45nt
53907a9820f770854f5d78d4,17en88ox
53a72d8a20f7420be8c693ad,61lg77xx
54824a11582fc50b5dfdede0,08zy11sm
555036d37cea80f95415b0ba,79yh28wp
53a72c0520f7420be8c37b47,99ri98ps
53a7294b20f7420be8bcf79c,43cj20wr
53909e0220f70186a0e29bbc,37dk40rh
555037d67cea80f95419caa5,68lt96es
555036d87cea80f95415ec23,57yd35bh
572dc724d39c4f4993401bf1,22zg13tl
53a731f120f7420be8d6d307,46hu82oe
539099c420f70186a0e1bc2f,36mt92eo
54826229582fc50b5e24abc9,30rv55uc
53a7276520f7420be8b8cda2,37hb13wf
555036c27cea80f95415228e,83nu03cz
53a72f5420f7420be8c9f14d,57jz69ft
53a729e620f7420be8bea0e4,11xr99gx
53a72f3b20f7420be8c9cda5,94uu32uf
53a7324720f7420be8d8a872,11vl13xh
539ff269831432abcb445177,39jw14rf
555036c27cea80f954152e4c,43sx12pp
53a72b0d20f7420be8c17e9d,70bz03kl
53a72f4320f7420be8c9d98f,43vy20ws
55f8ded8c35f4f6dfd415ff3,10pa74ja
53e1833420f7dfbc07e8c581,40fj43af
572dfc90d39c4f6052c5759e,21rn20ub
53e1833e20f7dfbc07e8c5cf,01qf80ym
53a731ea20f7420be8d6afd0,89cz74lh
53e1880f20f7dfbc07e8e5e4,33yw56fl
53907a6220f770854f5d21f1,90ue37xz
53e187be20f7dfbc07e8e3cb,06gw88hy
53a723ae20f74fc8a8f32fd1,29xq13do
53a7304720f7420be8ce5832,07ph22bd
53e1892520f7dfbc07e8eccf,65ic21fn
539fff5b831432abcb6c5715,45ko47ns
53a72d5720f7420be8c61d92,83tm00js
53e1815d20f7dfbc07e8b8f7,96pz64gb
5550376d7cea80f9541873e8,94is36gv
555036be7cea80f95414fefa,53qd96jo
53a723df20f74fc8a8f3312e,82zj21dh
5550373a7cea80f95417add6,60uq82zg
555036be7cea80f95414fef1,67dr29rn
53e180d020f7dfbc07e8b56e,87qz10kv
555036e67cea80f9541656f2,75ul48oo
53a72ab420f7420be8c0a992,55no47ph
53a726cf20f7420be8b84ab2,34hh04rw
555036f87cea80f95416b5f6,70mi95fx
555036d07cea80f95415990a,26la85fp
53907df520f770854f6106bd,56tn85la
53a7295920f7420be8bd1b14,64ki52ap
55f8d51fc35f4f6dfd415de4,16et14ep
555036cb7cea80f954157563,47dd51wm
555036d97cea80f95415f808,44ed03vn
53a72e0620f7420be8c7c642,75ei14lt
53a72b3120f7420be8c1d176,26fw29qb
53a72f5420f7420be8c9f14d,87ig19st
5736af03d39c4f40a79811c6,97sy49vb
53a72a2d20f7420be8bf5e26,24vy51gu
53a7288c20f7420be8bb1302,08ty24py
555037c87cea80f9541998b3,92um38sj
54826c83582fc50b5e3e62e0,77ch20yn
539078f620f770854f5ab17f,48mt42ba
53a7319320f7420be8d4fd78,93ya98br
5390a4f020f70186a0e76664,77cn93us
555037717cea80f9541880cd,25js48li
53907a7420f770854f5d4ab4,68db07du
539078ee20f770854f5a840b,83is52rt
53a7293020f7420be8bca4fd,89zl97bq
539078f620f770854f5ab17f,53ua71ml
53a727af20f7420be8b97f2c,00jc23hg
53a7326520f7420be8d94107,83fr64ii
53e17f6020f7dfbc07e8ac82,81lg06xr
53e18c4b20f7dfbc07e900bf,62yd74ym
5390b03920f70186a0ed659b,71tt50yl
555036d07cea80f954159906,63up20xb
539ffbf8831432abcb6033b5,23rk38qh
555036c57cea80f954154615,42nb89le
555036c97cea80f954156994,83zc81bp
53909e7f20f70186a0e2ca0a,37xs91wf
55f8cb01c35f4f6dfd415b54,71pv48ie
555036d97cea80f95415f7e9,77yn60vi
555036dc7cea80f954160fcb,22et16bn
555036c07cea80f954151699,91mb97fj
539e71b28314ff4cf497e2b0,14ce99iz
53a7318c20f7420be8d4c2d9,00ht47mo
555037047cea80f95416df75,44xv89uf
53a7285520f7420be8baee54,44jw43bp
53a72c0520f7420be8c37b47,41vf41cj
555037a07cea80f95419305f,50zu25ul
5736adead39c4f40a79719c1,53im03ke
555037c77cea80f954198cb0,98pi68ur
555036f17cea80f954167a9c,40km71na
53907b5a20f770854f5ea70c,18dw47lv
555036bd7cea80f95414f30d,98hk26bn
555037657cea80f954184ecd,52mv93ae
555036f17cea80f954167a91,89uk81pw
5390891420f70186a0d9221e,95nv22ov
53a72ecd20f7420be8c9b5b2,41vq22fd
53a72bdd20f7420be8c33414,66tr69fv
53a7280520f7420be8ba5fb7,85nv28iw
53a7298b20f7420be8bda8d9,67lg12es
5390a75a20f70186a0e8db68,28lf58dl
53a727eb20f7420be8ba18d6,69kq10lj
53a732cf20f7420be8db745d,68kk20fr
53a7296a20f7420be8bd3e9e,11fu11lz
53a7251b20f7420be8b45ec4,85vx01ke
572de199d39c4f49934b3d5c,05we71lc
53a72feb20f7420be8ccc900,09qv65bb
555037c77cea80f954198cb0,29vb11ax
555037397cea80f95417ad97,78nc34so
53a7296120f7420be8bd2706,32no45rh
53e180b820f7dfbc07e8b4ce,36em12gm
5550376e7cea80f95418742a,24xs84rf
53a72a4520f7420be8bf8d9b,59tn78wi
555036f67cea80f95416aa04,69me43kk
53a72e9420f7420be8c933e0,23pv01hq
53a732b220f7420be8dae77b,65kd89sf
53a729c820f7420be8be2b32,03nu10br
53a727eb20f7420be8ba18d5,09mp71cm
54826079582fc50b5e20fe5b,69ub46eh
53a7310820f7420be8d1bc69,83cf77tk
53a72e7020f7420be8c8e133,89so58uy
53907a7220f770854f5d4a6f,18mi79ek
555036bb7cea80f95414db6a,26tv40iq
555036f27cea80f954168664,82rr21ha
53e1880f20f7dfbc07e8e5e4,63cv02cj
53a72f3720f7420be8c9cd86,35rk59sw
53a72f7320f7420be8ca95bd,71sm17cl
555037337cea80f95417a04a,77bt71ro
55f9615cc35f4fb0d21cefbb,55dc58kr
53a72f3320f7420be8c9cd65,93qj96sz
555036e27cea80f954163f1e,90yg15di
57d08c750a3ac5db4992dca0,94wy22sa
53a730e320f7420be8d123dc,61yu74vq
555036f87cea80f95416b603,12ej93hg
53a731e220f7420be8d68c8f,89sl94kx
53a72fc720f7420be8cc3075,86oh87tj
53a72fae20f7420be8cbbb17,57bp93ye
53a72f9520f7420be8cb3a08,03dq26lf
555037007cea80f95416d278,15ld64hy
555036c27cea80f954152e4e,16bm15va
555037097cea80f95416f8e8,83ht02jt
55f96c5fc35f4fb0d21cf3dd,00pq06jb
53a72bcb20f7420be8c31c41,65fr74vm
53a7321220f7420be8d7830c,56nk85uo
53a72d4920f7420be8c5fa31,34ss87ei
555036f37cea80f954169245,69zz67xd
539ff140831432abcb4081f0,23mr67kp
53a7326520f7420be8d94107,48dt99ao
5482618b582fc50b5e23e637,41pa00vx
539078f320f770854f5a8985,46fk49ef
5390891420f70186a0d9221e,75kj60ah
53a7262020f7420be8b689f2,70ie43ec
55f960e8c35f4fb0d21cef76,02jp38nf
53a72c6620f7420be8c44ffe,18ee03pe
53a72e0620f7420be8c7c642,55rb50up
53a72a5320f7420be8bfd430,79uz14mo
53a72f4220f7420be8c9d983,72fb46pt
53a7296520f7420be8bd32ce,73hf74gl
53a732cf20f7420be8db745d,85xo45wc
53a7276220f7420be8b8cd8e,90iz28pt
57d088490a3ac5db49917a6a,80wh90gr
53a7296620f7420be8bd32d7,32zs08sc
53a72d6120f7420be8c6352f,64yx96qi
555037037cea80f95416df2e,32hc26qp
53a728b020f7420be8bb5a29,39il00dn
53a727d220f7420be8b9ddaf,12qs07wb
53a7258b20f7420be8b51bd2,14zu29dn
555036c67cea80f954154630,38nu53bn
53a72ade20f7420be8c0fca9,40hx61ik
5550376d7cea80f954187415,11ym38yz
53a725e620f7420be8b5d8e3,04vt50hb
5550371d7cea80f954174656,42lv53xu
555037cf7cea80f95419b15b,02eo84zy
539078f320f770854f5a8985,94io57hf
555037757cea80f954188dbb,80dl58pp
53e18c4b20f7dfbc07e900bf,29hh20oc
53907b5a20f770854f5ea70c,71dq19ez
53a729a420f7420be8bdd84d,92fz78vu
53a731ce20f7420be8d62e9a,29ym27mg
555036f37cea80f95416867a,56ol42vc
54825f1d582fc50b5e1e89d7,27nh85lv
555036cc7cea80f954158135,43pi03ax
555037c97cea80f9541998c7,36iz10ve
57d08c750a3ac5db4992dca0,59jh15ew
53a72a5320f7420be8bfd430,74rb31sc
53907aaf20f770854f5da2ed,48vd48nq
53a728b020f7420be8bb5a22,15kd41dt
53a731f620f7420be8d6ea84,17gr86ya
555037617cea80f954184227,06qg21lt
53907a7420f770854f5d4ab4,27et30lx
53a72a1420f7420be8bf22ed,87yv01ki
53e17f8a20f7dfbc07e8ad76,23cj69po
53e1882920f7dfbc07e8e675,99bi39zj
53a7294520f7420be8bcebc9,81xg76sq
53a7282320f7420be8baa6be,73wh17vp
555036c47cea80f954153a42,77nb98iw
53a72fc720f7420be8cc3073,44ks10ru
555036db7cea80f9541603df,18xg52gl
555037527cea80f954180566,07nr87gg
53a72dc520f7420be8c73878,23ge72wt
555036f87cea80f95416b602,45ua28sp
53a72f7320f7420be8ca95bd,69qg70as
555036e07cea80f95416278d,25uh56rz
53a72b9c20f7420be8c2b23e,86jj17pw
555036f67cea80f95416aa1a,02ek21za
555037137cea80f954171fb9,78pv37xt
53a72c6620f7420be8c44ffe,21hq37ft
58d87c229ed5db79c99c0f01,41er85rz
54826229582fc50b5e24abc9,12gi43mu
53a730e620f7420be8d12f99,56cn32sh
555037cf7cea80f95419b15b,79xx64kc
53a7264320f7420be8b6e88a,52rn95gp
53a7314f20f7420be8d37a40,47ph30ta
53e17f7520f7dfbc07e8ad07,57nr40mx
555037757cea80f954188dbb,29kh72wd
55f9570ec35f4fb0d21cdae5,46hn21oh
555036f17cea80f954167a86,32jk98lq
53a72ab420f7420be8c0a992,46ki73jh
555036f27cea80f95416865e,32at67vk
53a7293020f7420be8bca4fd,66wu03wt
53e1824d20f7dfbc07e8bf54,00cr48jg
53a727f620f7420be8ba308c,81ch44ci
555036e77cea80f9541662bb,77zw08ea
555036f27cea80f95416866c,07rc03wu
555036c07cea80f954150ad2,18lq26ho
53a7308720f7420be8cf7d84,12wi94vd
53a726c320f7420be8b832f6,66kf69op
55f8d284c35f4f6dfd415d4b,55pb43jz
548249bf582fc50b5dfd9e6d,03xx13xn
53a724d920f7420be8b3c5dd,07vq61kb
53a731f620f7420be8d6ea84,47tn25ek
59224a409ed5db409e22f1d9,40op21js
53a72dbf20f7420be8c72ca6,09ve88ja
53e182a120f7dfbc07e8c18d,38cp64bh
53a726b520f7420be8b7ec70,06lr21pz
555037127cea80f954171f3c,01ly56pi
555036e07cea80f95416278d,73cp68qv
555037277cea80f954176d4e,60uj56xt
53a7321020f7420be8d77751,37zn79ty
555036d07cea80f954159902,23yt91fe
5390a47920f70186a0e7392f,96ic88wv
53a730e620f7420be8d12f99,19wn96bb
53a72e4720f7420be8c86b5d,06pe33oy
53a7256d20f7420be8b4f82d,18yi56ml
53a72eaa20f7420be8c96328,20ka29ef
54824a11582fc50b5dfdede0,98wg30cn
5550378a7cea80f95418d8c1,84cs69jk
53a7238320f74fc8a8f32e83,04pd51se
53e18c7520f7dfbc07e901c1,56zb40cf
53907a7320f770854f5d4aa5,25cp02zl
53a72e4d20f7420be8c8772e,33co76hm
53a7256d20f7420be8b4f82d,36dt17vq
53a7262a20f7420be8b6ad4f,68ke35uw
53e1852720f7dfbc07e8d2ac,05ra02ku
53a72fc620f7420be8cc3071,10vp49on
555037997cea80f954191763,73wm00hm
539078f320f770854f5a8919,95za61in
53a72f3220f7420be8c9cd5f,08tg16zn
54824ca9582fc50b5e00b6f4,62jy00km
539ff3a0831432abcb481942,19vj66yw
53a72a0020f7420be8bed076,06xt69sk
53907cc220f770854f60803c,49to34ag
5736ae3ad39c4f40a797601d,19fi17xi
5390a71c20f70186a0e88c48,31pk60oq
555037617cea80f954184224,54ry88ee
53a7312820f7420be8d283df,41pk80gy
539ff23b831432abcb43bc31,57sh50fu
53907cc220f770854f60803c,99mr33my
555036ee7cea80f9541662de,58ec26jq
5550372b7cea80f954177a20,72nc75jo
555036bd7cea80f95414f310,20sb24in
53907b6820f770854f5ea9f0,67wm27er
53a72fdf20f7420be8cc8e58,51cb83lb
555037ab7cea80f95419562f,66xs03jr
555036db7cea80f9541603d7,32hm10gb
53a7315420f7420be8d391bd,05kg17qu
53e184a320f7dfbc07e8cf34,51qb61yg
53a72c1920f7420be8c3931f,97nh43wj
53a7310f20f7420be8d1d3ea,19ne61wd
53e18c7520f7dfbc07e901c1,50ws77kp
539078f320f770854f5a88f3,19bf14pn
555036f77cea80f95416b5e7,64us96ok
55f8e06cc35f4f6dfd41602e,55ob26oy
53a7262420f7420be8b695bf,63xa48vc
53a729c620f7420be8be2b25,03xj61gh
555037567cea80f954182956,86ib17xp
53a7256d20f7420be8b4f82d,99bd78fa
53a72a2120f7420be8bf4667,90pt69ld
53e1880f20f7dfbc07e8e5e4,19si62tt
53a72aed20f7420be8c12026,38sz64ct
53a731f220f7420be8d6d309,42xl16nt
555036c57cea80f954154615,12qb81qd
53a728d120f7420be8bb9575,74pz94ep
555037c57cea80f9541980c2,87wf57fq
53a72ed320f7420be8c9cd40,86nk79mf
5390793620f770854f5b5de6,51dl86rg
53a7298d20f7420be8bda8e3,76mz21gy
53a72cc620f7420be8c4ea31,46ht87nj
555037877cea80f95418d7e8,89ct53xr
5550375e7cea80f9541835c1,05tp96pu
539feeb8831432abcb3912d4,48tf31qm
53a72e0620f7420be8c7c642,38ln10nv
5390982a20f70186a0e06ab4,49vu16xp
555036b67cea80f95414b7bf,20on83el
555036ca7cea80f9541569a5,73pj10za
53a7319320f7420be8d4fd78,93jz14fl
53a7296520f7420be8bd32d2,60wk93gn
55f9570ec35f4fb0d21cdae5,56gy96qq
5736ae63d39c4f40a797830f,50qn43vu
555036ca7cea80f954156998,67ex24oq
5875969c9ed5dba22293c4b2,07gl81xq
555037cf7cea80f95419b15b,21xe95uf
555037c97cea80f9541998c7,54ms24el
53a7296520f7420be8bd32d2,39rx62vf
5550373a7cea80f95417add6,02em50mv
54825ad4582fc50b5e1557fe,44vs25dd
555036ca7cea80f9541569a3,82be88mj
53a72a5320f7420be8bfd430,92es49tn
555036b57cea80f95414abd8,85pb77ev
53a7266120f7420be8b746d9,65dn29hi
5390a71620f70186a0e88c32,24vn66ja
53e1822a20f7dfbc07e8be77,96sp47cn
539078f320f770854f5a896c,07yw22ok
53a723e320f74fc8a8f3314e,78vm63ck
555036f67cea80f95416a9f4,31dc33qc
5390991d20f70186a0e11631,03ka29un
53a72f4620f7420be8c9d9a5,11zt65ee
53a725b320f7420be8b5627b,78cr83kn
539ff269831432abcb445177,74gx35ky
555036b57cea80f95414abd6,98fl89mb
53a7285420f7420be8baee48,51lq97mt
55f8c205c35f4f6dfd4157c1,27ju02hs
555036c07cea80f954150ad2,35vq55dc
53a727d220f7420be8b9ddaf,22uk58im
53a72b2d20f7420be8c1c5a9,01ov91hi
5550376b7cea80f95418737e,07co09cr
539e71b28314ff4cf497e2b0,61by11hm
555036e17cea80f954163356,30sq60uu
53e17f6020f7dfbc07e8ac82,43bj82cu
5736b06ad39c4f40a7991f14,18eg46ow
555036d27cea80f95415a4ef,01kh30qq
53a72bdd20f7420be8c33414,72xz05rv
53a7266520f7420be8b75298,58bb52qv
53a7267e20f7420be8b78dc5,64wd33jt
53a7262020f7420be8b689f2,46ck20ie
53a7278920f7420be8b92c3a,67ok59ia
53907a7420f770854f5d4ab4,81ed23lw
5736ae3ad39c4f40a797600f,19bl71ir
53a72ade20f7420be8c0fca9,44ne46cq
555036b67cea80f95414b7c3,63sb50ae
555036b77cea80f95414b7da,47fs79xk
555037997cea80f95419171d,61sy13wd
555037137cea80f954171fb9,69jw86hv
53a731d820f7420be8d65d92,97lh57li
53a72ec320f7420be8c99e21,87wj88kh
5390885420f70186a0d8e898,31ya59am
53a7293020f7420be8bca4fd,19zn50jv
555037527cea80f954180566,97la65ww
53a7266520f7420be8b75296,51sw93rv
53a72f7320f7420be8ca95bd,36kb99nl
555036b87cea80f95414c3ad,07na75zu
53a725e820f7420be8b5d8f2,40lw67tn
555036b87cea80f95414c3bf,91mq54co
5736b2a5d39c4f40a799f9d4,61wi07sy
555037c57cea80f9541980a5,81mb77dq
555037217cea80f954175401,92yf41ci
53e1891b20f7dfbc07e8ec90,63ze29um
5550371a7cea80f95417399c,33dv68hs
53a7310820f7420be8d1bc69,40if15zb
53e17f8120f7dfbc07e8ad4c,80lq67vi
555036f57cea80f954169e1f,09da42jw
55f8deb7c35f4f6dfd415ff0,78yv72hh
53a731db20f7420be8d66956,98sf11hf
53a72ea120f7420be8c95738,68cc37hw
555036ce7cea80f954158d19,59ov73cq
53a72ce620f7420be8c5257d,22tx65ss
53e1818620f7dfbc07e8ba1e,20la08pg
539548268314d630bc800048,88ab55rc
5550370d7cea80f9541705bc,58yz47nm
53907aaf20f770854f5da2ed,05bl93mb
555036f37cea80f95416867a,05ve23xo
555036cf7cea80f954158d3f,83nu24zj
53a72a4520f7420be8bf8d9b,29yi10tb
555037d67cea80f95419caa8,36bc60re
53a7318920f7420be8d4b718,21ox26ry
54824a11582fc50b5dfdede0,12qj38xy
5390985c20f70186a0e06e24,61yn73yu
53a727eb20f7420be8ba18d6,55qg00mq
53a72fc720f7420be8cc3076,55bu19er
5390b44b20f70186a0efa5ba,96mx71pf
53a730e620f7420be8d12f99,66rf10gi
53a72a8220f7420be8c03321,67co54yl
53a7308720f7420be8cf7d84,34ps31cv
54825d73582fc50b5e1adc94,83xg68kc
53e1861420f7dfbc07e8d90d,91um68hw
555036cb7cea80f95415756a,67pq26lo
53e1854520f7dfbc07e8d37b,27lw54fl
5550371b7cea80f954173a42,97sv88hg
53a72df020f7420be8c78b47,35gv72au
54824eb0582fc50b5e01d1aa,44zp80ez
53a72e8a20f7420be8c91092,60jp90rl
53a72fce20f7420be8cc53a6,91na13xd
53e184f720f7dfbc07e8d156,35dj80ud
53a7289a20f7420be8bb2ac3,77as93ln
548261b6582fc50b5e2434f3,67bw33zc
5736ae3ad39c4f40a797602d,54uj70zn
55f9e86bc35f4fb0d21d0bca,62gg95jz
53a72bd720f7420be8c3283e,55fh89rz
53a7266520f7420be8b75298,01ct56ad
5390894320f70186a0d9495c,48xa63fz
53a726f320f7420be8b87a77,15zm26qb
555036c27cea80f954152e4e,61sa77yw
555036f97cea80f95416c1d4,43ju93zw
555036e77cea80f9541662b8,77gp95gr
555036b87cea80f95414c3bb,58fs88zt
555036bd7cea80f95414f31e,87dd87rp
53a7269720f7420be8b7bcff,64oi12bj
555037007cea80f95416d278,07gf59hv
53a7262c20f7420be8b6ad60,05wk07hw
53a72d6120f7420be8c6352f,32vc88wf
53a7256c20f7420be8b4f82b,66sg70ut
555037ae7cea80f9541962dd,76zl59ag
53a7309520f7420be8cfc3e7,57bn76oi
53e17f6120f7dfbc07e8ac8a,72bg64pi
53a7278220f7420be8b92051,95oj15na
555036c37cea80f954152e73,13pr24he
53a7308a20f7420be8cf94f6,66pw44li
53a72b2d20f7420be8c1c5a9,42uk34ir
5390a71c20f70186a0e88c48,65yr20dk
555036b37cea80f954149fe0,86wm36uz
53a730ba20f7420be8d06833,57ez43fw
53a7279820f7420be8b94407,57pp43sd
555036c87cea80f954155dc9,15xr74fo
555037617cea80f95418422e,74jm90vn
53a7318920f7420be8d4b718,14js82xp
555036ce7cea80f954158d1d,55yu76fn
539078ee20f770854f5a8409,87wr91nb
5550371b7cea80f954173a42,83fx26vk
53a72e0620f7420be8c7c642,79pe67ds
53a7276520f7420be8b8cda2,58av94jx
53907aaa20f770854f5da246,98qj15rs
53a72f4620f7420be8c9d9a3,73gu82zu
53a731eb20f7420be8d6bb8a,75co15kq
555036c27cea80f954152292,24rl30zw
555037127cea80f954171f3c,20qh35hw
53a7264320f7420be8b6e88a,61dq95xn
53a72b3120f7420be8c1d176,17ki07dh
5390985c20f70186a0e06e24,13op98dm
53a7297d20f7420be8bd4ae7,72cf42dv
53a72e7b20f7420be8c8f8d4,92wj83ft
53a7312820f7420be8d283df,34lr32rd
555036f17cea80f954167a9c,37ld85pn
555037397cea80f95417ad97,95gg62fm
539097a420f70186a0e0142a,70fk42ec
53e1825420f7dfbc07e8bf80,25an39ln
5390a47920f70186a0e7392f,83kp04pw
53a7291320f7420be8bc2f3c,17hk93gp
53a72eaa20f7420be8c96328,31gd76kd
57d088490a3ac5db49917a6a,17vy25uo
555037037cea80f95416df2e,74fj82pn
5390965420f70186a0df61ac,40wo71de
53a723b720f74fc8a8f3301f,50eo05ml
53e187be20f7dfbc07e8e3cb,86vh87kq
5550371b7cea80f954173a52,11mr09lf
53e18c7520f7dfbc07e901c1,39si81dx
5390a4f020f70186a0e76664,71rr50nw
5736ae3ad39c4f40a797600f,06wp60oh
5550379b7cea80f95419237c,73pb54ok
53a72f3620f7420be8c9cd7a,92lu77zp
53a72bf720f7420be8c357d9,22bt17yy
53a72f3820f7420be8c9cd8e,52bs07hp
53a723ad20f74fc8a8f32fca,17oi58da
53a72b3320f7420be8c1d18a,75iw17kt
53a72bcb20f7420be8c31c41,14ol87yf
5546385f0cf2939c2fee6a80,74mn69dv
53a724cc20f7420be8b3ae48,23xo89oa
54824aed582fc50b5dff2949,13ja10xr
555037b27cea80f9541963e9,47zw44yh
53a72f6220f7420be8ca2068,02zs58sz
555036ba7cea80f95414db52,44dh03ot
555037037cea80f95416df51,52qk79sn
555036cc7cea80f954158135,97ms63ij
555037b67cea80f954197096,02pu57nq
54826079582fc50b5e20fe5b,71fv30uv
53a731ce20f7420be8d62e9a,52vm91xu
53a7304720f7420be8ce5831,83hj41zi
53a7294620f7420be8bcebd3,67wy72un
53a7299920f7420be8bdc09a,88qs95xz
53a723af20f74fc8a8f32fdf,26rf03pg
5390a73620f70186a0e8b3be,19kq04az
53908b4820f70186a0dba795,03bn03ts
54824a11582fc50b5dfdede0,47xv23fw
53e17f7520f7dfbc07e8ad07,43dj66qx
53a7311a20f7420be8d2260b,16pl18fq
53a727d220f7420be8b9ddaf,99pd05km
555037377cea80f95417a12c,67xc96ur
5550374d7cea80f95417ecb0,38pw21un
53a731c920f7420be8d61722,23qh16nj
53907a9820f770854f5d78d4,18kp64hz
53a7237420f74fc8a8f32e14,41cd31yy
539ff927831432abcb57db4c,41hw11bl
555037647cea80f954184ec9,37vb90ng
555036db7cea80f9541603d7,43ny02mp
555036f27cea80f95416865e,94yt42yq
555036e67cea80f9541656f2,35jq00in
539e75bd8314ff4cf4aaa97f,22gw69pv
53e1824d20f7dfbc07e8bf54,01ry31gx
53a72cf320f7420be8c548d8,23qc60wj
555037c57cea80f95419809e,35wq41xa
53a731d820f7420be8d65d93,63hi70ou
53a7316e20f7420be8d41e8e,69fo98gj
53a72d9320f7420be8c6ab3a,32wr66ps
53a72dfa20f7420be8c7a2e9,83uh12mh
53a731f320f7420be8d6dec4,81gq84lr
53a7269920f7420be8b7bd09,95bq48wd
55f9615cc35f4fb0d21cefbb,56ad23xv
54825f1d582fc50b5e1e89d7,13ga15ml
53a72e0620f7420be8c7c642,73to99vw
53a729ab20f7420be8bdefdb,12rk88xu
53a7316f20f7420be8d41e8f,98zh26ii
53a7278220f7420be8b92051,15sv53iy
54825be3582fc50b5e177d9a,75xt82aw
53e1898220f7dfbc07e8ef45,75in70ay
555037617cea80f954184227,49hh85kt
5550376d7cea80f9541873f1,21im67sh
539098bd20f70186a0e0c251,38dv58yx
53e1871a20f7dfbc07e8dfae,77rv11jm
53a72b9c20f7420be8c2b23e,64wm45gx
53a7293c20f7420be8bcd420,99mt82jb
5390793620f770854f5b5de6,82pg93ao
53a727db20f7420be8b9e99c,73es59dy
53909e7b20f70186a0e2a2ed,75hs42pa
53a72f6220f7420be8ca2068,43xe95ew
539078ee20f770854f5a83f8,64mc42wz
555037757cea80f954188dbb,62wc96zu
53a7295c20f7420be8bd1b2b,34zq36ur
539ff0be831432abcb3f285d,74sy17hm
53a72d6c20f7420be8c64cce,31qz16lj
53a7317120f7420be8d42a4c,68cv56ri
53a7296520f7420be8bd32d2,32ur55zx
539feee0831432abcb396be9,14wb58fm
55f8cb99c35f4f6dfd415b83,44hs62px
53a7285520f7420be8baee54,85mn17rd
555036be7cea80f95414fef1,43bb00aa
555036ba7cea80f95414db52,11kb74ny
555036d87cea80f95415ec23,29zf63lm
53a7315120f7420be8d385fb,60nn03iz
53a732d020f7420be8db8016,77aq15di
5482523f582fc50b5e05887d,09bz00dp
53a72ce020f7420be8c519a3,80wh07ks
555036c07cea80f954150ad2,44sq53tp
53a7304720f7420be8ce5831,78hp77qb
555036e47cea80f954164b0f,58hl46im
555036d07cea80f954159902,17dd85hu
53a72a8220f7420be8c03321,51hc73mc
539e76e18314ff4cf4b1399d,09op05bf
555036c17cea80f9541516a1,47qw61ch
53a7304c20f7420be8ce7b5d,29ii09gi
53a72e7b20f7420be8c8f8d3,85lc63qq
555036cf7cea80f954158d3c,74bz62xn
53a72c3f20f7420be8c3da31,23jj02vy
53a72d5720f7420be8c61d92,51pw19zn
53e1832b20f7dfbc07e8c546,04jt01zp
53a7321320f7420be8d78ec6,07rs49rc
53a727eb20f7420be8ba18d7,33jx01vv
58d87c229ed5db79c99c0f01,38ro16oc
53a72f3520f7420be8c9cd74,86gr25hv
555037017cea80f95416d2e4,70wd40yh
53907df520f770854f6106bd,68ag65ws
555037857cea80f95418cbe6,41cs95sv
53a72dee20f7420be8c78b3b,39bx32bm
555036c07cea80f954150ad2,87cl67rx
53a72a1420f7420be8bf22eb,85kt16mr
53a727cb20f7420be8b9c619,57me26ro
555036b87cea80f95414c39f,18ge44ur
53a7266620f7420be8b7529e,56yd97ek
53e18d3f20f7dfbc07e906a6,03ey07ls
592539eb9ed5db8c189e024a,48xz08pr
555036c77cea80f954155204,03xi61np
53a72e7020f7420be8c8e133,45hq35do
539e71688314ff4cf4960de9,79lx73rm
555036f57cea80f954169e28,42fn52tq
53e1889020f7dfbc07e8e925,97yj67vg
53a7295f20f7420be8bd26f8,51dk34fx
53a72ade20f7420be8c0fcab,63sr44wh
53e1811a20f7dfbc07e8b74c,40vf52me
555037777cea80f954188e47,39ts80uh
53a72b8420f7420be8c27732,63pw94jo
53a727c520f7420be8b9ba3d,14gb60tm
555037c77cea80f954198cb0,56ct95zy
53e1892520f7dfbc07e8eccf,15lj00xu
555036ee7cea80f9541662df,44cn92ag
57d088490a3ac5db49917a6a,64fx86xp
53a002f0831432abcb742bb3,95dw70xo
555037c87cea80f9541998b3,65nv19kz
555037397cea80f95417ad97,53sn65li
54825ad4582fc50b5e155800,84ox58gt
5390b10b20f70186a0edbb05,96rb84vr
55463c680cf2939c2fee6afd,92gt81bq
555036f97cea80f95416c1f1,44cx26bl
53a72fc620f7420be8cc3071,49dx67am
555037187cea80f954172d7a,88vl51wo
5390799420f770854f5c0f06,94mk92nu
53a7278220f7420be8b92051,39gh45yx
555036b87cea80f95414c3ad,05sz79ax
555036b77cea80f95414b7da,56dj41wp
53e1833420f7dfbc07e8c581,53ui84gv
555037667cea80f954185ab5,71tb07uk
53e1833420f7dfbc07e8c581,84ai48wz
53a728fc20f7420be8bc0b83,48sg96vt
57d0889c0a3ac5db49919226,82cz56tw
53a7318c20f7420be8d4c2d9,32gj54hf
53a72bf720f7420be8c357d9,57ek55xp
53a7325520f7420be8d8eedf,53ok50rv
53a72ec720f7420be8c9a9e5,67ap66ts
53909f3520f70186a0e396bd,56rt74hu
53a72c1920f7420be8c3931f,37ld04bx
53a7263e20f7420be8b6dcb1,45kf93uv
555036b57cea80f95414abd6,39pb56pl
53a731fc20f7420be8d70db7,27az15lm
53a72f4020f7420be8c9d975,34co21jk
555036c97cea80f954155dd6,88io87pt
53a7293e20f7420be8bcdfdf,91lv59tz
53a7263920f7420be8b6c526,06mv42zz
539e77b68314ff4cf4b46e27,86sd18oj
555037227cea80f95417540f,98rk09mf
53909a0120f70186a0e1e6f7,41tu81zf
555036df7cea80f954162765,35tt55iu
555037047cea80f95416df75,62yv51uo
53a7294b20f7420be8bcf79c,62tx99ak
555036c47cea80f954153a3f,28uu32ia
55463c680cf2939c2fee6afd,46oz88ug
53a7311e20f7420be8d23d84,74zl50xb
5550372d7cea80f9541786a8,15bd07kt
53a7281a20f7420be8ba8f1f,55ix37fk
53e1889020f7dfbc07e8e925,67fm95xx
555036f57cea80f954169e1f,55yl13dw
53a72e3920f7420be8c85397,95qq38pg
53a72a3020f7420be8bf5e3f,60ss02ac
539e72778314ff4cf49b3f5d,62kq39zo
555036e37cea80f954163f36,77cf32ql
53a7304c20f7420be8ce7b5d,36oz37jh
539ff4a0831432abcb4a399f,89uj86tu
555037187cea80f954172d25,69gu42uy
53a72d8d20f7420be8c69f6c,72uj47hm
555036b67cea80f95414abfa,91ia38yn
555036f67cea80f95416aa0e,36tp60sl
53a72f4220f7420be8c9d983,27ig13vz
53a7254520f7420be8b4a58f,35ag74oi
555036c97cea80f954155dd5,26yj30yq
54824820582fc50b5dfcd3aa,26ta67nl
53e18c4b20f7dfbc07e900bf,82os39ry
53a72df020f7420be8c78b47,56zm13we
53a72fd220f7420be8cc5f6a,40mj51ly
53a72ffa20f7420be8cd0f67,70ex47mw
53a72fc720f7420be8cc3076,37nn29rt
53a7292120f7420be8bc52bf,19ib83vq
53a72c1920f7420be8c3931f,84ba56cj
539078ee20f770854f5a8409,80xc10cj
53a72f6620f7420be8ca37e1,26cd27bi
57d08c750a3ac5db4992dca0,23zk44rd
555036dc7cea80f954160fcb,07od81qa
555036cf7cea80f954158d3c,43ty39xw
53a72b8420f7420be8c27732,90fs67bo
53a72d7c20f7420be8c67bea,57cg37lv
53a7311f20f7420be8d23d86,78ch16gc
5390794720f770854f5b640a,70mi70if
555036f27cea80f954168669,72nb82gk
53a72b9320f7420be8c29aa6,50vi75vu
555036b97cea80f95414cf86,06gh86li
53e1817120f7dfbc07e8b988,53gu20em
58a3b7fb9ed5db6f9e2fdba7,02gf11pn
53a730ac20f7420be8d021cf,14ay24ne
572de199d39c4f49934b3d5c,72zb46zt
5550370d7cea80f9541705bc,05fz13aw
53a72f4320f7420be8c9d98f,89wy44hj
53a72a7220f7420be8c00f98,82ha19bk
53a72f6220f7420be8ca2068,80tw02ri
555036f47cea80f954169e13,44qx27sh
555037c87cea80f9541998b3,97rl51nd
555036dc7cea80f954160fcf,47gv93yh
5736b167d39c4f40a799bb0a,05rf33jp
53a731ea20f7420be8d6afcf,44jb10hv
53a725b320f7420be8b5627b,13jd36ji
539078ef20f770854f5a844b,17eu30qj
539ff061831432abcb3e2c51,87df77tg
53a7264120f7420be8b6dccb,76uw53fc
555036cc7cea80f95415813a,89ia60js
555036f07cea80f954167a7d,15nh23ji
5550371b7cea80f954173a41,55ra02hs
54825f1d582fc50b5e1e89d7,55aw67to
555036b67cea80f95414b7bf,42hx81ex
555036b37cea80f954149fe0,76xi94fv
53a727af20f7420be8b97f2c,84hv38tz
53a727eb20f7420be8ba18d6,39qm94za
53a72ec720f7420be8c9a9e5,27lu24lw
53a72bd120f7420be8c31c65,57rg49xg
58d87baa9ed5db79c99c0e55,83oa43do
555036c87cea80f954155dd0,34lh03sw
53a7267e20f7420be8b78dc5,33kh04wv
53a72a9120f7420be8c056af,89ks79mr
555037237cea80f95417549b,43rb58nl
539ff140831432abcb4081f0,51go25lf
53a7327820f7420be8d99eef,75ls58hs
5550376e7cea80f954187478,23yh98mh
555037757cea80f954188dbb,99sl63wv
555036b67cea80f95414b7bf,61au35as
555036d07cea80f95415990a,77rg69ue
53a7271020f7420be8b8a9e9,42ex49wy
54826211582fc50b5e24846f,07de19qh
555036f87cea80f95416b5f6,12zw92tc
555037117cea80f95417132b,02th08jf
53a730ac20f7420be8d021cf,75mt84cg
54825be3582fc50b5e177d9a,06kp55ow
53e1832b20f7dfbc07e8c546,91ja83ph
53a7254220f7420be8b4a579,69zr86jm
555037567cea80f954182956,02fw10el
53a7237320f74fc8a8f32e0b,16gx45pr
53a731f320f7420be8d6dec4,83py23ps
53a725e620f7420be8b5d8e3,02qz45an
5390aa5c20f70186a0ea9e28,82zr61du
555037617cea80f95418422e,21qn35hy
53a7279420f7420be8b93830,32ip64lz
53a72dfa20f7420be8c7a2e9,97zv01vo
53a72b6a20f7420be8c25379,04vx95og
5550370f7cea80f954171247,12bc72yp
555037917cea80f95418fdf1,99vl21fi
53a7295920f7420be8bd1b14,03ok01wl
5390884320f70186a0d8e6b6,31vc49ya
53a72e0c20f7420be8c7d211,97pl73iu
5390977720f70186a0dfea53,63ho42hi
53a72e8a20f7420be8c91092,71mx76oh
53a7262c20f7420be8b6ad60,39rw91bn
555036da7cea80f9541603cc,81bz06qr
53a7312920f7420be8d283e2,93at85tf
53907d3020f770854f60bc65,01cg19uf
555036f67cea80f95416a9ef,56fh13hk
53a7310820f7420be8d1bc69,02ik35wl
53e184f720f7dfbc07e8d156,33hf16pg
53a72e0c20f7420be8c7d211,59xt63mn
5550376d7cea80f9541873f1,84xi35sb
5390894320f70186a0d9495c,97mx77bf
53a7239920f74fc8a8f32f38,21pk66dq
58d87c229ed5db79c99c0f01,81sr01ya
53a725ac20f7420be8b556b2,29ip75ln
555036d37cea80f95415b0dd,34nf08ei
555036b57cea80f95414abd6,55eh53gw
555036c17cea80f954152275,88hk31oj
53a72ca020f7420be8c4a328,79kx47ot
53e17fa020f7dfbc07e8adfc,99ga89ju
53a7263920f7420be8b6c526,44ob22tb
53e187be20f7dfbc07e8e3cb,78sh82gu
53a724d920f7420be8b3c5dd,21oz32vn
53a72cc620f7420be8c4ea31,02rz64sj
555037c57cea80f95419809e,15md79iu
555036c37cea80f954152e6c,73xw46uq
53907c1720f770854f5ff327,89so95mm
53a7296620f7420be8bd32d7,71ds05va
555037ab7cea80f95419562f,67gx95sf
53a7295320f7420be8bd0f3b,69ui48bt
53a726d420f7420be8b84adf,28es69am
5736ae3cd39c4f40a797615c,28xb74so
53907c1720f770854f5ff327,99qp99ql
539ff927831432abcb57db4c,91am27gl
53a72f4320f7420be8c9d98f,66lp60dp
57d08a8a0a3ac5db4992107c,25gb81sz
555036bf7cea80f954150abe,50xu59un
53a7307d20f7420be8cf4e90,73ab39zm
53a725ac20f7420be8b556b9,16mp80sv
53a72b1a20f7420be8c19664,49um92na
555036e07cea80f95416334a,99vx37sb
53a7301020f7420be8cd55f9,16qu11hk
555036cc7cea80f95415814b,95qq55mq
539078ef20f770854f5a844b,48am32uh
53907df320f770854f610657,34iy48mn
539078f720f770854f5ab2fb,91kx38di
53a726a520f7420be8b7d4a8,10zc31fa
548249bf582fc50b5dfd9e6d,75uk50hf
555036b87cea80f95414c3b0,52cz60la
539078ee20f770854f5a83e7,16eu25ij
555036f17cea80f954167a96,07op83yb
555037777cea80f954188e5d,62wa44eh
53a7255b20f7420be8b4c919,54sx95mf
53a72bd120f7420be8c31c65,90ha21ud
53a7319520f7420be8d50933,78ii30st
53a7312920f7420be8d283e2,84pb80no
53a72ca020f7420be8c4a328,40xb65qd
53a726ea20f7420be8b862dd,56wi26sc
555036f67cea80f95416aa09,86ar38rs
57d08c750a3ac5db4992dca0,83bw35gg
555037077cea80f95416eca1,62eg89wv
53a72dc520f7420be8c73878,74tg13mp
53e180d020f7dfbc07e8b56e,25yo46ye
5390b44b20f70186a0efa5ba,74zr82ak
53e18c0920f7dfbc07e8ff23,06ce63yo
55f95ab2c35f4fb0d21ce8ee,84fp77tt
53a72c6a20f7420be8c4501f,68xr77xz
5390991d20f70186a0e11631,97hk67vv
53a72dbf20f7420be8c72ca6,27yh25uh
53a7324720f7420be8d8a872,22fd68fr
53a7320d20f7420be8d76b93,31ud32ds
555037037cea80f95416df34,49dm32zl
555036b97cea80f95414cf86,79ca33qg
555036dc7cea80f954160fb7,42fv79bm
53a723b720f74fc8a8f3301f,52xg50hx
555036c87cea80f954155dd0,07zc03mm
555037107cea80f954171265,67uh13hj
53a72e0320f7420be8c7ba81,84zj82cz
53a7275e20f7420be8b8cd6a,29zx75tj
53a726cb20f7420be8b84a8f,27wg68ja
53a7308720f7420be8cf7d82,59qz04ag
53a726c320f7420be8b832f6,99fa31fl
5390981420f70186a0e0427a,48xi11th
53a72f5420f7420be8c9f14d,05nc76wu
53a724d120f7420be8b3ba03,52cw83md
53a726cb20f7420be8b84a8f,37vs75hs
53e1861420f7dfbc07e8d90d,68cl54jw
555036ca7cea80f95415699e,61jr44ev
53a7320d20f7420be8d76b93,37xe69vl
53a731f220f7420be8d6d309,28aq69mz
555036c97cea80f954156994,54an22ih
53a7308a20f7420be8cf94f7,38lz85zr
555037817cea80f95418b3e1,38ct86pz
53a7267e20f7420be8b78dc5,94pq86sv
555036c27cea80f954152281,97bx58lp
53a729a420f7420be8bdd84d,09nv30xc
5736ae3ad39c4f40a797601d,53mo75ou
5550370f7cea80f954171247,43gs63us
53a72c0520f7420be8c37b47,61zd30qt
53909ed520f70186a0e31cc4,07yt75sj
548261ae582fc50b5e240dd1,23cq92bk
53a7267e20f7420be8b78dc5,09os75mz
555036e67cea80f9541656f2,61sg44ie
539078ef20f770854f5a8472,70xg05vm
53907d3020f770854f60bc65,34fq12rm
53e18ac620f7dfbc07e8f753,06yt64qz
555036d37cea80f95415b0d9,70fw51nc
53a72b1f20f7420be8c1a235,65kv04ze
53a7320620f7420be8d73ca9,46nf72gp
555036ba7cea80f95414cf96,49xm33gj
555036ce7cea80f954158d22,74qf52ii
53a729e620f7420be8bea0e5,71re15go
55f8c206c35f4f6dfd4157c2,06gc71sb
555037ab7cea80f95419562f,87xy10hz
53a7299120f7420be8bdb4b9,24dl29bk
53a72a8420f7420be8c03ee3,19oz83ui
53a72ec320f7420be8c99e21,62pz73oj
55f963edc35f4fb0d21cf106,64ic99ys
53e180b820f7dfbc07e8b4ce,47nk92mg
572de199d39c4f49934b3d5c,35vi65ys
55f8c37ec35f4f6dfd41587f,47dd96cc
53a72a8520f7420be8c03eea,82po34qd
53a72c9820f7420be8c48b9a,82dt27vk
55f96b06c35f4fb0d21cf37b,23ct93wp
555036be7cea80f95414f330,26ti59ia
555036e47cea80f954164b0f,27rm02ik
53e184f720f7dfbc07e8d156,95yn85nd
53a72dbf20f7420be8c72ca6,87us34yj
555036ee7cea80f9541662df,11uo43pt
53a729e620f7420be8bea0e5,50uh58ua
53a732b720f7420be8dafef7,49lw40eg
53a729fa20f7420be8bec496,07yi19nh
53a7314f20f7420be8d37a40,71si89jm
539ff916831432abcb57b1dc,88xy12gp
555037c87cea80f95419989b,10mr12rk
54824820582fc50b5dfcd3aa,34ef95ye
555036f67cea80f95416a9f5,16lc19ri
53a7255b20f7420be8b4c919,02ud93nk
53a731ea20f7420be8d6afd0,41vd10op
555036f27cea80f954168664,91vk40zh
555036d27cea80f95415a4e4,38hb61bw
555037797cea80f954189a92,18vb14ly
54825ad4582fc50b5e1557fe,79yw67kb
55f9572dc35f4fb0d21cdc03,83sj52bm
53a72c2620f7420be8c3b683,59fs25qu
53a7321220f7420be8d7830c,17em39za
55f8da91c35f4f6dfd415f2a,41im64mf
555036f67cea80f95416aa0e,87bt69no
53a731f120f7420be8d6d307,62zh89pz
53a7262020f7420be8b689f2,03xi77qz
53907a9820f770854f5d78d4,48ah51it
53a72fb420f7420be8cbd290,56yb77uo
539078ee20f770854f5a8409,12zs16ff
55f8cb99c35f4f6dfd415b83,72jo81dl
5736ae3ad39c4f40a797601b,63fq67kk
53a72abc20f7420be8c0c131,54hg89ic
5390982a20f70186a0e06ab4,83se04fd
53907b7720f770854f5eabd8,62sp77wr
53a7265320f7420be8b72f16,58ny77jb
54824aed582fc50b5dff2949,51qf07aj
53a72a9120f7420be8c056af,70pa32ak
555036f97cea80f95416c1ef,11kc18zq
53a72f3220f7420be8c9cd5c,23kr59xy
53a723b720f74fc8a8f3301f,08lk34iu
53a726d520f7420be8b84ae2,05do72cb
5390a46f20f70186a0e738a8,74nf95rr
54825f1d582fc50b5e1e89d7,49yl29ze
53a72b3320f7420be8c1d18a,12mx80kk
53a724d920f7420be8b3c5dd,47bi95hs
53a72f9520f7420be8cb3a08,81hb11ro
555036e37cea80f954164af5,48yh42fb
53a7313720f7420be8d2e1bf,50nd76pj
53a72a6b20f7420be8c003b0,08sl04gk
53a7299120f7420be8bdb4b3,88ee76il
53e1825420f7dfbc07e8bf80,64fd07cq
53a7319520f7420be8d50933,05tz82fm
53a72feb20f7420be8ccc900,20lw89to
53907af620f770854f5dfd03,45qv53dq
555037657cea80f954184ecd,14ha31hy
5390884320f70186a0d8e6b6,92aq95na
53a729a420f7420be8bdd84d,88vk51de
555037a77cea80f954194996,18kq52bn
53a72f6220f7420be8ca2068,90si83ma
53a731ea20f7420be8d6afcf,23rf82up
53a72acb20f7420be8c0d905,64we23us
53a7266520f7420be8b75296,70df98mf
53a7269820f7420be8b7bd06,68vd41fc
53a731ff20f7420be8d70dc2,04we22zy
53a7311020f7420be8d1dfa5,97wz35ie
555036f27cea80f954168664,18cw90qf
55f9570ec35f4fb0d21cdae5,05vz01ay
53a72a1f20f7420be8bf4659,72hi37aa
53e1857720f7dfbc07e8d4f2,26ht94te
53a72fc720f7420be8cc3075,94wz47jg
53a7291320f7420be8bc2f3c,36vg05qt
53a726cb20f7420be8b84a8f,94ud30tu
58801a369ed5db225d59c314,54us45el
53a729fa20f7420be8bec496,47bz52pz
53a732d520f7420be8db8be0,07dz29el
53a72c1920f7420be8c3931f,27em18ob
53a7294520f7420be8bcebc9,44td09qv
5550374a7cea80f95417ebe9,92yl25gl
53a72b6c20f7420be8c25381,06rp20ww
5550376d7cea80f954187415,41dz06tf
555036f87cea80f95416b5f5,39qd91av
53a728be20f7420be8bb71df,71eh23hu
5550370f7cea80f954171247,12lf65nj
53e180d020f7dfbc07e8b56e,27ji30mz
5736ae3ad39c4f40a797601b,99ym24te
555036ca7cea80f954156998,72we85ol
53a7298d20f7420be8bda8e3,11tw40rr
53a7308720f7420be8cf7d82,57uj55lt
53e17f6420f7dfbc07e8ac9d,86ld86gw
555036d07cea80f954159906,61kj35dk
539099ca20f70186a0e1bc8e,99gg27ip
555037507cea80f95417f92e,64ug73od
555036c17cea80f954152275,69gh08ya
539078ef20f770854f5a8451,33oz28gw
53a7315420f7420be8d391bd,22aj35qx
53a72a8820f7420be8c04ab5,34yb46yz
53a727eb20f7420be8ba18d5,26gl10zl
53a731c620f7420be8d5ffad,84bx83hv
53a7323520f7420be8d83ed9,69oj32vv
53a72cbc20f7420be8c4de37,24vm83ai
53a7327220f7420be8d97bbc,09kg05kp
555037d37cea80f95419be1e,34iy21hw
53a72e9b20f7420be8c94b6a,11rc00yj
555036df7cea80f954162763,49pe14pj
53a72b2d20f7420be8c1c5a9,60ho43wp
555037667cea80f954185ab5,52ec57mr
53909ed520f70186a0e31cc4,58af17ww
5390aa3e20f70186a0ea9cd9,57ox35po
53907aa920f770854f5da239,57fk07fn
5390a49620f70186a0e73ac1,32ly45wg
5390977720f70186a0dfea53,51dm19vo
53a72b6c20f7420be8c25381,74rk05mb
53e1811a20f7dfbc07e8b74c,51og66uv
53a7297d20f7420be8bd4ae7,75kf99ol
555037aa7cea80f9541955fc,33wu84xv
53a7237320f74fc8a8f32e0b,18de94ud
555036ce7cea80f954158d1a,61ok28ns
555036e37cea80f954163f36,42ea41vl
53a7256c20f7420be8b4f82a,66fg07re
53a7311020f7420be8d1dfa5,08lo94vd
555036f67cea80f95416aa1a,01nr87og
5390a1fd20f70186a0e5dfdf,97fd69hb
555036bb7cea80f95414e72d,65mi46eg
53a728b120f7420be8bb5a2a,36vv11gs
539078f220f770854f5a886e,97cd13us
5550379e7cea80f954192fe9,41al12sx
53a72e2f20f7420be8c847b7,46eb09zf
555036dc7cea80f954160fc5,31mj88vb
5390bb5020f70186a0f3f2a0,00lh60ie
5390991d20f70186a0e11631,28ka80io
555036bb7cea80f95414db6a,03ma38pw
53a725ac20f7420be8b556b9,13jr56vn
53a731b520f7420be8d5a1d2,64dt26vx
557de61ef6678c77ea21e624,16jb55ek
539078f320f770854f5a88f3,31rg79kd
555037967cea80f954190ab6,82sb44hw
55f95a7dc35f4fb0d21ce891,63hg88xp
53a7257b20f7420be8b50431,07lf57vq
5550378a7cea80f95418d8c1,47zr00tf
555036c17cea80f9541516a0,40go31lq
