conf_id,edition_id
55f8e082c35f4f6dfd416033,20iw32vi
53a730f520f7420be8d175f9,50hu76py
5736ae01d39c4f40a797354b,09np14nm
5550378c7cea80f95418e52e,81tp83it
53a730db20f7420be8d10c65,75qf44kq
539e78278314ff4cf4b6430c,43av23hp
5550378b7cea80f95418e4ba,14zp57ah
53a724a620f7420be8b36796,33av07gv
555037a07cea80f954193051,04iv51sp
53e187e120f7dfbc07e8e4b8,30bz54td
53a7253820f7420be8b4823b,53iv41ep
555036cf7cea80f954158d38,38kp39ef
572dd8ddd39c4f49934859f5,55ke26bv
55f95789c35f4fb0d21cdee3,48kg57xu
555036f37cea80f954168678,15io03by
53a7290520f7420be8bc177b,04uc07nd
539078f220f770854f5a882f,16zs48ku
53909c0c20f70186a0e2564e,42zn78yc
555036f77cea80f95416b5e1,23rr64nu
555036d27cea80f95415a4d9,32am97bd
555036f17cea80f954167a99,04qa66uu
5395455c8314d630bc7dce23,84tm71us
53a72aec20f7420be8c1201c,82il87me
555036f37cea80f954169244,37yv62ue
5550376c7cea80f9541873a3,82br29kw
5550374f7cea80f95417f8e1,71no67mo
53a732b420f7420be8daf334,76lh45rb
53a72cb320f7420be8c4d250,22ke85xx
555037b37cea80f954196417,48pw52ks
5390794120f770854f5b62b6,63ao90ac
5550378f7cea80f95418f1c0,52ea10sp
53a7237d20f74fc8a8f32e55,12bq92er
53a7291820f7420be8bc3b1a,08tz36bu
555036cb7cea80f954157569,76sj97gy
539079db20f770854f5c6cd1,96eo82ca
53909f2a20f70186a0e36f6c,25rf47lk
555036d27cea80f95415a4ea,27hb72kc
5390a48d20f70186a0e73a41,25li55hf
53a7326920f7420be8d94cca,83vl59nz
555036cf7cea80f954158d33,57xn38eb
53a72b3420f7420be8c1d18d,27tv30pk
53a726f620f7420be8b87a8e,11pd73dn
555037cc7cea80f95419a51f,65di24dg
53a7265b20f7420be8b73b06,42ex11ay
555036dd7cea80f954161b94,62ou45cj
53a7239420f74fc8a8f32f10,10uu67xg
53a7252120f7420be8b46a93,07tv41zb
5736ae3ad39c4f40a797600a,18pz55dj
53a7289720f7420be8bb2ab0,81uz94ae
5390995a20f70186a0e140f7,13ds79od
555037ab7cea80f95419563a,32gx92er
55f95712c35f4fb0d21cdaf3,27zs48ie
53a7314220f7420be8d310bf,52ye61jv
53a72a8a20f7420be8c04ac7,79xl84ql
53a7293520f7420be8bcc835,06iw47ni
53a724a620f7420be8b36796,65zu98ln
53a7325620f7420be8d8fa98,19yo36xi
53a72ca020f7420be8c4a32c,97iq98iy
53a72acc20f7420be8c0d90d,67tj79bz
53e185d120f7dfbc07e8d739,04wt11wy
5390a3c220f70186a0e6e19b,35ki34gw
53e1894a20f7dfbc07e8edcb,65mw56pn
53a72c4020f7420be8c3da37,86wc51hq
53a72b2220f7420be8c1adfd,92pn66ph
53a72d3520f7420be8c5e252,17sd08fg
53e1851520f7dfbc07e8d228,46pz94pj
55f8deb7c35f4f6dfd415ff0,10gn38ck
53a72ae620f7420be8c10892,32ke82or
555037b37cea80f95419642b,44qf43vu
53a7327720f7420be8d99eec,37ue74bx
555037a27cea80f954193ca9,09zl85te
5550378b7cea80f95418e4ba,65ct19oe
555036c67cea80f954154618,45km34sd
555036f07cea80f954167a85,96tc80mu
53a72f4520f7420be8c9d99f,32ys92go
5550378b7cea80f95418e4ba,61oe89yt
53a7289720f7420be8bb2ab0,63tk04fk
53a7287f20f7420be8bafb47,73lx91kj
5736ae98d39c4f40a797b2d6,14ie30yr
555036cf7cea80f954158d33,20ck12fn
54825a08582fc50b5e13a854,52dq72ni
555037bc7cea80f954197dae,29sx30vi
539e78278314ff4cf4b6430b,71es00ds
555036da7cea80f95415f80d,55qv09nz
53a732bc20f7420be8db1674,01et59jj
53a7236f20f74fc8a8f32def,67gc38vg
53a732db20f7420be8dba361,66fn60dy
53a7321620f7420be8d78ece,87bg88tl
53a7323220f7420be8d83319,18az32ca
53e187ff20f7dfbc07e8e579,87od50va
555037b17cea80f954196395,83lu39hn
53a72cb320f7420be8c4d250,71ow83gt
539e75918314ff4cf4a9bf09,94os05am
53a72f3a20f7420be8c9cd9c,36jb68vk
53a72ea720f7420be8c9630e,64mz29or
53a7300320f7420be8cd3e55,53md51bp
53a72b2c20f7420be8c1c59f,98xe43sh
539078ee20f770854f5a8403,58bn78nm
569a1db1b0b7fae0fc504d34,82gs00iq
53a726f420f7420be8b87a7c,77ji25wc
53e18c8d20f7dfbc07e9024f,13lo71qp
555036cb7cea80f954157572,82im16sg
555036f87cea80f95416b605,31nc92nc
53e1829720f7dfbc07e8c14e,11ak49uk
55f8e06cc35f4f6dfd41602e,77qo41nz
555037837cea80f95418b43e,35yt98aq
53954dcb8314d630bc9abf76,99us47fl
5736b296d39c4f40a799f254,39nq34je
53a7281720f7420be8ba8355,82fe92hr
5390a0c220f70186a0e50bbe,12ye97az
53907bed20f770854f5fa1c9,41tt49sg
53a72a1c20f7420be8bf3a8a,65id18bf
555036b37cea80f954149fe9,36tg00sn
5736b298d39c4f40a799f324,78uj55cz
555036e27cea80f954163f1a,85ft59jr
53a725ac20f7420be8b556b2,53hk95cg
53a726f420f7420be8b87a7a,02xl49nf
555036c17cea80f9541516a4,61sc93wb
539078f220f770854f5a8863,04xs82pa
555036f97cea80f95416c1f6,48gw56mk
555036ba7cea80f95414db53,48hz41ns
53a72e3120f7420be8c847c5,96mc23sa
53a72bad20f7420be8c2d5af,14kd78hh
53e181e520f7dfbc07e8bc9d,80tx98gn
53907abf20f770854f5dcbe1,80ab81oo
555036b57cea80f95414abdc,04zc04vg
53a726bb20f7420be8b7f846,87xc86nb
53a72b5920f7420be8c23003,90da05iw
555036f87cea80f95416b5ff,52bu69fa
5482604c582fc50b5e2061e5,29od74qz
53a7296d20f7420be8bd4a6a,32ah13di
53e186d020f7dfbc07e8ddb0,63xk05du
53907a2620f770854f5cef7b,06ge19fp
53a726ad20f7420be8b7e082,12ub92ca
53a723ce20f74fc8a8f330b9,14st78it
53a726a820f7420be8b7d4bc,82wx30sh
53a726a820f7420be8b7d4bc,71wj24rl
5390b65720f70186a0f1ac38,18qn98qn
53a7300320f7420be8cd3e55,04sa10fu
555037d17cea80f95419bdad,81ng42iv
5390ac3420f70186a0eb4bb2,36it99do
548263b1582fc50b5e28f3dc,49ex57qi
55f8cbf4c35f4f6dfd415b9b,09nn88lm
55463c680cf2939c2fee6afd,08rg26ky
55f95827c35f4fb0d21ce234,14yo68mk
55f8e082c35f4f6dfd416033,59xq36av
53a7266220f7420be8b746da,59fk74rv
53a731b220f7420be8d58a5d,97vj62fq
53a72c3720f7420be8c3ce4f,59so73wk
5736ae3ad39c4f40a7976014,06ht32tk
54824a1f582fc50b5dfdee0f,97bh78bh
53e1855720f7dfbc07e8d403,50qk82ox
555036f97cea80f95416c1e9,98qv41cy
53a7237320f74fc8a8f32e0e,59ex11ny
53a7311120f7420be8d1dfa8,39gp38dm
555036cd7cea80f95415814e,32ee85gx
53a727a620f7420be8b96781,69km58jw
53a7262220f7420be8b695b1,64xo81jt
555037037cea80f95416df37,16iu14eb
53a7239420f74fc8a8f32f10,32ch04yp
53a72c8e20f7420be8c47fa4,18xq45hv
5736ac91d39c4f40a795b5f7,91hd76pf
53a72aad20f7420be8c09da4,51qk76ht
539e795b8314ff4cf4b9ecc7,28jf72fa
555036f27cea80f954168667,01yh16vf
53a7310320f7420be8d1a4ed,53uv92lr
555037967cea80f954190ade,51hn60lw
53a730b220f7420be8d0394a,78lz26dj
53a7313f20f7420be8d30501,04tm99mz
555037a17cea80f954193c58,24ry10vi
53a7293720f7420be8bcc846,49zl22sk
539feea5831432abcb38cbb6,45lr35cb
5482641a582fc50b5e2a0615,31bi15kt
53e1808f20f7dfbc07e8b3ef,68cu60ec
53a72f5320f7420be8c9f149,74so52xv
555037b37cea80f95419642b,68ib30nt
548267a2582fc50b5e32e6b2,80ir74gx
58e5f1179ed5db0f8f46e39a,99yd76kv
53e183fa20f7dfbc07e8caaa,74nu86zz
53a7307820f7420be8cf3716,39ep66qh
53a72b1320f7420be8c18a81,52dx58en
53a730f220f7420be8d16a3a,37ff22pj
555036b97cea80f95414c3c2,05ou74jo
555036f07cea80f954166ec2,75ht81hb
555036b97cea80f95414cf7e,90vj55ri
555037717cea80f9541880b1,16kt87qz
53a732a120f7420be8da8999,07qa34md
53a7295220f7420be8bd037a,33ij50ef
539089e720f70186a0d9c5c3,02ii59at
555037287cea80f954177945,39zv96ch
5390795220f770854f5b65b4,46ku70pq
555036f27cea80f954168661,15vl34hi
53a72a9d20f7420be8c07a1a,48hf30mv
53a72d0c20f7420be8c583d4,77ai53dw
539089b420f70186a0d976ad,53fv65hs
555037247cea80f9541760a0,46so44zb
5390b65720f70186a0f1ac38,86el06qy
5736b00dd39c4f40a798df58,94sq11dy
555036ee7cea80f9541662d5,64dd67ht
55f95ab1c35f4fb0d21ce8e9,60ze95ma
53a7325720f7420be8d8fa9b,53up15xh
53a72d4220f7420be8c5fa02,09aj39dk
53a72a7120f7420be8c00f90,40gz89gc
539e75918314ff4cf4a9bf09,10nn45vw
5736b064d39c4f40a799195a,89eo42rd
53e183fa20f7dfbc07e8caaa,88pd03ym
555036df7cea80f954162775,50bx84px
53a72a7920f7420be8c01b7d,79vu88fa
555037ab7cea80f95419563a,93is16fi
5550379b7cea80f95419238b,78zl15pu
53e1802920f7dfbc07e8b161,99vo12kn
555037a07cea80f954193051,12ni70qs
555036c67cea80f954154632,74qw63nv
555037987cea80f954191711,76at68kq
53a7329a20f7420be8da4ef6,52rd67jf
53e187ee20f7dfbc07e8e504,78ka27mz
555036cd7cea80f95415814e,47cx68mo
5550372e7cea80f9541792a7,77nu57fe
5390960720f70186a0df3582,89op83rh
53a728b920f7420be8bb6609,65id78le
53a7265820f7420be8b72f3b,37fs02nz
555036ce7cea80f954158d1b,54io52lo
555036bd7cea80f95414f313,91ji87mh
53a7263a20f7420be8b6d0e5,90ft97ra
53907a6420f770854f5d2212,92yz92wt
53a72fa620f7420be8cb8c2a,98de12go
53a724ff20f7420be8b423cb,43pz89sm
555037247cea80f95417608a,27lz63gs
53a72f9320f7420be8cb3a04,06ur08jv
53a72de020f7420be8c77388,00ni64ff
555036da7cea80f9541603cb,45dk43na
5550372a7cea80f954177a10,54jg52nf
53a726bb20f7420be8b7f846,25oc89el
53a7308320f7420be8cf660b,01vy41ai
555037987cea80f954191709,13cn04jg
53a72b1320f7420be8c18a81,41sn71bq
53907bed20f770854f5fa1c9,57xl70rb
53a7280020f7420be8ba4838,24dl10fg
53a72dad20f7420be8c6e63a,78qm19wh
555036e07cea80f95416334d,94le87ki
5736b00cd39c4f40a798deba,64fc57nj
53a72cce20f7420be8c501c9,93xx45ei
555036bf7cea80f954150acd,14yz96xb
53a72f4820f7420be8c9d9b2,50jk00zo
53a7292120f7420be8bc52b9,94lj44qj
539ff4dd831432abcb4af0fc,81vg84bs
53a72dc620f7420be8c7387a,95dc21tz
555037247cea80f9541760a0,43qm54sg
5390a21620f70186a0e5e13d,12yt99ge
555037167cea80f954172c47,66cw99ol
5736ae98d39c4f40a797b2d6,00xs79lw
5390a27f20f70186a0e60dec,80xc13fg
54824a1f582fc50b5dfdee0f,87wi24sl
53a725fd20f7420be8b61fb5,69zf17vv
53a727e820f7420be8ba0d0d,88rj04kf
53a72b6a20f7420be8c25373,77ys17vv
53a72f4320f7420be8c9d98e,68nt41ro
539078f320f770854f5a8929,47xy01ee
57d08b0a0a3ac5db499241e3,04ba42ro
53a72a3c20f7420be8bf75f5,75lq55te
53e17fb020f7dfbc07e8ae6a,33cv86rl
53a72f9620f7420be8cb45c1,65wb51du
555036f57cea80f954169e1d,23it43et
53a72bba20f7420be8c2ed2f,90uq03dp
53a72a7920f7420be8c01b7d,03ml74yw
555036b77cea80f95414b7e0,63rq03li
53a72f4120f7420be8c9d97f,91ht18zc
53908b4220f70186a0dba751,27pc47ha
555036c17cea80f9541516a9,40fs28pm
5390b7aa20f70186a0f252e4,49ll68en
555037a07cea80f954193051,41oa93hv
53e1868120f7dfbc07e8dba5,33sg07rw
5390bb5020f70186a0f3f2a0,81wj96jd
53a7285420f7420be8baee47,62xw08yz
53a72e4e20f7420be8c87735,24ux04pu
53a72b2d20f7420be8c1c5a8,80or84hh
53a732bc20f7420be8db1673,37wg47vn
53909f2a20f70186a0e36f6c,61eg96kt
555037347cea80f95417a09d,72bw82lk
53a72a1c20f7420be8bf3a8d,94vr24ag
555037d57cea80f95419beae,95cf77kt
53a730aa20f7420be8d01612,27xi69dx
555036de7cea80f954161b9a,08pb08qp
53a72f9320f7420be8cb3a04,18ck60el
53a7255f20f7420be8b4d4de,96ge14dl
539078ef20f770854f5a84c2,13ig06ai
53a7300320f7420be8cd3e55,73ud93mj
53a72a8a20f7420be8c04ac7,27bp26fy
53a728e520f7420be8bbc4bb,63ck87qv
53a72ca420f7420be8c4aef0,96tq55sa
555036f97cea80f95416c1ec,23sn81ad
53a7317720f7420be8d44d80,24bz30so
539e773a8314ff4cf4b2c05a,07bv73pn
555036dc7cea80f954160fae,18qb91up
53a7263720f7420be8b6c51a,63zp52rl
555036b77cea80f95414b7e0,34yq91kj
53a7295920f7420be8bd1b19,68ct56iv
548253b7582fc50b5e07d6fd,72po70jf
53a72d1f20f7420be8c5a757,99ig16qt
53a7321820f7420be8d79a92,77hr54sq
53a72fcc20f7420be8cc47ec,45qy90um
53a725d720f7420be8b5b568,23jv00vy
53a723e020f74fc8a8f33133,24lv70ea
53a7283920f7420be8baca71,64wq09db
53a72b2c20f7420be8c1c59f,25iq23rr
53e17f6020f7dfbc07e8ac81,12fl94dg
580711219ed5dbed60a2f7d8,07ua99gv
55f8e06cc35f4f6dfd41602e,54bx85ps
555037717cea80f9541880b1,80nq18be
555037287cea80f954177914,42tj68ln
553bf8ac0cf2b2c73cb0516b,57gp12ff
555037257cea80f9541760c2,87me29dd
539fef88831432abcb3b7535,08en81ck
53a726ca20f7420be8b84a8c,90jq40ps
555036df7cea80f954162776,87vz39na
53a72dc620f7420be8c7387a,35sz20sm
53a731fd20f7420be8d70db9,49yv94ut
5390885420f70186a0d8e898,14oy83do
53a7262a20f7420be8b6ad53,44fg49ln
5395455c8314d630bc7dce23,71ts88ws
5736b298d39c4f40a799f328,95xb27yp
555037bc7cea80f954197db4,12sa12gb
5390ac8320f70186a0eb7583,96mx49ry
53a729ec20f7420be8beacca,10at91ra
5390ac8320f70186a0eb7583,13xo08fy
53a7329a20f7420be8da4ef6,56tc75uw
53a72a9620f7420be8c06e2d,88it14wz
555036b87cea80f95414c3c0,79zw51xr
53a72acc20f7420be8c0d90e,00ea63vv
53a72a7c20f7420be8c032fb,40cd89dg
555037887cea80f95418d835,41iy40od
53a72dbe20f7420be8c72ca2,80xn57om
55f8c863c35f4f6dfd415a71,06dl02hc
53a7299820f7420be8bdc08e,87io68pe
53a7309e20f7420be8cff2d3,34zo58qc
53a7294520f7420be8bcebc5,56zr59ya
5550376d7cea80f9541873d5,59no64uu
539ff23e831432abcb43c916,83vy07ap
5550370d7cea80f9541705cf,94fm41tj
53a732bc20f7420be8db1674,61rc33uv
54825e28582fc50b5e1bf04a,10fx86sf
53a7262a20f7420be8b6ad53,30vz48su
539e78288314ff4cf4b6430e,12oz58no
555036f87cea80f95416c1bf,18vu00kf
555036df7cea80f954162776,19ko82zg
55f95824c35f4fb0d21ce22a,70bq74ap
555036b67cea80f95414abfe,37cv80nw
53a7266520f7420be8b75295,61by58eh
53a7252d20f7420be8b4766b,84rc55pq
53907e3020f770854f610f8a,58hn77xj
54825d85582fc50b5e1adcda,45uv47oo
5390bb5020f70186a0f3f2a0,86ze79sz
54824c66582fc50b5e008eb0,45vz89iq
57d08b550a3ac5db4992602b,39sl06ot
53a72c3720f7420be8c3ce4f,30dd30ix
53a72f4520f7420be8c9d99b,74az73qu
555036c17cea80f9541516a4,22jc54vw
539e759d8314ff4cf4aa0d30,96dl33fu
53a72b0920f7420be8c16721,47kz29jb
53a001b1831432abcb737ee4,92gf13ig
5550371e7cea80f954174719,35dj04xv
53e1808f20f7dfbc07e8b3ef,47cv04ff
5736ac05d39c4f40a7953a30,79rb29in
53a727f720f7420be8ba3092,25wx29pv
53a7307020f7420be8cf13e1,57au77cm
53a730db20f7420be8d10c65,16hg26wz
53a72fea20f7420be8ccc8fa,75xb58zv
53a72c3720f7420be8c3ce4f,37ay97rn
53a72f4120f7420be8c9d97e,79sf87cw
53a72f4520f7420be8c9d99b,77hb60kj
53a727a920f7420be8b9734b,47fa13vg
555036f17cea80f954167a99,50xv34nx
53a72f4820f7420be8c9d9b2,78yy17ah
555037277cea80f954176d4c,37jp53np
548259f6582fc50b5e138119,51hu60sg
53907a4b20f770854f5d1d26,37yi06bj
53a7271520f7420be8b8b5bb,40ab12sx
555036c27cea80f954152285,83ob74be
5550378b7cea80f95418e4da,04yr67fq
539e7ba38314ff4cf4c16779,71tp20pr
53a72ae620f7420be8c10892,65tu13tm
54825a20582fc50b5e13cfac,21np48dq
539078f320f770854f5a8929,73zs74bk
53a725f120f7420be8b5e4e8,60uj54gs
555037297cea80f9541779b3,04qf68ab
5550371b7cea80f954173a2a,96ev38og
53a7304f20f7420be8ce8718,78ub54gt
55f9577bc35f4fb0d21cde88,27en63qs
53a72c5920f7420be8c42ca7,80vw85xh
53e1886d20f7dfbc07e8e83f,38ta26vo
53a7316520f7420be8d3ef9e,44sw87jv
53a728ec20f7420be8bbdc4d,09cy94tu
555036ef7cea80f954166ea8,17tz25dl
55f95acdc35f4fb0d21ce920,45zl49jp
53a725fe20f7420be8b61fbf,64fv47tq
53a72f4520f7420be8c9d99b,28pr62fl
555037a17cea80f954193c58,11tw63ls
5550379b7cea80f95419238b,59ve62lx
53a7262220f7420be8b695b1,94kz65hx
555036cc7cea80f954158140,87cp30xu
53a72d8920f7420be8c693a2,85ae00fl
539ff0c8831432abcb3f5b8f,00mj70bo
53a72d8920f7420be8c693a2,30lz52ut
53a72a3c20f7420be8bf75f6,49pu42yi
555037257cea80f9541760c2,30da78hd
53a72aad20f7420be8c09da4,47pq07bt
53a732bc20f7420be8db1674,66aq29pz
555036e27cea80f954163f17,97yf75ec
555037937cea80f95418fe2d,77eu05cq
53a72cc120f7420be8c4ea0d,06uk84bq
53a7256120f7420be8b4d4eb,85pl57ib
53a7286420f7420be8baeecf,69ft55mm
555036df7cea80f95416276a,76av00hr
53a7237320f74fc8a8f32e0e,38jb88xg
53a7319920f7420be8d52c60,06vl45ln
5390894a20f70186a0d94962,51co86ob
53909f2c20f70186a0e36f85,39ig89xr
553bf54b0cf2b2c73cb048fd,56qr27nf
53e1818720f7dfbc07e8ba26,53uw99bv
53a72e3320f7420be8c85382,99tr59rf
553c16840cf2b2c73cb09370,73ip83vy
53a72a5c20f7420be8bfe023,04tw44tq
539549f48314d630bc847331,95df68db
5482517d582fc50b5e0426de,92sc86pg
555036f77cea80f95416b5e1,30rr88fc
53a72a8a20f7420be8c04ac3,08on58pr
5550372e7cea80f9541792a7,52ts71ma
555037207cea80f9541747a2,81jy48tb
539078f220f770854f5a87f7,23zg84wy
555036db7cea80f9541603e3,15go19kt
53a72cc120f7420be8c4ea0d,06vm21cw
539078ef20f770854f5a84a4,60rh25or
53a7252d20f7420be8b4766b,17dr16qq
53a72f3d20f7420be8c9d960,50ve64iq
53e1894a20f7dfbc07e8edcb,69tu41vo
5af19a85530c709c950d8b67,88za22fg
54824c66582fc50b5e008eb0,84hv34zr
54825226582fc50b5e05610e,92tg31fu
53a7299820f7420be8bdc092,03kg22xi
53a7255f20f7420be8b4d4de,71pe79bd
58e5f1179ed5db0f8f46e39a,58zv43mb
555036e47cea80f954164b0c,32rd06lu
53a7261020f7420be8b66671,46ht68ir
53a7236f20f74fc8a8f32def,32gn25pz
53a724ab20f7420be8b37366,12ib84dy
53a72da320f7420be8c6cea4,38uc96yv
53a7295e20f7420be8bd26ee,71wz15of
555036cc7cea80f954158140,55hk41ao
555036b97cea80f95414cf81,45qe61my
53908b4820f70186a0dba79d,15qn15hp
555036e67cea80f9541656f9,38ef01ha
5550379b7cea80f954192377,66ki62sf
53a72e9920f7420be8c93fac,84ow91oi
53a726f620f7420be8b87a8e,80cy68cm
55f9644dc35f4fb0d21cf129,91dt61ov
53a7237320f74fc8a8f32e0e,56dc34rm
555036be7cea80f95414ff00,96wa50dd
53a7316520f7420be8d3ef9e,67fq64nj
555036c67cea80f954154639,60tr21sm
53a7307320f7420be8cf1f9e,23jw01sp
53e18c3520f7dfbc07e9003d,82qw70fq
555037627cea80f954184e33,94zx95vb
53e1822d20f7dfbc07e8be8d,21vr10vl
555036f97cea80f95416c1dc,64fy76nj
5390797220f770854f5bb951,12mk66rc
53a72f3720f7420be8c9cd87,10zl21ge
54825d82582fc50b5e1adcd4,55vx46go
53a72cfa20f7420be8c554b2,58iy04ih
53a7325f20f7420be8d92988,34ig74dd
53907a7a20f770854f5d4b90,48bz07sj
53907a4b20f770854f5d1d26,16lk09bp
53a7237520f74fc8a8f32e1d,19qm69xy
53a72cf220f7420be8c548d6,78pc83nt
53a72f5520f7420be8c9f155,97uo81wd
53e185d120f7dfbc07e8d739,75kt70xb
53907b0d20f770854f5e2731,04yq62in
53a72a4920f7420be8bfa51b,70ri47rx
53a732a120f7420be8da8999,36em67dr
5390796c20f770854f5b91a3,94tq37wc
53e1815b20f7dfbc07e8b8e9,19ab28nk
53a7270b20f7420be8b89e13,32oe46xb
555036dd7cea80f954161b93,23mt53qc
555037607cea80f954183657,56rz37nh
53a7253520f7420be8b4822b,66fe31za
555036b37cea80f954149fe9,76yt32hy
53e183fa20f7dfbc07e8caaa,53dx84ys
53a72b0920f7420be8c16721,96jn00ud
555037387cea80f95417ad5a,49xn44wg
5550372c7cea80f954178633,68mf58tc
555037717cea80f9541880b1,73qi86bc
555036ca7cea80f954157560,30yc60ks
53a7327220f7420be8d97bbb,88qd40jr
53a732aa20f7420be8dac441,27dh71jq
539e795b8314ff4cf4b9ecc7,38on00ym
53907d0c20f770854f608eb7,28kx35eq
55f95712c35f4fb0d21cdaf3,65kn00nc
5390794720f770854f5b640c,21db19tl
555037cc7cea80f95419a51f,75yg68ta
539078f220f770854f5a882f,27hm39ur
53a72a0820f7420be8bedc69,50cw29nz
53907dad20f770854f60d3c0,24ws67yw
53e182d320f7dfbc07e8c2dc,76bm91lo
555036ba7cea80f95414db5f,32po49he
53a7255220f7420be8b4bd35,84ag14bb
5736ae3ad39c4f40a7976010,70wp45xo
539078f320f770854f5a8929,19no88wv
5390986b20f70186a0e095d1,85yt28px
55f95827c35f4fb0d21ce234,90wd34ia
53a7326720f7420be8d9410d,41ma49gw
53a72a5c20f7420be8bfe023,41gl57ga
555036c17cea80f9541516a4,79mg33qu
53e1811020f7dfbc07e8b6fe,10fa29zk
555036cd7cea80f95415814e,94ny65fn
53a72a1c20f7420be8bf3a8d,12gk30ya
53a726d320f7420be8b84ad2,08pa33mr
53a7299820f7420be8bdc092,38sf15rq
53a729ef20f7420be8beb892,73gs83wm
539547aa8314d630bc7f8956,46vi55dj
53a727a920f7420be8b9734a,22dp77xo
53a7320220f7420be8d7197f,55mv85vn
539089f820f70186a0d9c85a,86op71ew
53a72cb320f7420be8c4d252,16dy33yv
555036f47cea80f954169255,27ft25zw
53909c0c20f70186a0e2564e,95rx09bl
53e1802920f7dfbc07e8b161,48uk46gp
55f95827c35f4fb0d21ce234,76an99gs
5390a21620f70186a0e5e13d,00he98kb
53e187ee20f7dfbc07e8e504,36yi29sv
5550379b7cea80f95419238b,93qy97bt
53a7285020f7420be8baee28,41be93mo
5550374a7cea80f95417ebd5,66jy55gz
555037bb7cea80f954197d71,51gq88ht
53a726d620f7420be8b84ae9,93hp99jz
555036e47cea80f954164b07,46hs16fh
5482604c582fc50b5e2061e5,66wi81dv
53a72a4920f7420be8bfa51b,64je67hw
555037a07cea80f954193051,71ic27ba
53a732bc20f7420be8db1674,11wx58ez
5390796720f770854f5b90b7,33lp96xu
555036cd7cea80f95415815a,43ds03ty
5550376d7cea80f9541873d5,23br79uk
5550372a7cea80f954177a10,05dz90xg
555036f37cea80f954168678,97oi18gv
53a72ca020f7420be8c4a32c,06nt69lm
5390ac3420f70186a0eb4bb2,61ye37qn
53a726f620f7420be8b87a8e,31se93sy
53a7321820f7420be8d79a92,63up86kf
53907ba420f770854f5efef3,68oc09if
5550378b7cea80f95418e4ba,60tu81yb
53e180a920f7dfbc07e8b47a,76ul23rq
555037b87cea80f954197126,25rw36xs
53a726f620f7420be8b87a8e,52ue02wi
555037407cea80f95417c679,81os80gn
53a72ca020f7420be8c4a32c,75rj57rf
53a72aec20f7420be8c1201c,98zu34sg
53a7271220f7420be8b8b5aa,09bm31po
55f95c2ec35f4fb0d21ceabc,49mo17nj
53a72e9c20f7420be8c94b6e,32py63cw
53a730b220f7420be8d0394b,76aw35qg
53a7323220f7420be8d83319,94ml57yv
53a7326720f7420be8d9410d,95uv93av
53a726ec20f7420be8b862ed,87df99kc
555036b97cea80f95414cf92,71cb68mw
5390bda620f70186a0f47f47,20ok73xx
555037737cea80f954188151,87dl24us
55463c680cf2939c2fee6afd,74cf24oo
53a7327220f7420be8d97bbb,83fy67qz
555036bf7cea80f954150acd,66um62nm
53a729c020f7420be8be07dd,35it27bn
53a72f3720f7420be8c9cd84,12xw06vg
53a7317720f7420be8d44d80,41zh22es
539549f48314d630bc847331,60wg62eq
569a1db1b0b7fae0fc504d34,45dt01zp
555037d17cea80f95419bdaa,58jx09jg
53e183fa20f7dfbc07e8caaa,81kk07an
555036dd7cea80f954161b91,20dy68fd
539078f120f770854f5a87b6,33np26wx
53a72f6320f7420be8ca2c23,59pb08eg
53a7315b20f7420be8d3b4f2,06ip46rf
555036b77cea80f95414b7e5,05qu60au
53a7326920f7420be8d94cca,68ed95sq
53a724a620f7420be8b36796,52ep10um
555036c97cea80f954156992,50vk69gu
539e78278314ff4cf4b6430b,65og91du
55f8e06cc35f4f6dfd41602e,93nu92rx
53a7281720f7420be8ba8355,96hd68ov
555036da7cea80f9541603ce,56eu22ld
53a72bba20f7420be8c2ed2f,58ks83hc
53e1868120f7dfbc07e8dba5,97rv98zn
555036c37cea80f954152e65,34dr46wq
53a72def20f7420be8c78b3d,04aw11yr
53a72f7320f7420be8ca95be,42sj55ot
54824c66582fc50b5e008eb0,39ir89vd
53908b4620f70186a0dba77a,32yz71bh
53a728be20f7420be8bb71de,73gr33rl
53a72f3420f7420be8c9cd6a,31ex61rs
53a730db20f7420be8d10c65,87ui07we
53a727e820f7420be8ba0d0d,80od81th
54825219582fc50b5e0560db,23ob08au
53a72cd820f7420be8c50dc0,88wx86lt
53a7325f20f7420be8d92988,96kh47vv
5390985220f70186a0e06d7d,88px79zx
539ff861831432abcb563fc1,51za68tb
53a7256120f7420be8b4d4eb,11uj10qj
555036e67cea80f9541656f7,26rh43np
555037387cea80f95417ad22,08vq09dz
5550377c7cea80f954189b30,55un08by
5550372a7cea80f954177a10,66gi86cz
55f8d50fc35f4f6dfd415dde,01tj59id
5390a3ca20f70186a0e6e20c,98ha66yy
53a72c8220f7420be8c467fe,67gj86lx
53a7270b20f7420be8b89e13,09yt52zo
5482549a582fc50b5e0a495c,26jy54hk
548253b7582fc50b5e07d6fd,03kd77yr
53a72a3920f7420be8bf75ea,95dv98ud
5390995a20f70186a0e140f7,16yw20go
53a72a7520f7420be8c01b5e,63si95fl
5550378b7cea80f95418e4da,43yv12pp
53a72e9c20f7420be8c94b6e,45qi09uc
555037d17cea80f95419bdad,69ni97fw
53a72de320f7420be8c77f48,15xn71bt
5550378b7cea80f95418e4da,54dz85vz
539ffba2831432abcb5eeb7f,26au59mb
53a7307120f7420be8cf13e3,22mx61ej
555036e27cea80f954163f17,28ev17pn
539ff240831432abcb43cb6f,06xr61sf
555036c67cea80f954154639,03tp66pu
53e183fa20f7dfbc07e8caaa,04ph65po
55f95827c35f4fb0d21ce234,76py23fd
555037057cea80f95416eba3,91js42al
55f95ab1c35f4fb0d21ce8e9,19by25cb
555036f37cea80f954169246,26nd82aa
53a7237820f74fc8a8f32e34,65bo21il
55f95acdc35f4fb0d21ce920,51xb20yp
53e187ff20f7dfbc07e8e579,22gq78fg
53a002f5831432abcb742cff,43de45wz
53e183fa20f7dfbc07e8caaa,09ue56ey
555037bb7cea80f954197d71,71jr50bo
555036c17cea80f9541516a4,64dh85ux
555036cc7cea80f95415814a,61rh82wy
5390790620f770854f5ae0b8,28yj00zp
53a7326920f7420be8d94cc9,07wv29ml
53a728bc20f7420be8bb71d1,40qm13hi
555037057cea80f95416eb91,85pa12ym
53a7281720f7420be8ba8355,17vc73zq
5550374a7cea80f95417ebd5,22ns19nn
53a72b0920f7420be8c16721,34cp83ip
53a72ece20f7420be8c9c16e,82lb14ia
53e1809820f7dfbc07e8b420,89bb38jz
5736ae3ad39c4f40a797604f,17fd47xb
53a72ab320f7420be8c0a98a,53zx24ox
53a72dc620f7420be8c7387a,63ft22yz
555036b67cea80f95414b7b8,24ss02at
555037b77cea80f9541970d8,55op50om
53a72cc420f7420be8c4ea1f,34ef11iq
53a7255220f7420be8b4bd35,00zs53wu
572dd8ddd39c4f49934859f5,96hh42tv
53a72c0f20f7420be8c3872f,41gm36th
53a72e3b20f7420be8c85f5b,08tj96qb
53a72b3420f7420be8c1d18d,92ki28ia
54825255582fc50b5e05afdb,61qc73zu
53a7291120f7420be8bc2f2c,30ry66ie
53a72f3520f7420be8c9cd78,47ii21ue
53a723ce20f74fc8a8f330b9,75dr27cl
53a731f620f7420be8d6ea83,63uc27xr
55f8d4f1c35f4f6dfd415dd7,21qn01ck
53a72d6120f7420be8c6352f,63qu59hw
53e1891a20f7dfbc07e8ec88,64pj71wr
555036c47cea80f954153a30,06bq81gt
53a72f9320f7420be8cb3a04,40wi09kk
53a732dd20f7420be8dbaf1f,90az71pg
555037807cea80f95418a7fb,97tj20eu
55f95acdc35f4fb0d21ce920,44fc00qa
53a723e520f74fc8a8f33157,04pj89lz
555036ce7cea80f954158d1b,02rw45sf
53a7285220f7420be8baee38,65hw36oc
555037147cea80f954171ffc,59sq42vo
539ffa35831432abcb5b0bb7,83ph97vk
53a725f820f7420be8b613da,54vh57hd
53a72b1320f7420be8c18a81,11dm97kp
555036f97cea80f95416c1d5,07jm18on
53a7319b20f7420be8d52c66,13oa64og
53a726ca20f7420be8b84a8c,22qc49oa
539e78288314ff4cf4b6430e,66pz08hp
555036d97cea80f95415f7f9,79fg82xo
53a72a1f20f7420be8bf4658,22xf74bz
53a732b420f7420be8daf334,40rh14ms
555037c77cea80f954198cd2,42hn63ik
555037a97cea80f9541955aa,04xk70yj
53a7325620f7420be8d8fa98,81ud01gd
53908ed120f70186a0dd7c67,39li81gs
55f95ab1c35f4fb0d21ce8e9,90fk69xm
555036b77cea80f95414b7d2,37vs18uc
555037257cea80f954176cb9,48ky61nq
555036b67cea80f95414b7b8,26mr70vm
5550378c7cea80f95418e52e,56za71qk
53907bed20f770854f5fa1c9,62yb99sw
5390b54820f70186a0f0473b,52ta81bo
53907e7520f770854f6118d5,23rv25au
53a72f3420f7420be8c9cd69,67yr61dn
555037607cea80f954183657,71cl50kq
5736af83d39c4f40a798942b,40jm03pd
5550378a7cea80f95418d8bf,71nf79dp
555037a97cea80f9541955c0,34vs90ji
53e186d020f7dfbc07e8ddb0,53rq44ql
53a7255f20f7420be8b4d4de,06ih63nr
53e1855720f7dfbc07e8d403,62jh01pi
5390796c20f770854f5b91a3,89cm12sx
53909c0c20f70186a0e2564e,64lf47rw
53e181e520f7dfbc07e8bc9d,13cf85fq
5736abaad39c4f40a794f20d,50ma58rt
539078ef20f770854f5a84db,61vb35bg
53a72cba20f7420be8c4de31,52dy68mc
53e189cc20f7dfbc07e8f11d,92bt69jw
53908b7320f70186a0dbf6ad,07wp81aj
53a72cba20f7420be8c4de31,54yf93ba
53a72f5820f7420be8c9f16c,06ll54yf
53a7297020f7420be8bd4a7f,15nc07cd
53909e7920f70186a0e2a2ce,26iy74bv
539e79a78314ff4cf4bafe53,04iu66sz
53a7297020f7420be8bd4a7f,08ip66bo
53a72e0e20f7420be8c7d217,41gt32lr
555037a77cea80f954194993,46gt72cm
53a723b820f74fc8a8f33026,67ub73ct
5390796720f770854f5b90b7,26ci93xx
5550373e7cea80f95417c622,96tb84ax
53a72a2720f7420be8bf5248,43ve99hi
55f8d4f1c35f4f6dfd415dd7,77zv25pb
53a72f5620f7420be8c9f163,66ck69pb
555036e27cea80f954163f24,30ll65qb
53a7314220f7420be8d310bf,86mx77ee
53a7316520f7420be8d3ef9e,72go83xh
539e75918314ff4cf4a9bf09,02ll45rc
53a727a920f7420be8b9734c,18tj34ie
53a728d020f7420be8bb9573,94nn48fy
53a726ad20f7420be8b7e082,78vq06fq
555036b87cea80f95414c3be,58sm94te
53a72ba620f7420be8c2c9dc,88dd83we
555036b97cea80f95414cf83,64ds17on
555037b77cea80f9541970d8,20sv29nm
53a730a620f7420be8d00a51,42rw46rr
555036c67cea80f954154627,24ke23hz
57d08a8a0a3ac5db49921076,19nj87ke
53a732ad20f7420be8dad000,21gh33dl
555036f67cea80f95416aa0d,76ey30ka
555037257cea80f9541760d3,49ja34qu
53a730f220f7420be8d16a3a,78mv49vc
53a7260820f7420be8b64320,22vy43mk
555036dd7cea80f954161b91,18ph19cl
555037287cea80f954177936,66sm79fd
53a72bba20f7420be8c2ed2f,96mg65jh
53a72f5d20f7420be8ca08ea,73wc59of
53a00345831432abcb74930f,94gq15zf
555036f77cea80f95416b5e1,93if89wu
53909ed520f70186a0e31cc4,59ld25tn
53a72b2c20f7420be8c1c59f,55ew06sz
53a72a3c20f7420be8bf75f6,17vk41is
5736abacd39c4f40a794f45a,48vk07th
555036b77cea80f95414b7e0,71kg64yd
53a7326920f7420be8d94cca,85cw94mw
53a7326720f7420be8d9410d,99tw28aw
53a72ded20f7420be8c78b2f,07bc49ee
5736adb9d39c4f40a796eafd,88bs49jk
53907b0d20f770854f5e2731,16mr17az
53a723aa20f74fc8a8f32fb8,50qi64up
53e1835420f7dfbc07e8c665,96ie35um
54824c66582fc50b5e008eb0,90gb68uo
555037257cea80f9541760d3,55kl41gj
555037627cea80f954184e33,22wg56iy
53a72dad20f7420be8c6e63a,99hp19nq
53a728a720f7420be8bb427c,74ze44mp
53a7298b20f7420be8bda8da,28mt59uo
53a727e020f7420be8ba0120,81dy06qq
555036d97cea80f95415f7fa,87fb16gy
53a732d220f7420be8db801f,50lj67ya
555036be7cea80f95414ff01,24kc63oj
53a7316520f7420be8d3ef9e,04tt15nb
539e72148314ff4cf4994374,10gw50yy
53e1839520f7dfbc07e8c7fc,48ti93kl
53a72f4320f7420be8c9d98c,08py97nz
53a732db20f7420be8dba361,35db31pg
53a72b6020f7420be8c24789,14fo80lg
555037987cea80f954191711,91uj07ck
53a72ea220f7420be8c9573e,04yd14xc
53a729c720f7420be8be2b2a,57ez58hm
555036c87cea80f954155dc5,24vv87ag
53a729d020f7420be8be42d3,84ze05aa
539078f520f770854f5ab130,97ow81kw
53e18a4720f7dfbc07e8f429,34dk97vg
5736ae98d39c4f40a797b2d6,67ew29es
53a729c720f7420be8be2b27,72of14yr
53907a2620f770854f5cef7b,41ti25dw
555036bc7cea80f95414e748,36pv51lb
555036ef7cea80f954166ea8,02hx00ef
53a723b020f74fc8a8f32fe5,88ym42qq
53a7285420f7420be8baee47,82mc85jt
53a72bac20f7420be8c2d5a9,36nb47bn
539e773a8314ff4cf4b2c05a,25tx01vm
53a72a3f20f7420be8bf81bf,37nq09ql
5550374f7cea80f95417f8ee,35gs58sn
53a72f4220f7420be8c9d985,57xk53pn
53a72b5920f7420be8c23003,23rq20oe
555036df7cea80f95416276a,02ri46sz
5736ad0ad39c4f40a79640a1,45ge50tg
54825e28582fc50b5e1bf04a,88hv23cy
53a72ca420f7420be8c4aef0,11my18fv
539e7b2a8314ff4cf4bfe0c5,71pb85if
53907a7a20f770854f5d4b90,08gu65bw
555037427cea80f95417d2d0,45qf32ba
53a72d9b20f7420be8c6c2be,35mf51vx
555037477cea80f95417dfa1,01iw61hp
53a72fb020f7420be8cbc6d3,66af38jb
555036f47cea80f954169255,86qh16zc
53a730db20f7420be8d10c65,82lj63qs
53a72d1b20f7420be8c59b94,65li74mr
555036b37cea80f954149fe9,91ft94os
53a725b520f7420be8b5628b,76kk95pl
555036db7cea80f9541603e9,80kz35zp
53e17f9920f7dfbc07e8adcb,03pt58zr
555037257cea80f9541760c2,75qj72xs
53a727c320f7420be8b9ba2f,81np11nt
53a725d720f7420be8b5b568,71bm20tw
5736b00dd39c4f40a798df75,01du75ck
5736ae3ad39c4f40a797601c,79bn75qk
53a7295e20f7420be8bd26ee,32az51jf
555036e27cea80f954163f17,13mr85gx
555036b87cea80f95414c3c0,52lq38sh
548263b1582fc50b5e28f3dc,09nq54uk
5390995a20f70186a0e140f7,24qq45jp
53a7279120f7420be8b9381d,11qw86ye
555036f87cea80f95416b5ff,00fr55fp
53a727fe20f7420be8ba4825,17zp60fm
53908a1620f70186a0d9cc73,74ti27mk
539078f320f770854f5a88dc,12cc46ol
53a72da620f7420be8c6da65,83vd54fm
555036b97cea80f95414cf7b,79mt74ug
53a725bd20f7420be8b57a29,01pa64cm
555036f97cea80f95416c1de,42uo19gx
555037627cea80f954184e33,12ui23mf
53a72c3c20f7420be8c3da1d,63bn93gd
53a72f3220f7420be8c9cd5e,06pv59nv
53a7307820f7420be8cf3716,95al74fx
53a7294820f7420be8bcebdc,01zk54hk
53a7262220f7420be8b695b1,64lo33qp
53a7311c20f7420be8d231c7,88iy60jf
53a731a720f7420be8d5671a,95bx17oc
555036e27cea80f954163f1a,80an99ug
555036c27cea80f95415227f,53up26dc
53a72a4920f7420be8bfa51b,32hf55qu
555036c37cea80f954152e5a,29sa41ac
5550371b7cea80f954173a54,01uc94xh
53a726d620f7420be8b84ae9,15fh91je
53a7261320f7420be8b6667a,10ip06nv
53a732b420f7420be8daf334,30ji41cx
539ff9fe831432abcb5a9ac2,56qb19sm
5550379b7cea80f95419238b,14dp86vz
53a724ab20f7420be8b37366,62cp71va
555036f97cea80f95416c1de,93il79wu
555037937cea80f95418fe2d,36th65ni
555036db7cea80f9541603e3,53qf29ed
53907b7720f770854f5eabd8,67rw84uj
53909ed520f70186a0e31cc4,56za74ea
5550370d7cea80f9541705cf,03gc39vc
55f961eac35f4fb0d21cf010,73jy70qp
53a72ea720f7420be8c9630e,55ut62eb
555036dd7cea80f954161b94,61gp99rm
555037617cea80f95418423f,74en92gi
53907bc220f770854f5f4f92,00vz32qj
53a732a120f7420be8da8999,20aq18xe
53e17f7f20f7dfbc07e8ad44,57jd38ew
5736b296d39c4f40a799f254,78fz13ie
53a72c3720f7420be8c3ce4f,66vk57ih
5390b65720f70186a0f1ac38,04do60me
53a7327220f7420be8d97bbb,79kx78cp
5736aef1d39c4f40a7980579,60fg80aa
5550378c7cea80f95418e52e,51iy42ig
53a72dbe20f7420be8c72ca2,54sp70yk
53e1809820f7dfbc07e8b420,00an31bz
53a72a1c20f7420be8bf3a8a,45js57rh
555036c87cea80f954155dc0,49dt98eb
555037b77cea80f9541970d8,36hr48oh
5736ae3ad39c4f40a7976014,24pg33so
555037a97cea80f9541955aa,43rd66wa
53e17f9920f7dfbc07e8adcb,96gn03sp
53a731de20f7420be8d680d0,85ux02vr
5390885420f70186a0d8e898,16dh91uc
53a727a920f7420be8b9734c,02uw88vi
53a7265020f7420be8b72356,47pn97qz
5736ad5fd39c4f40a7968fbf,29xi13it
53a7256420f7420be8b4e0aa,27dl51sk
53a7287f20f7420be8bafb47,86pr06oy
555037347cea80f95417a09d,31dr87xp
555036bf7cea80f954150ac0,76sm45wn
555036cb7cea80f954157577,32oa70jt
53a72c4020f7420be8c3da37,76vy55ko
53a001b8831432abcb7383cc,22mb41xx
53a72f4220f7420be8c9d985,57ki78hj
539e7cc58314ff4cf4c5d492,36jv82zu
555037167cea80f954172c47,48qd74ox
53a72eca20f7420be8c9b5a3,93zi07qi
53907f2b20f770854f6158f0,62wg26nx
53a7271520f7420be8b8b5bb,78nq25wf
53909f2c20f70186a0e36f7c,57rb82dj
5550374f7cea80f95417f8e1,58ex96bv
539078f220f770854f5a882f,27zb42bc
53a72c1f20f7420be8c39eff,80bm35mv
53908b4620f70186a0dba77a,35vv87zn
53e1860520f7dfbc07e8d8a3,73ug37rv
539ffa35831432abcb5b0bb7,66xx00ar
539ff4dd831432abcb4af0fc,29su89dv
5550374f7cea80f95417f8ee,07xl92vk
53907dad20f770854f60d3c0,64gw91pp
53a72eb620f7420be8c98670,90rt28ch
53e1894a20f7dfbc07e8edcb,80er82ie
53a7292120f7420be8bc52b9,10fp79bq
53a72a9620f7420be8c06e2d,36te01an
53e17f9920f7dfbc07e8adcb,09fa07rf
53a726d620f7420be8b84aef,32hg83ls
555036f87cea80f95416b5ff,69vd29mh
53a7300320f7420be8cd3e55,61en68mo
555036bb7cea80f95414db72,27jb13nf
555037347cea80f95417a09d,64nv78nm
53a7295f20f7420be8bd26f7,42iq16xu
54825db9582fc50b5e1b2bba,39hp60js
555037767cea80f954188de2,60bu30hr
555037d67cea80f95419caa4,72mh27tt
539e72148314ff4cf4994374,15ao12rx
555036c87cea80f954155dc0,66aj60rt
53a7316020f7420be8d3cc71,52zf63ty
5736ae3ad39c4f40a797600e,25vi27zw
5390ac3420f70186a0eb4bb2,11yd93as
53a7326920f7420be8d94cc9,56os34wg
53a726d620f7420be8b84ae9,28lk88gj
53a7297020f7420be8bd4a7f,05ue03ux
53907a6420f770854f5d2212,52pv98ud
53a72de320f7420be8c77f48,37xg31js
55f95827c35f4fb0d21ce234,56dt37lb
555036dd7cea80f954161b8d,45wa90gv
555036be7cea80f95414fef8,51ru43hy
53a72f3420f7420be8c9cd6a,54rg65kb
53a7239420f74fc8a8f32f10,03kr08eu
555036e07cea80f95416334f,91sb65iy
555036f27cea80f95416865d,44hp37lg
5550372a7cea80f9541779ff,41jw12pq
57d08a7d0a3ac5db49920b02,67gp95bs
53a7265b20f7420be8b73b06,05de63lg
57d0879d0a3ac5db49914281,15rj23ox
53a7289d20f7420be8bb3683,07wi06fj
5ab100cd5cd006365435d238,40gq65lj
539078f220f770854f5a8863,24iv08gy
555036e47cea80f954164b07,40ud08nd
53907f2b20f770854f6158f0,25ve98df
539089e720f70186a0d9c5c3,26jz04le
54824fb3582fc50b5e02e6de,38si52ez
53a72b2d20f7420be8c1c5a8,57sc93re
5550374a7cea80f95417ebd5,41jv22hm
53a7237d20f74fc8a8f32e55,52sh37pa
539078f020f770854f5a8622,74ca65bk
555036c97cea80f954156992,30ic42vu
5550371b7cea80f954173a5b,18bp01xm
5390885420f70186a0d8e898,00uq11gn
53a72bfd20f7420be8c363b5,99ar36ly
53a7269720f7420be8b7bd01,26pr31ng
555037bb7cea80f954197d7b,22ca13hx
555036be7cea80f95414ff00,92oq34cz
5390b7aa20f70186a0f252e4,70xm11sh
555036e77cea80f9541662c6,81sa25so
53a7269720f7420be8b7bd01,04my07cs
539078ee20f770854f5a8403,21aw36uy
5390794120f770854f5b62b6,59oq57gs
53a7283d20f7420be8baca8f,40jh83um
555036f87cea80f95416b5ff,94nf55il
555036bf7cea80f954150ac0,79ow05uf
53e1851620f7dfbc07e8d229,82uh15qw
53a72bba20f7420be8c2ed2f,06el98mj
555036b77cea80f95414b7e5,48ug14kn
53a7297020f7420be8bd4a7f,71pf70lo
555036e77cea80f9541662c6,50hi45tc
555037287cea80f95417791c,72lz74zv
53a72e4e20f7420be8c87735,72al70mp
53a72f4320f7420be8c9d98c,33cs40kc
53a72d6120f7420be8c6352f,82xu43qw
53a72c5720f7420be8c42c9c,50ac24yf
555036c47cea80f954153a44,47rh19yv
53a7315320f7420be8d391b7,13sd14so
53e1892d20f7dfbc07e8ed07,06zo96qg
5736b298d39c4f40a799f324,58ck49ci
53a7323220f7420be8d83319,63hi11av
53a72f4320f7420be8c9d98c,16rb35mb
53909f2a20f70186a0e36f6c,11pm92hc
53a729e720f7420be8bea0ed,72nt92js
53a7309e20f7420be8cff2d3,28sq71tn
5736ac8cd39c4f40a795b13e,97ct91az
53a729ec20f7420be8beacca,95vy78ee
53a7313f20f7420be8d30501,31hh97px
54824cc8582fc50b5e00de7f,41gq16vr
53a72cc120f7420be8c4ea0d,96zp08pi
572dd9f7d39c4f499348ba05,66hz33be
53a725f820f7420be8b613da,74zc99em
53a72fbd20f7420be8cc0183,97sb14at
555036e37cea80f954164afa,82on67ae
53a7294820f7420be8bcebdc,45ps51wo
5550373b7cea80f95417ae1c,13xj28tx
53a7289720f7420be8bb2ab0,06lc83dk
53a72d8f20f7420be8c69f75,40hb75jh
555036f17cea80f954167a99,58dw73tq
53a725f820f7420be8b613da,50vk28ex
555036b67cea80f95414b7c5,55st90ks
53a72c3720f7420be8c3ce4f,19xo49ig
5736b298d39c4f40a799f324,97ie73ye
555036f07cea80f954166ec3,03hw40pz
5390796c20f770854f5b91a3,53mp92tc
555036b57cea80f95414abdd,49gs41de
555036f47cea80f954169258,70hg74wn
53907abf20f770854f5dcbe1,69ee33bc
53a72a7520f7420be8c01b5e,74jo72iw
5390af7920f70186a0eceb63,41sh39wl
53a7271520f7420be8b8b5bb,59gc90ph
53e1802920f7dfbc07e8b161,48lh16qq
53908a1620f70186a0d9cc73,43ox56rk
53a72d7620f7420be8c6646b,63yc64io
555037b87cea80f954197126,05pn69kk
539089f820f70186a0d9c85a,04am24pp
53e187e120f7dfbc07e8e4b8,15og80kl
5736ac91d39c4f40a795b5f7,08ch14ay
53e1867420f7dfbc07e8db57,93ca46tw
53a724fc20f7420be8b423bd,51tb44xa
5390797220f770854f5bb951,78rk95gi
53a72acc20f7420be8c0d908,79ru77vt
555036e07cea80f95416334d,76jc19is
53907b4f20f770854f5e7e87,39gf74bi
539078ef20f770854f5a84a4,07gb70bw
555036f77cea80f95416b5e1,70fa30gy
53a72f9320f7420be8cb3a04,76sm26yd
53a72c1f20f7420be8c39eff,69eq49zh
555036f77cea80f95416b5e8,60pa47kb
53a728b920f7420be8bb6609,03du96fr
53e1839520f7dfbc07e8c7fc,52pw67yx
5390794620f770854f5b63d6,96op57fg
555036f97cea80f95416c1fd,18wz74ll
53a7284a20f7420be8baedf9,78kz57ze
5390795620f770854f5b8d09,35ss76el
55f95789c35f4fb0d21cdee3,56ij44ic
53a730f520f7420be8d175f9,89gb53st
53a724ab20f7420be8b37366,01md91gf
555036dd7cea80f954161b91,99zn59oe
53a7279120f7420be8b9381d,14lw27ik
5550371e7cea80f954174719,01vs34hi
53e187ff20f7dfbc07e8e579,94wn45qm
53a7262220f7420be8b695b2,73qs34sh
539078f220f770854f5a8863,03jm57de
53a7269720f7420be8b7bd02,80mw57vo
555037907cea80f95418f1d6,44ed09lp
53a732c820f7420be8db5cda,83md56vz
555036f47cea80f954169256,96hc13am
5550371e7cea80f9541746e9,12sr77ul
55463c680cf2939c2fee6afd,73dk33zh
53a724fe20f7420be8b423c7,75nv83xp
53e1808f20f7dfbc07e8b3ef,82kt56wq
53e1886d20f7dfbc07e8e83f,65eh57gh
53a7263520f7420be8b6c507,51ka57rj
5736ae3ad39c4f40a7976010,58ni50du
58e5f1179ed5db0f8f46e39a,42gf08oy
5550373e7cea80f95417c622,19jt47fk
5736abaad39c4f40a794f20d,18jc03eb
555036bf7cea80f954150acd,81ls73rl
539078f220f770854f5a8863,54ik23yx
53a72bad20f7420be8c2d5af,16pc41zb
53909e7b20f70186a0e2a2e8,49sr80dr
53a72ff720f7420be8cd03a8,85qz35ik
555037b07cea80f95419636b,65gk92im
5550371e7cea80f9541746e9,78xa91nd
53a72d7220f7420be8c66451,46zo26sf
555036c87cea80f954155dc0,17ct69bz
53e187ee20f7dfbc07e8e504,68rp86ob
53a72f5620f7420be8c9f163,90zz53op
539078f320f770854f5a88dc,42pf98ql
555037b77cea80f9541970b6,64vy99pa
539e7ba38314ff4cf4c16779,72kt28bs
539078ee20f770854f5a8403,60aj84vn
53a730aa20f7420be8d01612,84za57iq
555037277cea80f954176d58,47gm35iw
5736af49d39c4f40a7985448,56pn06wj
5736ae03d39c4f40a797374a,30pg39qv
539089e720f70186a0d9c5c3,99rt76pw
53a7280020f7420be8ba4838,18wq23nb
539079db20f770854f5c6cd1,06mq32lj
53a723aa20f74fc8a8f32fb8,23yb25gm
5550372a7cea80f954177a10,66gi60hq
5736ac91d39c4f40a795b5f7,79jb97vo
539e75918314ff4cf4a9bf09,36rs13dh
555036b37cea80f954149ff1,42ho13rh
53e1881120f7dfbc07e8e5ed,57eq46os
53a72f3d20f7420be8c9d960,42xf07lx
555037877cea80f95418d7e4,19df76au
555036b77cea80f95414b7dc,77wf35am
53a7311c20f7420be8d231c7,86pd88vs
555036d17cea80f954159914,30kq36ky
5390960720f70186a0df3582,79nt44vv
53e1802920f7dfbc07e8b161,91vo09xy
539e72148314ff4cf4994374,16ur15ll
53a7276e20f7420be8b8e542,74tk81nw
53a72ea720f7420be8c9630e,99xm74gk
53a7264020f7420be8b6dcc0,69gl18rj
5390bdcc20f70186a0f48074,63se68nz
53a72dad20f7420be8c6e63a,33js39ti
539078f220f770854f5a87ec,46xc33af
53a72fb020f7420be8cbc6d3,57bp52hg
555036f07cea80f954167a82,00wd50jr
53a72c5920f7420be8c42ca7,24ve06bv
555037937cea80f95418fe2d,50pm86zt
53a7283920f7420be8baca71,71un50xm
53a723aa20f74fc8a8f32fb8,49gv76ba
5736b00dd39c4f40a798df58,10go36eb
5550376a7cea80f954186771,43jf99tk
555036bf7cea80f954150acd,52az05yo
53a72f9220f7420be8cb2e4b,24tf38up
53a730a720f7420be8d00a54,08pt94id
53a7318e20f7420be8d4ce93,15gi76ri
53a725d720f7420be8b5b568,65zb60wg
53a727e820f7420be8ba0d0d,69lt76sd
548263b1582fc50b5e28f3dc,59fs39kd
5736ad7ed39c4f40a796b317,31ko23gg
555037877cea80f95418d7e4,10nj72xp
5390a21620f70186a0e5e13d,09ep27zm
53a72ea220f7420be8c9573e,98ug31tc
53a72c0020f7420be8c36f7b,80hm82bq
53a730b220f7420be8d0394b,51ci01cj
53a7319b20f7420be8d52c66,76ot78bv
55f8c6f8c35f4f6dfd4159ff,35vq22ny
555037aa7cea80f95419560b,84rz47gd
53a72f3d20f7420be8c9d95e,28ba30mf
53908b4620f70186a0dba77a,68qw22rq
53907e7520f770854f6118d5,65tx39ih
53a72ae620f7420be8c10892,75ap74fl
555036cc7cea80f95415814a,89nj10yf
53a726d620f7420be8b84aef,32ij45ph
53a723df20f74fc8a8f33129,56hr02tg
555036b57cea80f95414abdd,55vo98bh
555036ef7cea80f954166ea1,16kn18iz
555037d67cea80f95419caa4,06sz59bi
53a7316020f7420be8d3cc71,02hz53rs
539078f220f770854f5a87ec,75to32dq
53a72a0820f7420be8bedc68,12bt28kk
53a72f3720f7420be8c9cd84,11cm08aq
53a7311120f7420be8d1dfa8,38ba99oq
539078ef20f770854f5a84a4,86zf68qe
555036f87cea80f95416b5ff,12hv82ch
555036b57cea80f95414abeb,08dn23tq
53a002f5831432abcb742cff,86mm68sm
555036bc7cea80f95414e747,45ez05dd
5550379b7cea80f95419238b,99mh19wk
555037207cea80f9541747a2,08iv27ig
555037777cea80f954188e3f,21ep60ev
5390a35320f70186a0e6b4dc,29tl73ok
53a72f5520f7420be8c9f155,84ii44xs
539078f020f770854f5a8622,45qd97wh
555037207cea80f9541747a2,56vp34th
555036f57cea80f954169e2d,40ki13fv
53e18a4720f7dfbc07e8f429,22gp78ml
53e1818720f7dfbc07e8ba26,26pg53re
53a72f6320f7420be8ca2c23,22ma18xy
53a72dad20f7420be8c6e63a,29kh86mv
555037297cea80f9541779b3,40fz81fn
53a72d9b20f7420be8c6c2be,62dv50da
53a7293520f7420be8bcc835,33on97no
53a72ca020f7420be8c4a32c,18dh44aw
555036e67cea80f9541656f4,30dc04ic
53a72ebd20f7420be8c99247,16tl27sl
5390884020f70186a0d8e66c,96ik25xd
555036d97cea80f95415f7f9,06zm74jp
539078ef20f770854f5a84a4,81tu42zk
539ff14f831432abcb409fa8,76fx81ak
53a72ea220f7420be8c9573e,76mc28ca
53a727d320f7420be8b9ddbb,94rh89gr
53a723e520f74fc8a8f33157,05nd62wk
555036bd7cea80f95414f313,99zx96ch
53a729d020f7420be8be42d3,17kx88bc
53a7314220f7420be8d310bf,91vl64rt
555037717cea80f9541880b1,77yg16wq
5550379f7cea80f954193022,27xa22pa
555036cc7cea80f954158140,15vg99jl
539099fc20f70186a0e1e6b9,13ap64vk
5736b064d39c4f40a799195a,10yt50gn
53a731cd20f7420be8d62e99,61ua81qb
53a72f3820f7420be8c9cd8a,83fg95sd
555036c67cea80f954154632,34yr48ap
53a72fc720f7420be8cc3074,49dw77mm
53a72d9b20f7420be8c6c2be,32qa08tq
53909e7b20f70186a0e2a2e8,54fr97bc
555036e47cea80f954164b07,25ww08nl
53a72fa620f7420be8cb8c2a,63ye72mt
54825d85582fc50b5e1adcda,41we88db
555036be7cea80f95414ff01,97oy07tc
5390a0c220f70186a0e50bbe,77qo15zp
53a72e3b20f7420be8c85f5b,67wo07au
5736ae40d39c4f40a79762f8,96rw45cj
555036c07cea80f954151692,98au44rc
555036b97cea80f95414cf81,11ne41xi
555037357cea80f95417a0b8,81xh29uz
555037b37cea80f954196417,13ta47xj
555037467cea80f95417df2e,79vf22fw
53a7283920f7420be8baca71,21ay83cc
53e17f6f20f7dfbc07e8acda,52yw96ci
555036e07cea80f954163350,86hp29mn
53a7310320f7420be8d1a4ed,04ig26ni
53a7319e20f7420be8d53826,41fz49ch
555037b17cea80f954196395,10ml10yk
5390986b20f70186a0e095d1,95aq05kv
53a72a9a20f7420be8c06e4b,31he12zx
55f8e06cc35f4f6dfd41602e,76ot11ru
53a732b420f7420be8daf334,51pq56bo
53a72ba120f7420be8c2be0e,87je68ly
53a7263720f7420be8b6c51a,48ib51lp
539ffba2831432abcb5eeb7f,93nj26ao
5390795620f770854f5b8d09,59dn43il
53a72f4120f7420be8c9d97e,44kc95uw
5550371e7cea80f9541746e9,62dr16yg
548259f6582fc50b5e138119,81jl38vv
539ff240831432abcb43cb6f,12vh36tq
53a72f4520f7420be8c9d9a0,22tr14wm
53a732cb20f7420be8db689a,66wt61im
5390797220f770854f5bb951,05av50ft
53a726d320f7420be8b84ad4,51xs89gj
5390795220f770854f5b65b4,96xd90nv
5736ae3ad39c4f40a7976014,14pg70zi
53e1818720f7dfbc07e8ba26,45um88qd
539e775f8314ff4cf4b33592,64fg75zx
572dd136d39c4f4993451fdb,14ha07lt
555036f97cea80f95416c1fd,97oc09ns
539ff23e831432abcb43c916,44qo48vh
53a724a620f7420be8b36796,80pm23vf
555037a77cea80f954194993,20vk94rz
555037387cea80f95417ad5a,38yl99ad
53a72f4520f7420be8c9d99f,29uy79qj
5390790620f770854f5ae0b8,33ko32on
53a72c8920f7420be8c473db,04ad99vv
555037277cea80f954176d58,75qz73gl
53a7289720f7420be8bb2ab0,04sw44ld
555036cd7cea80f95415814e,14xz24wi
5390a3c220f70186a0e6e19b,83mu50xt
539e75918314ff4cf4a9bf09,10ow26jq
5736b00dd39c4f40a798df75,74pg67uw
53a7326720f7420be8d9410d,04yw68iv
53a72a8a20f7420be8c04ac7,04ww87ki
555036bd7cea80f95414f30f,74io20xr
539ff5d7831432abcb4de1a9,00dp69jn
555036f37cea80f95416923e,36ui89wo
539e75918314ff4cf4a9bf09,85cb57cf
555036c57cea80f954154616,03bn78uz
53907e7520f770854f6118d5,96qd92nt
53a724e120f7420be8b3d1a6,84ul05pg
555036e37cea80f954164afa,97je06ew
5550371b7cea80f954173a54,75wo44jo
555036ba7cea80f95414db57,40kg33cr
555036f37cea80f954168678,10ab64pe
5390bdcc20f70186a0f48076,03lx49gs
55f95ab1c35f4fb0d21ce8e9,22uw29pj
5390b5ec20f70186a0f0c0fa,61gg02pr
5550374f7cea80f95417f8e1,93lo51zg
53a730f220f7420be8d16a3a,24cf08uj
539089f820f70186a0d9c85a,19zz40rf
555036d97cea80f95415f809,87bj69qu
53a732bc20f7420be8db1673,80ys03xl
53a726ad20f7420be8b7e082,73hy64yn
555036d97cea80f95415f7e7,74dr13lj
53a7325720f7420be8d8fa9b,83hp94rg
555036be7cea80f95414feee,00dr68ah
555036f37cea80f954168678,04sw52er
53a728ec20f7420be8bbdc4d,18uf33xi
53a7306120f7420be8ced937,99lh61ys
539ff240831432abcb43cb6f,62tl04hp
57d08b550a3ac5db4992602b,75az53vw
555036f27cea80f954168674,48cj35fa
555036f97cea80f95416c1de,67gf27es
53a7315320f7420be8d391b7,18mb23dd
5390794620f770854f5b63d6,44ts91yl
555036c47cea80f954153a30,95ss33am
5390790d20f770854f5b0a15,93ia28bz
53a7271520f7420be8b8b5ba,78gf55uo
54824c96582fc50b5e00b6a4,74nx79wh
5482641a582fc50b5e2a0615,14jo24nx
53a7327720f7420be8d99eec,19mx29re
555036e77cea80f9541662c4,49dj42bm
53a72c0f20f7420be8c3872f,74jf91mq
53a72b8620f7420be8c282f2,30rj72yu
53a72ca420f7420be8c4aef0,70ab52so
53e1835420f7dfbc07e8c665,93vb85xy
53a724fc20f7420be8b423bd,20st40pv
539feea5831432abcb38cbb6,63mg77hf
555036f67cea80f95416a9f3,88is86ma
555037287cea80f954177945,92mv46cd
54826ba8582fc50b5e3c176b,82mu15zn
53a728be20f7420be8bb71de,62zo60av
555036c27cea80f95415227f,69at04nl
53a72ab520f7420be8c0b54c,86ve60lz
555037bb7cea80f954197d7b,88jt07jn
53a72e0e20f7420be8c7d217,32lw26pa
53e17f9920f7dfbc07e8adcb,42tt38tu
5ab100cd5cd006365435d238,21tw88nd
53a7315b20f7420be8d3b4f2,20kc78ps
53a72d8a20f7420be8c693a9,43oj47ap
53a72cd820f7420be8c50dc0,83qo61qy
53a730a620f7420be8d00a51,22ya41mx
555037467cea80f95417df2e,58pm59ll
53e1881120f7dfbc07e8e5ed,40ju46ti
555036f17cea80f954167a87,86qp41wv
5390ac8320f70186a0eb7583,85cv28sf
5550371e7cea80f9541746e9,39pv16dw
53a72a2820f7420be8bf524e,37cf44mc
5550372d7cea80f954178694,09zy80ij
53907b0d20f770854f5e2731,01wp32bq
555037947cea80f954190a5d,32pp87xv
53a72b2d20f7420be8c1c5a8,42xi80cb
5736ac05d39c4f40a7953a30,42wr57zp
53a72bad20f7420be8c2d5af,52dc11zz
53a72f5820f7420be8c9f16c,36bj54so
555036b87cea80f95414c3c0,80zd19ji
53a723aa20f74fc8a8f32fb8,79rc36nq
53a7269720f7420be8b7bd02,19eh13cp
53a7256420f7420be8b4e0aa,74lp29ie
539089f820f70186a0d9c85a,54lx23lq
53a72f6d20f7420be8ca7289,88zy22yh
53a726a820f7420be8b7d4bc,01xz32pk
5550372c7cea80f954178633,41qu40oo
53e1839520f7dfbc07e8c7fc,50uj97yr
555036dd7cea80f954161b93,92za20hl
539ff23e831432abcb43c916,96mz85qj
555037257cea80f9541760d3,41pj54vo
53a7255220f7420be8b4bd35,71aj95zp
53907aaa20f770854f5da24d,64nc95qi
53a726f420f7420be8b87a7c,46az94wk
53a727e020f7420be8ba0122,84ru50pl
53a726f420f7420be8b87a7c,67pm12jd
53a729c720f7420be8be2b2a,20om90uk
555036cd7cea80f95415814e,87od88jd
53a726b920f7420be8b7f83b,83eq16rf
53a72acc20f7420be8c0d906,27ny75jl
555036cc7cea80f954158140,43tg79py
53a726ca20f7420be8b84a8c,80fa16tv
53a726d020f7420be8b84aba,44yi23eb
5550372a7cea80f9541779ff,26zx33fs
555036e27cea80f954163f17,87et81nf
53e17f7120f7dfbc07e8acea,42bu89ae
53907e3020f770854f610f8a,49iz72fp
53a72f4320f7420be8c9d98e,98dx06xs
53a7266520f7420be8b75295,83hb25dc
53a7316520f7420be8d3ef9e,76hz56kw
53a7270b20f7420be8b89e13,84yz94ta
53a729c320f7420be8be1f59,10wp15nl
53a72f3420f7420be8c9cd69,72fj03ue
555037987cea80f954191711,94ia45gp
555037057cea80f95416eb91,63qg55en
53a72da620f7420be8c6da65,92fg33ig
555037647cea80f954184ebc,34ga04xu
53a7253820f7420be8b4823b,75fn16mm
53e17f6020f7dfbc07e8ac81,81qi20hg
54825db9582fc50b5e1b2bba,33jr76zm
5390796720f770854f5b90b7,45lf78gg
555037347cea80f95417a09d,28qp99bq
53a7310320f7420be8d1a4ed,77nr93sr
53e1822d20f7dfbc07e8be8d,52ce30wc
555037b87cea80f954197126,49qt78ki
55f8c6f8c35f4f6dfd4159ff,60pa98by
555036c67cea80f954154618,84xn90ut
53a72d2420f7420be8c5b326,36zn42fi
53a72d1b20f7420be8c59b94,64qq36kz
555037d37cea80f95419be0e,32ru48xs
555036da7cea80f9541603ce,26kz13da
555036f57cea80f954169e24,22ip89mh
53e189cc20f7dfbc07e8f11d,54lm20xy
53a72a3c20f7420be8bf75f5,56dc02wg
555036bc7cea80f95414e748,09yy49co
53908b4820f70186a0dba79d,46vo68sa
53a728e520f7420be8bbc4bb,62sb07jk
539ff14f831432abcb409fa8,62rp64wj
53a72f4520f7420be8c9d9a0,82gx01gj
53a731e220f7420be8d68c8f,74vj37qx
53a72a0820f7420be8bedc69,92ft89wx
53a7237320f74fc8a8f32e0e,68rg58or
539078f220f770854f5a8863,08ym82ak
53a728ae20f7420be8bb5a16,93sy52au
53e1825d20f7dfbc07e8bfc5,87qs14xe
53a72def20f7420be8c78b3d,07sq70ls
572dd136d39c4f4993451fdb,72it70zs
53e1818720f7dfbc07e8ba26,33xy88cj
53a7325720f7420be8d8fa9b,69jw72wj
555036e77cea80f9541662c7,55ok23kz
53a7278520f7420be8b9206a,48cu54bc
53a72c3c20f7420be8c3da1d,82mf88bb
555036b37cea80f954149ff3,34me09hk
53a72ecc20f7420be8c9b5b0,66th28wk
555036bc7cea80f95414e74c,67pl93vw
53907b7720f770854f5eabd8,63kz27cf
53a72f4820f7420be8c9d9b2,36ie05sq
555036e27cea80f954163f18,54cb09et
5736ac8cd39c4f40a795b13e,99dp13ay
5550370a7cea80f95416f929,21bh91of
53a7264320f7420be8b6e887,08ai00bx
539078f520f770854f5ab12f,94ly68wh
53a7260d20f7420be8b65aa7,18kv25sv
555036b47cea80f95414abcd,40ue63yd
539e72148314ff4cf4994374,49bg14ad
539079db20f770854f5c6cd1,58gb45wd
555036e47cea80f954164b07,30zc43ry
55f8e082c35f4f6dfd416033,01ep60rk
53a730f520f7420be8d175f9,84jt15zi
53a72a3920f7420be8bf75ea,68qj20ig
53a7323220f7420be8d83319,77jv34fy
5736ad89d39c4f40a796bab0,58kw36lx
555036d97cea80f95415f7fc,67nh82pc
55f95acdc35f4fb0d21ce920,68kn63ma
53a72dad20f7420be8c6e63a,19to73cj
539078f320f770854f5a88ec,43ob85iu
555036d97cea80f95415f7fc,62pg89br
53a7293020f7420be8bca4fd,54bz99kz
555037287cea80f95417791c,18vs49xq
555037837cea80f95418b43e,64hv74sp
53908b4220f70186a0dba751,68bu94ai
53a732dd20f7420be8dbaf1f,89vr81zs
5550378c7cea80f95418e52e,59fe63lx
53a7317720f7420be8d44d80,84ei12cq
555037a77cea80f954194993,63eu04dn
555036cf7cea80f954158d38,85er80ms
555036e57cea80f9541656e9,30uc94kw
53a72da320f7420be8c6cea4,09hd03jq
53a72f3520f7420be8c9cd78,74in21mo
53a7284420f7420be8bae221,34nk69rd
5550372c7cea80f954178633,20ri11tx
53a72d8f20f7420be8c69f75,59ty36li
555037607cea80f954183657,41ca53oz
555036bf7cea80f954150ac0,56ew94sp
555036de7cea80f954161ba1,76im08sw
53909f2a20f70186a0e36f6c,37lx83vt
5482641a582fc50b5e2a0615,64fl73yy
555037b17cea80f954196395,22lx08cy
55f8d50fc35f4f6dfd415dde,65ev68hh
53907a6420f770854f5d2212,30bf76ur
53908b4820f70186a0dba79d,07or24cr
53a0033c831432abcb746606,58bx81yh
53a7291b20f7420be8bc46e1,82be02ru
555036f77cea80f95416b5e8,70aj36bu
53a731b220f7420be8d58a5d,09zg77hj
53a731a720f7420be8d5671a,63xg59eu
555037357cea80f95417a0b8,48jk78ep
53a7264320f7420be8b6e887,67pv57dt
53a72e5f20f7420be8c8b20c,22kb91ht
53a732b420f7420be8daf334,72xn89rl
539089e520f70186a0d9c5a9,30ge04on
555036e17cea80f954163359,60rj10hz
555036f77cea80f95416b5e8,02yr99zm
53a726cb20f7420be8b84a90,52ix36oq
53a729ae20f7420be8bdeff1,40xm91bt
53909c0c20f70186a0e2564e,31qd40ky
53909c0c20f70186a0e2564e,49bp50ry
555036b67cea80f95414b7c5,18gu13mr
539078f520f770854f5ab130,24if48hf
548267a2582fc50b5e32e6b2,23sd22nr
53e1857920f7dfbc07e8d4ff,90nt99ag
53a72bd520f7420be8c32832,61nz01ba
53a72f6d20f7420be8ca7289,41pa80fd
53e1894a20f7dfbc07e8edcb,87xe84wx
53a72d2120f7420be8c5a765,12nx56bn
53a7319b20f7420be8d52c66,61dl45fo
53a725f820f7420be8b613da,90rt50py
53a7237120f74fc8a8f32dfc,01vo79nd
53a7294820f7420be8bcebdc,25mh41xz
555036d37cea80f95415b0ba,03yt46gc
53a7313020f7420be8d2b2cd,63op86uj
53a7276e20f7420be8b8e542,03rc00bv
53a7263520f7420be8b6c507,06fy23ji
53a7308020f7420be8cf5a4d,97jq22jt
53a7252120f7420be8b46a93,01af42mh
53a72a1f20f7420be8bf4658,57uu71sj
5482566f582fc50b5e0d351e,89lj29xz
53a72ca420f7420be8c4aef0,59mo27kh
53a7284420f7420be8bae221,38eq66az
53a7266520f7420be8b75295,24cd86at
555037407cea80f95417c6ab,25so90zs
53e1839520f7dfbc07e8c7fc,23lo91jz
555037b37cea80f95419642b,77xx67su
53a7316520f7420be8d3ef9e,55aj97lo
53a727ac20f7420be8b97f18,88vt21bq
53a727a920f7420be8b9734c,74gp78az
555037767cea80f954188de2,41mi85eh
5736ae03d39c4f40a7973759,29he56nq
55f9d93dc35f4fb0d21d0368,68ve14my
53908ed120f70186a0dd7c67,96og36lz
555036c47cea80f954153a49,55gr91fi
53a72b7b20f7420be8c26b45,82ud92xq
53a72d6120f7420be8c6352f,93op26vt
5736ac91d39c4f40a795b5f7,89cc48ta
53a72be320f7420be8c33fed,23xg39pp
54825a20582fc50b5e13cfac,18zc59fx
5550376a7cea80f954186771,33gu26wq
555036d37cea80f95415b0ba,79og29cs
55f95acdc35f4fb0d21ce920,42as76mr
53a72c9520f7420be8c48b7e,11ev00fz
53a72a2820f7420be8bf524e,47ke80iv
555036f07cea80f954167a85,88zi82te
5550370d7cea80f9541705cf,62wv14pw
5736ad0ad39c4f40a79640a1,31gy40nx
555036e17cea80f954163359,28ws02br
539078f720f770854f5ab27f,65sq98wm
53a727a620f7420be8b96781,00si44sk
555037d37cea80f95419be0e,03ce94fx
53e1851520f7dfbc07e8d228,65rz27oj
53a727a920f7420be8b9734b,89sh32la
555036c87cea80f954155dcc,27nw06rk
53a72b6a20f7420be8c25373,57nu41mm
53a7320220f7420be8d7197f,09eo11ks
555037d67cea80f95419caa4,19jn07uk
53a72f3420f7420be8c9cd69,58ck58xp
5390b65720f70186a0f1ac38,41cm04fm
53907a6220f770854f5d21e4,67fo35fo
555036c97cea80f954156992,90pk41gd
53a7305a20f7420be8cec1bb,78bx15hs
5736acded39c4f40a7961095,81ee82vt
53a731b220f7420be8d58a5d,00ma79rs
53a72c1f20f7420be8c39eff,53ck02ch
555037bc7cea80f954197dae,75lk79jl
53a7253820f7420be8b4823b,21vi72fg
5736ae3ad39c4f40a7976010,76od87qy
5550371e7cea80f954174719,68fj84bi
53954dcb8314d630bc9abf76,82wd09id
53a72bac20f7420be8c2d5a9,38qs55nu
555037767cea80f954188de2,26dy23cw
555037ca7cea80f954199926,74jh08gq
555037257cea80f9541760c2,80nz79ba
53a731d820f7420be8d65d94,22fv13ws
5736b298d39c4f40a799f328,60gl64ah
555036c57cea80f954154614,30el22lq
555036b77cea80f95414b7ca,51ql41qm
53a7294820f7420be8bcebdc,93ff16pe
53a7291b20f7420be8bc46e1,15hk40ki
53a7289d20f7420be8bb3683,31vj44xu
555037257cea80f9541760c2,71ue47km
53a7282420f7420be8baa6c2,11mi03iq
53a723e120f74fc8a8f3313a,92pq30zz
53e1892620f7dfbc07e8ecd6,38be32xg
53a72def20f7420be8c78b3d,99od51dd
53a72b2c20f7420be8c1c5a4,01hp76ja
57d08ab90a3ac5db499223b1,42qz80lx
5390884020f70186a0d8e66c,41rl16rc
539078f320f770854f5a8983,43ny40sq
5550378b7cea80f95418e4da,79ft91zd
53907e7620f770854f611920,84ot17fa
53a7314220f7420be8d310bf,63fl00mu
53a72f9220f7420be8cb2e4b,26aj54jm
539089f820f70186a0d9c85a,51yf81sr
539ff861831432abcb563fc1,70yt62oj
539078ef20f770854f5a842d,11ug72gt
555036b97cea80f95414cf92,39nq50iq
53a72ac520f7420be8c0cd21,95bk90ng
53a725be20f7420be8b57a31,61wg95ra
53908a1620f70186a0d9cc73,30wo67li
5736abacd39c4f40a794f45a,53ub53cv
539078f320f770854f5a8929,55yz80ym
53a7325f20f7420be8d92988,88kz27fv
539e7cc58314ff4cf4c5d492,46nn13la
53a72acc20f7420be8c0d90e,30tk39sq
53a724af20f7420be8b37385,72fp75zi
55f95acdc35f4fb0d21ce920,47ln31ue
555037a17cea80f954193c58,92vc91re
555036dd7cea80f954161b94,54bw79ev
555037987cea80f954191711,32nu77bt
53909f2c20f70186a0e36f7c,72rx81ex
5550374a7cea80f95417ebd5,27bm61yj
53e17f7f20f7dfbc07e8ad44,27lc02yv
539078ef20f770854f5a84a4,78xs56qh
53a72fa620f7420be8cb8c2a,21lk62ut
53e1815420f7dfbc07e8b8bb,14pi28wq
53a72def20f7420be8c78b3d,13xy41gj
53a727a620f7420be8b96781,97ev24so
539078f020f770854f5a8622,76ba95bc
53a7318e20f7420be8d4ce95,79yf48uf
53a725f120f7420be8b5e4e8,23uu30jq
53a72d0c20f7420be8c583d4,74nm23eb
53a731e220f7420be8d68c8f,27oq48yu
539ff4dd831432abcb4af0fc,60lm17kw
53a72e5020f7420be8c87743,51gz27qd
53a72ab320f7420be8c0a98a,70sq47dx
53a72e5020f7420be8c87743,70mz36ja
53a7323220f7420be8d83319,92jz77xh
5390b5ec20f70186a0f0c0fa,37dp28eh
53a72a9a20f7420be8c06e4b,04ov62yo
53a72cc420f7420be8c4ea1f,70zi06zc
53e1808f20f7dfbc07e8b3ef,18ww27oy
555036d17cea80f954159914,43bc60te
555036f47cea80f954169255,93zw27th
539099c320f70186a0e1bc23,62dt86to
58e5f1179ed5db0f8f46e39a,60ew65mf
53a72e8020f7420be8c8f8fc,75jv41ex
555037407cea80f95417c679,75cd07et
555036f27cea80f954168676,96cl22rx
555036be7cea80f95414fef8,55vg52wd
53a7326c20f7420be8d9588a,21sq32tz
5390a21620f70186a0e5e13d,63pi58jv
555036bf7cea80f954150ace,57mf96ss
53a7270b20f7420be8b89e13,84yk24ro
555036bd7cea80f95414f313,99wk25ty
53a72aed20f7420be8c12027,50ku70ta
555036f67cea80f95416a9f3,29qp27fm
555036df7cea80f954162776,87pw84bd
555036b67cea80f95414abfe,69bo47nr
53a72e0e20f7420be8c7d217,42yy81ek
53a7279120f7420be8b9381d,00nz74cc
572dd136d39c4f4993451fdb,51ye14dn
53a72f4520f7420be8c9d99b,48nx28go
555036b87cea80f95414c3be,61zu29nb
55f95712c35f4fb0d21cdaf3,59pv85dt
53a726cb20f7420be8b84a90,57an31lz
53a727e020f7420be8ba0122,94te03wr
555036cd7cea80f95415815d,06kj85cl
53a72f3220f7420be8c9cd5e,14se89gw
555036f07cea80f954166ec3,01jg26tm
53a7283920f7420be8baca71,94rg25aj
53a72c0020f7420be8c36f7b,87wi12th
53a727fd20f7420be8ba4820,24ip96ct
53908b3420f70186a0dba6ac,26tm77oa
53907e8820f770854f611b48,92ch09vq
54825d82582fc50b5e1adcd4,76fa00ak
53a7299820f7420be8bdc092,38iq72ba
53a7295e20f7420be8bd26ee,04ux30xr
5736b00cd39c4f40a798deba,19vq34ft
53a72cf620f7420be8c548e2,53on35vm
53a72f3520f7420be8c9cd78,97lt91sa
5550370a7cea80f95416f929,72mj68mp
53a7278820f7420be8b92c30,01xv16dt
53a72a3f20f7420be8bf81bf,77kx35js
53a72ca420f7420be8c4aef0,53ze98wf
53a72a0820f7420be8bedc69,36wr34zr
53a72d5620f7420be8c61d91,97nx78nu
539078f220f770854f5a87ec,54rx75cp
555036b97cea80f95414cf92,53es62aq
54825a08582fc50b5e13a854,48yd47lv
53a726b920f7420be8b7f83b,86sc42da
53a72a1c20f7420be8bf3a8a,18xa55ta
53a72c7420f7420be8c45bf3,54rl39jc
539089e720f70186a0d9c5c3,68mg89dj
53a7283920f7420be8baca71,47bl07ge
53e1815b20f7dfbc07e8b8e9,99ag18if
53a7253820f7420be8b4823b,05rj63vl
53a7284920f7420be8baedee,26ds73ep
53a731d820f7420be8d65d94,59wo68vb
53a729ec20f7420be8beacca,16va86rk
53a72b7b20f7420be8c26b45,96mm22xe
53a730a620f7420be8d00a51,49eb11gi
53a72a3c20f7420be8bf75f5,85sq33re
53a7308320f7420be8cf660b,75oj06hg
53a72f4120f7420be8c9d97e,13xg34gk
539078ef20f770854f5a842d,55kb19st
555036e37cea80f954164afa,88gd08is
555037147cea80f954171ffc,42cl17bx
555037837cea80f95418b43e,93nc86fu
53a7237b20f74fc8a8f32e4a,51fg49qm
555036bc7cea80f95414e748,22sy33ie
53a7237b20f74fc8a8f32e4a,72fo82nb
5390790520f770854f5ae060,17pd96ad
555036cb7cea80f954157577,43if85yj
555036f87cea80f95416b605,23wd19pg
53a7253820f7420be8b4823b,36ne24bh
53908b4220f70186a0dba751,44xv73sh
5390a48d20f70186a0e73a41,67qt00ct
53e188a820f7dfbc07e8e9cd,83gu44qi
53a72cc120f7420be8c4ea0d,60wr86ge
53e1851520f7dfbc07e8d228,46qr87wi
53a7325720f7420be8d8fa9b,69mz74lb
5390bdcc20f70186a0f48074,72ov18lu
555036c47cea80f954153a30,73ys66cv
53a72ece20f7420be8c9c16e,99oq32fl
555036f97cea80f95416c1ec,13nq06iw
555036d97cea80f95415f7e7,02kt17lp
555036b77cea80f95414b7dc,02ps47gc
55f95712c35f4fb0d21cdaf3,00le79oy
53907b7720f770854f5eabd8,48jg40gi
53a7265820f7420be8b72f3b,61bf50os
55f95c2ec35f4fb0d21ceabc,26qm45lz
555037777cea80f954188e3f,19sc13or
555037bc7cea80f954197dae,11ke71vb
555036bd7cea80f95414f313,70uc03xe
555036c07cea80f95415169e,72cl76dg
53a7237b20f74fc8a8f32e4a,20ii41cq
555037bc7cea80f954197db4,52zw81er
539ffa8b831432abcb5c0cba,69ni53bh
5550371b7cea80f954173a54,13tr46lc
53907b7720f770854f5eabd8,95mm55ux
53a72f5320f7420be8c9f149,45pz16jx
53a72f3220f7420be8c9cd5a,29gv58pt
53a727af20f7420be8b97f2d,47ik37fb
53907e3020f770854f610f8a,02yl88qq
53a7280020f7420be8ba4838,68hq87kj
53a72a3f20f7420be8bf81bf,96db37qz
555036f17cea80f954167a87,37jb24ys
539549f48314d630bc847331,97rm26qi
55f8d50fc35f4f6dfd415dde,25pl84sk
53a72ca420f7420be8c4aef0,60xv63nf
53a72d1f20f7420be8c5a757,40vv56oy
54824cc8582fc50b5e00de7f,31dm11ms
53a7285020f7420be8baee28,15ww34ul
555036da7cea80f9541603ca,77xb19gg
53908b4820f70186a0dba79d,65km37bc
53a72e8020f7420be8c8f8fc,96xe34if
555036d97cea80f95415f7e7,00mi92mf
53a72aed20f7420be8c12027,01gu75jw
53909f2c20f70186a0e36f7c,49uu59vj
555037607cea80f954183622,13jc89ga
555037427cea80f95417d2be,53bv10qj
53a72c8220f7420be8c467fe,86qi83qk
53a7282420f7420be8baa6c2,16jw76yw
5550373e7cea80f95417c622,75pq07ok
555036e27cea80f954163f17,37fj98bc
555037327cea80f954179451,35ke69tn
555036de7cea80f954161b9a,03kr48eh
53954dcb8314d630bc9abf76,94fh62ww
555037447cea80f95417dec9,16as28nx
53a72f9320f7420be8cb3a04,97sx46pj
53a728be20f7420be8bb71de,95dy74vb
5736b064d39c4f40a799195a,03mh43ii
53a72f4320f7420be8c9d98c,70mq10cc
555036bb7cea80f95414db73,38ph39ks
53a72a9620f7420be8c06e2d,28gm66qb
53a72c5720f7420be8c42c9c,26ng62rc
555036cd7cea80f95415814e,71cz72pn
539ff861831432abcb563fc1,16ff75ia
555036ca7cea80f9541569a7,61hv42ew
53a72c7420f7420be8c45bf3,74nu36jk
53a724e120f7420be8b3d1a6,92me52mq
55f9577bc35f4fb0d21cde88,70nt10sm
53907e3020f770854f610f8a,19yd56hj
5550371b7cea80f954173a2a,81wf24dq
53a7300020f7420be8cd3297,79dy93zq
53a72c0020f7420be8c36f7b,66vq04vg
555037387cea80f95417ad22,44ra13af
53a723e120f74fc8a8f3313a,46jj10ul
555036d37cea80f95415b0b8,70ih95vj
53a72a3c20f7420be8bf75f6,95sc37cb
5ab100cd5cd006365435d238,68wa59qq
53a7310320f7420be8d1a4ed,97js55ny
539e772a8314ff4cf4b27236,77ay23ly
539078ef20f770854f5a84db,33qn71di
5550379b7cea80f95419238b,80bb54ky
539e76a48314ff4cf4b02813,49jz79ww
539e773a8314ff4cf4b2c05a,90xb62yy
555036be7cea80f95414ff00,35vk52be
53a72cf220f7420be8c548d6,71yz21dl
5550373e7cea80f95417c622,53wy96nx
53a72bad20f7420be8c2d5af,87si22qy
53a72bec20f7420be8c34038,85jx83jy
53a72ab520f7420be8c0b54c,98hy23jo
53a729ec20f7420be8beacca,87pv06xx
55f8ce87c35f4f6dfd415c61,58fv60zw
555037787cea80f954189a3b,97uw32pr
555037717cea80f9541880b1,31wo05ma
53908b3420f70186a0dba6ab,38mm87sh
53a72b2c20f7420be8c1c59f,80kr97co
548259f6582fc50b5e138119,98wq72vp
555037b17cea80f954196395,31qf99ek
555036e77cea80f9541662c6,22ys48ww
53a732aa20f7420be8dac441,42gk70yk
53a7287f20f7420be8bafb47,87el13sa
555036f27cea80f954168667,47qo34sg
53a72b1120f7420be8c18a6d,65il37pb
555036b67cea80f95414b7c5,19mv76mm
539547aa8314d630bc7f8956,10fu15jj
53a7261020f7420be8b66671,44nx75gs
53a72a7c20f7420be8c032fb,75js23oy
53a723e520f74fc8a8f33157,97bw43cd
53a726ec20f7420be8b862ed,36yn81jz
53a72cba20f7420be8c4de31,86ql47qk
5550375f7cea80f9541835f4,95ao91nk
555037257cea80f954176cb9,62ov88mv
53a72d8f20f7420be8c69f75,73rt78lb
555037647cea80f954184ebc,20fa68iq
53a72b9320f7420be8c29aaa,11pp73hx
555037b17cea80f9541963ae,08zc85vm
53a727e020f7420be8ba0120,04cw99pb
53a72a1a20f7420be8bf2ec8,58sp93gk
53a724fe20f7420be8b423c7,77tt56cw
555036f07cea80f954166ec3,99se94lc
53a72f7320f7420be8ca95be,51bl16nt
539079db20f770854f5c6cd1,97vi49cn
5736b064d39c4f40a799195a,60vv97dm
53a7308020f7420be8cf5a4d,40xw95kt
53e18c8d20f7dfbc07e9024f,33ci51gf
53a7284920f7420be8baedee,49fh06tc
53e186d020f7dfbc07e8ddb0,99gi37dz
53a7321820f7420be8d79a92,72fo08fa
53a7307320f7420be8cf1f9e,12un25oi
539e78288314ff4cf4b6430e,67by76hs
53a72aa020f7420be8c085df,19ha91wl
53a7253820f7420be8b4823b,58mg15bz
555037387cea80f95417ad22,87mz89bz
555036f47cea80f954169255,80iu78do
53a72a7520f7420be8c01b5e,03yl00wp
53a7314220f7420be8d310bf,78nx64se
5390790620f770854f5ae0b8,07vn05pb
555036c67cea80f954154639,71so82ff
539e7ba38314ff4cf4c16779,29lt11yk
553bf8ac0cf2b2c73cb0516b,26go62az
555036f27cea80f954168661,12si73sk
53907e7620f770854f611920,62xs60fm
539078f320f770854f5a88dc,35fw14kx
53e1822820f7dfbc07e8be67,50ex15ce
5390797220f770854f5bb951,80fy72kf
555037737cea80f954188151,16ul41wj
555036cf7cea80f954158d33,71sb63lm
53a731cd20f7420be8d62e99,37pg92du
5736b087d39c4f40a79929e3,58ok10sj
53a7326920f7420be8d94cca,70wt96sy
555036e07cea80f95416334f,21ul55vr
53a7253520f7420be8b4822b,28pn07mq
539ff14f831432abcb409fa8,49sw95jx
53e1860520f7dfbc07e8d8a3,40nk17yc
555036e57cea80f9541656ec,99es48ag
555036f27cea80f95416866f,80cb95mr
53a72fb220f7420be8cbd28d,90ta50qv
53a7266220f7420be8b746da,95kh62em
5390794620f770854f5b63d6,75sl32ja
54824a1f582fc50b5dfdee0f,97cx33yk
53a72d7220f7420be8c66451,49dd62bf
53a7295220f7420be8bd037a,06pm66rx
53a72e9c20f7420be8c94b6e,65wp88xd
53a7270b20f7420be8b89e13,16nu13nf
5390986b20f70186a0e095d1,82jb33lx
555036c37cea80f954152e5d,99cw80jj
53a72f3720f7420be8c9cd87,18zy32nc
53e186d020f7dfbc07e8ddb0,27lc69tx
555036c77cea80f954155203,27yr20yk
53a72cba20f7420be8c4de31,69yy34xv
53a7307320f7420be8cf1f9f,12qn68nt
53a728b120f7420be8bb5a2b,28bk94tp
555037d27cea80f95419bdd4,66er83li
53e17f6020f7dfbc07e8ac81,82fa85ag
53a72b0920f7420be8c16721,64io47hk
53a7293f20f7420be8bcdfeb,68fk43fr
555036c57cea80f954154616,93km95it
57d08a8a0a3ac5db49921076,97yp32td
53a7291b20f7420be8bc46e1,81pv49sp
53a7321820f7420be8d79a92,63nt57ru
5550372e7cea80f9541792a7,26kp52fa
555036bd7cea80f95414f329,03oi59qo
53a72f5620f7420be8c9f163,52ng52gn
55f95ab1c35f4fb0d21ce8e9,17ln31bq
53e1825d20f7dfbc07e8bfc5,78wl72rb
5736ae3ad39c4f40a7976010,97yy54mv
555037d67cea80f95419bec3,00uv00nm
54824a1f582fc50b5dfdee0f,24rc83ua
5390a71b20f70186a0e88c42,54cq79ou
53a7319920f7420be8d52c60,41sc12cj
555037257cea80f954176cb9,41hh94hq
53a72dad20f7420be8c6e63a,24tr19or
555036dd7cea80f954161b91,39bj76vb
53a72ad920f7420be8c0e521,07hw02ak
5390790d20f770854f5b0a15,94zq27sv
53a732b420f7420be8daf334,87nx21gt
5550377b7cea80f954189b14,63up45yg
555036f97cea80f95416c1dc,20nc69yg
5390a21620f70186a0e5e13d,84fq59uq
53a72bec20f7420be8c34038,34yu70oh
555037a07cea80f954193051,78qp51zo
53a7317520f7420be8d441c4,60xp16db
53a727db20f7420be8b9e99a,05je57bz
53907b0220f770854f5e2538,06cq21xq
5550372c7cea80f954178633,60uv48ig
555037287cea80f95417793e,99dr00dl
53a732b420f7420be8daf334,66cg62lq
53a72d1f20f7420be8c5a757,19xv96ye
53a725f120f7420be8b5e4e8,33ea66wk
53a730b220f7420be8d0394b,46dx52jb
555036f27cea80f954168667,02fx14yc
53e187ee20f7dfbc07e8e504,87yi19sb
53a72e3320f7420be8c85382,72vm13xp
53a7237120f74fc8a8f32dfc,03it12dg
53a7282420f7420be8baa6c2,62xg62mi
555036cc7cea80f95415814a,01mx08oa
53e17f7520f7dfbc07e8ad07,90zv33ht
555036b77cea80f95414b7d2,00nq76tt
53a7318e20f7420be8d4ce93,40nm47aj
53a72f3a20f7420be8c9cd9c,38kx83ra
53a7299820f7420be8bdc08e,27uj83pt
53a001b8831432abcb7383cc,53eh06dw
539ffba2831432abcb5eeb7f,59ox65nf
53a72f4520f7420be8c9d99b,77pj83qk
539078f220f770854f5a87f7,41kw32cx
5390b54820f70186a0f0473b,34lh96ca
53e17f9920f7dfbc07e8adcb,71af01bc
53a7284920f7420be8baedee,81qy28lt
53a72f9420f7420be8cb3a07,76ru35lp
555037ca7cea80f954199926,27el56cr
5390a35320f70186a0e6b4dc,10nb62wx
5390a25620f70186a0e5e4f4,82om15pa
555036bc7cea80f95414e747,37pq16xq
53a72b2220f7420be8c1adfa,00lp58fs
53a7285220f7420be8baee38,77ai93cx
555036f27cea80f954168667,67vc01xd
555036ef7cea80f954166ea8,74gb53ea
53a72f5520f7420be8c9f155,91el50lf
539099fc20f70186a0e1e6b9,51ds63pt
555037947cea80f954190a5d,94pj70gf
539e76a48314ff4cf4b02813,14ie08ho
5736ae03d39c4f40a797374a,94is06jl
53a72f5520f7420be8c9f155,62cq90ut
555037047cea80f95416df88,01xy34rq
53e1894a20f7dfbc07e8edcb,61ad91vc
553bf54b0cf2b2c73cb048fd,52vx81nk
555036e07cea80f95416334f,92qb90dr
53a723e520f74fc8a8f33157,48pl73wv
5550379f7cea80f954193022,02bt54sh
53a7317520f7420be8d441c4,09df73dc
53a724a620f7420be8b36796,28qg45qq
53a72a2720f7420be8bf5248,19xz73vb
53a72f3d20f7420be8c9d95e,09zb42sn
5736ae3ad39c4f40a7976014,30lo03eq
555036bb7cea80f95414db63,49ps87jd
555036bf7cea80f954150ac8,72fd18uq
555036bb7cea80f95414db73,54ex97bg
53a7286420f7420be8baeecf,08yp37ie
5390a25620f70186a0e5e4f4,68pq31su
555037427cea80f95417d2d0,95vv90xh
555037b77cea80f9541970b6,53mm71xr
53a727f720f7420be8ba3092,79si48vh
555037477cea80f95417dfa1,29pg05mj
539e75918314ff4cf4a9bf09,30hy49cy
539089b420f70186a0d976ab,22xs79yk
5736ac91d39c4f40a795b5f7,62bh31zt
555036c07cea80f954151693,04ob07xc
53a72a0820f7420be8bedc68,36mq15ji
53a72fcc20f7420be8cc47ec,62cl30sn
555037837cea80f95418b433,55lf72ve
555036e07cea80f95416334f,31fv16ob
555037067cea80f95416ec22,90mq02ru
53a7252120f7420be8b46a93,85qw99sb
539078f620f770854f5ab21a,98er19jq
555036d27cea80f95415a4d9,53fu90yi
53a7237320f74fc8a8f32e0e,78ii32ul
53a72ca420f7420be8c4aef0,36rr56gi
53a7299820f7420be8bdc092,34ax64ed
5550372e7cea80f9541792a7,00gb22rg
555036f77cea80f95416b5e8,64ms93yy
53a7285220f7420be8baee38,52jh92hq
555036e67cea80f9541656f9,59ho83dg
53a72f5820f7420be8c9f16c,06gl75yo
5736ad5fd39c4f40a7968fbf,54xu27mk
5390b5ec20f70186a0f0c0fa,43xk32cr
53e1805820f7dfbc07e8b28f,91fa23io
53a729f520f7420be8beb8bf,46vl30jm
53a7290320f7420be8bc176b,75jc75be
54826ba8582fc50b5e3c176b,47yi76fs
53a7327220f7420be8d97bbb,06eh83kx
54824c66582fc50b5e008eb0,65sz70oa
555036bf7cea80f954150acd,24co84bd
555036cf7cea80f954158d38,18hx51kt
53a729a020f7420be8bdcc80,88ot28zw
53a7285420f7420be8baee47,02ge83yu
555036b87cea80f95414c3a4,57rg75lp
53909c0c20f70186a0e2564e,06yy26nh
53a7237d20f74fc8a8f32e55,42ky87yq
53a72e0e20f7420be8c7d217,85km07rv
53a724fc20f7420be8b423bd,33by65pl
53a726f420f7420be8b87a79,11iz16lr
53907d0c20f770854f608eb7,67ly87gf
5550372d7cea80f954178694,39hf16wl
53a7270b20f7420be8b89e13,15hu61av
5390986b20f70186a0e095d1,72br89sr
53907c2e20f770854f601bc2,08yr32ro
555036f37cea80f954169246,50vp13lg
53a7237b20f74fc8a8f32e4a,74oe60bd
553bf8ac0cf2b2c73cb0516b,94de01yr
53a72dee20f7420be8c78b34,86ez96cw
53a72dad20f7420be8c6e63a,40jn80qt
555037707cea80f95418809c,35lu26ty
555036c97cea80f954156992,33bz85dj
555036be7cea80f95414fef2,38bv19hy
555036dc7cea80f954160fb8,57qn36zw
53a7257a20f7420be8b50425,22zl29kb
53a72a5c20f7420be8bfe023,74oc93bj
53a7261020f7420be8b66671,28dk41ae
555036c27cea80f954152280,31ye68ke
53e17f6020f7dfbc07e8ac81,11zl47ry
53a72f3d20f7420be8c9d960,33iu10wt
572dd8ddd39c4f49934859f5,99ko29gn
53a731f720f7420be8d6ea87,54gm69aa
555036dc7cea80f954160fae,53qy17wa
555036e57cea80f9541656ec,34wc43gv
53a72d4220f7420be8c5fa02,45bo56mp
555036ba7cea80f95414cf94,35il79yy
53a72ab020f7420be8c0a970,43xm57vh
555036dc7cea80f954160fae,42kf01sc
53a727a620f7420be8b96781,11ch95sq
555036bf7cea80f954150ac8,95lk11ae
53a72f3b20f7420be8c9cda3,88rt73iy
53e1867420f7dfbc07e8db57,89dx26uq
555036e07cea80f954163349,44up91xz
54825265582fc50b5e05b01e,65rh54ib
555036bc7cea80f95414e747,92cv68jq
539547aa8314d630bc7f8956,26qn49zw
53a72b1120f7420be8c18a6d,98gt01ot
53a7289720f7420be8bb2ab0,43ss51zi
555036c37cea80f954152e65,00ih75fk
53a7237d20f74fc8a8f32e55,89er36ke
555037b07cea80f95419636b,81xs21dq
555036f47cea80f954169258,92kn55nu
5482604c582fc50b5e2061e5,28gy91ef
53e1813720f7dfbc07e8b7fc,92wj82ic
53e1881120f7dfbc07e8e5ed,43tl41je
53a7307320f7420be8cf1f9f,44te52nz
5390995a20f70186a0e140f7,70ni62gc
53a72d9b20f7420be8c6c2be,85fs12dz
555036b77cea80f95414b7ca,24xc50hm
539ff8a6831432abcb56c958,41wj38hw
555037bc7cea80f954197dae,35ha32jg
53a730a620f7420be8d00a52,85sh55gk
53a72dad20f7420be8c6e63a,81ax19ku
53a72d5520f7420be8c61d8b,41dr32tj
53e1857920f7dfbc07e8d4ff,78yd91mv
555036dc7cea80f954160fb8,69uv58ak
539078f320f770854f5a88ec,44kf20df
53a727d320f7420be8b9ddbb,35os53su
555036bf7cea80f954150ace,03lq78zf
53a730a620f7420be8d00a51,57bs94dn
53a72ae620f7420be8c10892,10xt68gn
555037d37cea80f95419be0e,65og29hl
5390894a20f70186a0d94962,50fl67zs
555036df7cea80f954162776,52dn67jq
53a72f4120f7420be8c9d97e,18cq88ha
53a7304f20f7420be8ce8718,97lt32st
53a72e3b20f7420be8c85f5b,56xm73fm
555036c27cea80f954152285,24wq75qq
53a72de020f7420be8c77388,88jx94xi
555037d57cea80f95419beae,34mv87jd
53907a2620f770854f5cef7b,22xq94ck
53a7262220f7420be8b695b1,70ps09fv
5390790620f770854f5ae0b8,89yq87hg
5736ac8cd39c4f40a795b13e,37dc69jo
539ff9fe831432abcb5a9ac2,36tg60xs
55f8c6f8c35f4f6dfd4159ff,79ut60cs
53a72d4220f7420be8c5fa02,82dc02xd
53a7263720f7420be8b6c51a,20gm70ff
53a7281720f7420be8ba8355,96qp04ge
555036f77cea80f95416b5e8,63zp72wq
555037b17cea80f9541963ae,94fl46wf
53a7293720f7420be8bcc846,92db73pt
555036b77cea80f95414b7ca,12hn89ik
53a7298b20f7420be8bda8da,25em17ga
555036e07cea80f95416334f,60ky97pn
5390790d20f770854f5b0a15,48di90vx
53a727c320f7420be8b9ba2f,84tz21kt
53e182d320f7dfbc07e8c2dc,64ef57bn
555036cd7cea80f95415814e,05jl36nx
53a72a2720f7420be8bf5248,82vn72me
53a7237820f74fc8a8f32e34,57wi56ih
53a7324e20f7420be8d8cba4,22qk16oh
53a7320220f7420be8d7197f,21yi94km
555036df7cea80f954162766,22uu41sj
555036be7cea80f95414fef2,68py98fb
53a72ab020f7420be8c0a970,92cb26vw
555036de7cea80f954161ba1,58kl30br
5736ae01d39c4f40a797354b,16oy33tx
5482549a582fc50b5e0a495c,34vi41sj
555036c77cea80f954155203,56qc47sw
53a72cba20f7420be8c4de31,01vd78gl
5390795620f770854f5b8d09,10xy32bh
555036f87cea80f95416c1bf,50zl42xe
53909f2c20f70186a0e36f7c,02pw80vz
53a72f3720f7420be8c9cd87,69al04xm
5736ae3ad39c4f40a7976010,78xx56he
539e759d8314ff4cf4aa0d30,59gc39yo
53a7298b20f7420be8bda8da,41up22mp
555037277cea80f954176d4c,45jf51go
539ff4dd831432abcb4af0fc,95iv84qs
5390986b20f70186a0e095d1,75wm82ux
5390887120f70186a0d8ebb4,69ds31ay
53a726cb20f7420be8b84a90,63iw59of
555037d17cea80f95419bdaa,39zf25wo
555036f27cea80f954168661,51dl99pl
53a730f220f7420be8d16a3a,99hi07ua
555036c07cea80f95415169b,31vj21mh
5390b54820f70186a0f0473b,92jg38sa
555037d17cea80f95419bdaa,34bq06rp
53a7267620f7420be8b77629,82mi37ts
53a7300320f7420be8cd3e55,80aw87pf
53a728ef20f7420be8bbe814,45je63da
555037467cea80f95417df2e,17sc46tn
54824fa4582fc50b5e02e699,42ua76sm
5736ae3ad39c4f40a797600a,34rm30kf
53a72a1a20f7420be8bf2ec8,43vi83sh
53a72d2420f7420be8c5b326,69na19up
53a726ca20f7420be8b84a88,19zg10ob
553bf8ac0cf2b2c73cb0516b,15tm29px
5390ac8320f70186a0eb7583,19bn33qe
553c16840cf2b2c73cb09370,29yu85ca
53a7322320f7420be8d7e0fb,38wf30xm
53a72cba20f7420be8c4de31,30ax57vn
53a7309e20f7420be8cff2d3,56oo83dn
53a731fd20f7420be8d70db9,14di11ey
5550377e7cea80f95418a795,91xm42vn
53a729ef20f7420be8beb892,84he36ac
53e1808f20f7dfbc07e8b3ef,20qo26yq
555036f07cea80f954167a85,71tw59jx
555037427cea80f95417d2dd,04xq49us
53a72c8220f7420be8c467fe,22jk87nd
555037b77cea80f9541970d8,51nd64dx
555037097cea80f95416f8c3,94mn50ok
53a7297020f7420be8bd4a7f,95ji56by
539ff5d7831432abcb4de1a9,46av17ei
555037047cea80f95416df88,42bp30nd
53e18c3520f7dfbc07e9003d,34kj65hm
53a7262220f7420be8b695b2,18qb33ym
53a7271520f7420be8b8b5bb,03il32ak
5736ae3ad39c4f40a7976060,59oh64tm
53a72fb220f7420be8cbd28d,67xo88wz
53a72be320f7420be8c33fed,27xy79lv
53e182d320f7dfbc07e8c2dc,97yb47rw
53a7252d20f7420be8b4766b,29he58ep
53a72d4220f7420be8c5fa02,19me03jx
53a72a1c20f7420be8bf3a8a,92mf17fj
53a0033c831432abcb746606,68ej24iu
53a727a920f7420be8b9734b,20zb81pu
53a7278520f7420be8b9206a,58lf96yo
53a72a1c20f7420be8bf3a8d,81jt12gb
539e79a78314ff4cf4bafe53,82ge28sj
53a72d3520f7420be8c5e252,58uj57ls
53a72a7920f7420be8c01b7d,56fd25bg
53909c0c20f70186a0e2564e,79eo91av
555037bb7cea80f954197d71,34qh06yf
586b59eb9ed5db4e2280fd8e,43en77sv
53e1805820f7dfbc07e8b28f,49ol82sc
5550376a7cea80f954186771,31da32fm
54825265582fc50b5e05b01e,81wa75zo
53a72f5d20f7420be8ca08ea,85yv66uc
555037cc7cea80f95419a51f,35mh64bm
53a72ca420f7420be8c4aef0,09ov67km
53a72ea220f7420be8c9573e,74pq23iy
539089b420f70186a0d976ab,45rm49ev
555037a27cea80f954193c93,55el13uj
555036c47cea80f954153a49,02na60oj
5390a21620f70186a0e5e13d,49xv69og
555036f97cea80f95416c1ea,19eh21jn
53a72f4620f7420be8c9d9a1,22kb65bz
555036c77cea80f954155206,02uq96op
555036f97cea80f95416c1e9,81bt58pd
53a7266220f7420be8b746da,75dd66ax
53a7309e20f7420be8cff2d3,98kr87bk
5482549a582fc50b5e0a495c,58vb79xg
539089b420f70186a0d976ad,31aj10sh
555036db7cea80f9541603d9,85wc03rf
53a732c420f7420be8db5119,59fx20lj
555036f97cea80f95416c1fd,24ni96ud
53a730cb20f7420be8d0ae9d,38vr03gj
555036f77cea80f95416b5e1,77jt81io
539078ef20f770854f5a84a4,44rw24lq
539fef88831432abcb3b7535,94uo08wk
555036c47cea80f954153a2f,66fl31wq
53a72d1b20f7420be8c59b94,11qs66ed
53a731d820f7420be8d65d94,20wz10qk
5550371e7cea80f954174719,87nk26qi
53e1860520f7dfbc07e8d8a3,47qx50wa
53907b4f20f770854f5e7e87,49vn69jk
53a72b0920f7420be8c16721,99nc42ll
53a729ef20f7420be8beb892,62kv98pj
5390a5b820f70186a0e7e55f,28dv55sl
555036d17cea80f95415a4d7,66ij97xn
555037cd7cea80f95419a56b,41hs69bf
53a72da620f7420be8c6da65,86ws11lu
53a72da620f7420be8c6da65,77ru89ej
5550371b7cea80f954173a2a,59ca08du
53a72acc20f7420be8c0d906,22in23xi
53a7291820f7420be8bc3b1a,45qc96rc
555036de7cea80f954161ba1,70yu12br
53a72f9320f7420be8cb3a04,04ou16pn
555036ef7cea80f954166ea4,26kb06gj
555036f97cea80f95416c1ec,57id55ir
539089e520f70186a0d9c5a9,81iz07cx
5736b296d39c4f40a799f254,59le96ma
555037937cea80f95418fe2d,90fp80ki
5550371d7cea80f954174685,20uy68cu
555037d17cea80f95419bd87,51ju34pq
539099c320f70186a0e1bc23,87gf67dc
53a72ea720f7420be8c9630e,49na63of
53a7237820f74fc8a8f32e34,96zg69ve
555036c67cea80f954154632,55eh63kx
555037aa7cea80f95419560b,65cb91xf
539ff4dd831432abcb4af0fc,85ek10km
53a7307320f7420be8cf1f9f,40ep94du
5550371d7cea80f954174685,99rb20bj
555036e07cea80f95416334f,80ku83wp
555037447cea80f95417dec9,35th23vv
53e1822820f7dfbc07e8be67,43kr58fv
539078ef20f770854f5a84c2,75wj58pn
555036d97cea80f95415f7e7,72nv63ml
53a72eb620f7420be8c98670,37wa32os
53a72de720f7420be8c77f5e,21il05py
53a7260c20f7420be8b65aa5,23hn07bb
53a72f9420f7420be8cb3a07,48jv42uu
53a7291120f7420be8bc2f2c,80gk19oe
53a727f720f7420be8ba3094,55cd67tw
53a728a720f7420be8bb427c,12id66jb
539078f520f770854f5ab130,16ed99th
53a72c5720f7420be8c42c9c,08ba70kp
555036bc7cea80f95414e747,14qq12zr
555037577cea80f954182978,35qp55pp
5390b64d20f70186a0f1abde,48jk44oo
53a7299820f7420be8bdc08e,53mm88qf
53a72ab520f7420be8c0b54c,93jh80eg
53a72dad20f7420be8c6e63a,27ao96tm
55f8d50fc35f4f6dfd415dde,33up46zm
53a72f3220f7420be8c9cd5e,57zl18jz
555036cf7cea80f954158d38,95dn32pj
555036c57cea80f954154616,68ed59nw
555037607cea80f954183622,72mn54yj
53a7296520f7420be8bd32ce,27re50vw
555037b07cea80f95419636b,09ml68rc
555036b87cea80f95414c3a5,30px14ep
53a7291120f7420be8bc2f2c,85gz91dv
53a726f420f7420be8b87a7c,09uv13ey
53e189cc20f7dfbc07e8f11d,13jt03ta
555036b77cea80f95414b7ca,18tw90ib
53e1811020f7dfbc07e8b6fe,59wb44hs
53a72a3920f7420be8bf75ea,32kx27kr
555037427cea80f95417d2dd,35cr36ug
53a7262a20f7420be8b6ad53,25gz44pa
555036f37cea80f954169244,73dm73vs
555037047cea80f95416df88,76vn36er
53a7309b20f7420be8cfe716,34ld54of
53a7313f20f7420be8d30501,14vm96ng
53a732c820f7420be8db5cda,11ae80sy
53a7324320f7420be8d890f8,30if71fi
555036ba7cea80f95414db5f,11ai60vk
555037107cea80f9541712ca,22zz47dz
53a7293020f7420be8bca4fd,02dm60pa
5736ac05d39c4f40a7953a30,12qv88wm
55f8c6f8c35f4f6dfd4159ff,93uo63pt
53a72d5620f7420be8c61d91,75kt22aj
53a7309520f7420be8cfc3e7,21nh59on
53a725bd20f7420be8b57a29,70jv61tq
555036ef7cea80f954166ea4,32oq27js
53a7307320f7420be8cf1f9f,56ta94hy
53e1825d20f7dfbc07e8bfc5,19rk42ns
555037967cea80f954190ade,35si15ss
5550375f7cea80f9541835f4,61re99al
53e1809820f7dfbc07e8b420,49fq64og
53a731e220f7420be8d68c8f,97ia61ow
53a7256120f7420be8b4d4eb,01fu30mc
55f961eac35f4fb0d21cf010,69dy87ig
555037357cea80f95417a0b8,04ew17ae
5550378b7cea80f95418e4ba,09ab94ka
555036c17cea80f9541516a4,33ly80xy
53a7308020f7420be8cf5a4d,89km77gc
53a7311c20f7420be8d231c7,66mm53fd
53e1851520f7dfbc07e8d228,75gm35uw
555036c57cea80f954154616,70px92za
555037807cea80f95418a7fb,83mf71le
539079db20f770854f5c6cd1,29ju65ef
53a725d720f7420be8b5b568,38ci33yp
5736b298d39c4f40a799f34e,12ey48kh
53a729c020f7420be8be07dd,21ii04zu
539e72148314ff4cf4994374,48xq33jo
53a7313f20f7420be8d30501,27is44hv
53e183fa20f7dfbc07e8caaa,72ed61xe
5550377c7cea80f95418a6f0,02kz62yr
5736ae3ad39c4f40a797604f,17ol90yg
555036cd7cea80f95415815a,25vs67nd
53a732dd20f7420be8dbaf1f,30ky93bz
55f8c863c35f4f6dfd415a71,09za29fk
53907bed20f770854f5fa1c9,67kd38sv
54826ba8582fc50b5e3c176b,24eq93zw
555036c07cea80f95415169e,33xu84ry
555037a17cea80f954193c58,14ju86cs
53907a2620f770854f5cef7b,53vz21ll
555036f67cea80f95416a9f3,25qp76ab
53a72b2220f7420be8c1adfa,67fz34yw
555037327cea80f954179451,12cl80pe
53a72d0c20f7420be8c583d4,54dx38nc
55f95c2ec35f4fb0d21ceabc,36zi23eb
53a7309520f7420be8cfc3e7,57vm93qs
54824fb3582fc50b5e02e6de,54bg04ck
555037827cea80f95418b41d,36pt34tc
5395455c8314d630bc7dce23,63lh80gr
572dd9f7d39c4f499348ba05,16iv13fu
53a725f120f7420be8b5e4e8,75zd96wf
53a72e3320f7420be8c85382,69ws45mf
555036e57cea80f9541656e0,09gt56mx
53a72ac520f7420be8c0cd21,77px09zo
555037627cea80f954184e33,96rc82cd
53a7315320f7420be8d391b7,34gk80ow
555036bd7cea80f95414f329,63or61de
5736b298d39c4f40a799f324,77xf41sa
53a7263a20f7420be8b6d0e5,43ay77iu
53a72a7e20f7420be8c0330d,03kz56ij
5736ac8cd39c4f40a795b13e,69jc02bj
53a727fe20f7420be8ba4825,41cd51ms
53a731de20f7420be8d680d0,28xl86zp
555036e07cea80f954163349,63uj82dz
53a72d9b20f7420be8c6c2be,01sp48zf
5482517d582fc50b5e0426de,26ja16zp
53a72d5520f7420be8c61d8b,15qt70wa
5390960720f70186a0df3582,30yg93xn
5736ac8cd39c4f40a795b13e,27ve15af
5736b296d39c4f40a799f254,47xh89pf
53a72acc20f7420be8c0d906,03ng64ns
572dd136d39c4f4993451fdb,66ov59rm
53a725bd20f7420be8b57a29,79ew90bp
555037967cea80f954190ade,60mt23vl
53a728bc20f7420be8bb71d3,32pc09cv
53a72f7320f7420be8ca95be,16ql29ag
53e180a920f7dfbc07e8b47a,54ol72ku
5390a71b20f70186a0e88c42,08eg36kx
53a72b6a20f7420be8c25373,85xz95tw
53a729ef20f7420be8beb892,27xj96hm
53a00345831432abcb74930f,39hu93vz
555036dd7cea80f954161b91,33ph29ui
53a72cb320f7420be8c4d252,56lh51gk
53e17fb020f7dfbc07e8ae6a,75vf86dh
53a7320020f7420be8d70dc5,33id56tx
5736adb9d39c4f40a796eafd,52ag09eq
555036dc7cea80f954160fa2,74zo13rw
53a7297020f7420be8bd4a7f,64oz89ea
53a7327220f7420be8d97bbb,20lp99wl
53a00345831432abcb74930f,47hr85ab
5736ac05d39c4f40a7953a30,39bq21yu
555037107cea80f9541712ca,67hm50fs
539078f320f770854f5a8929,87qr21bc
53a72e0e20f7420be8c7d217,37nz62qa
53a72eba20f7420be8c99232,11ga01ph
5736b064d39c4f40a799195a,82an63rc
53a7326720f7420be8d9410d,59kt14jj
53908b4620f70186a0dba77a,04kb02dt
555037737cea80f954188151,27uk89yh
55f9577bc35f4fb0d21cde88,09zx23xm
555036f07cea80f954167a7c,57wy33kq
53a72c5920f7420be8c42ca7,79rq98ey
555037427cea80f95417d2dd,61in61rz
548259f6582fc50b5e138119,52km63st
53e18cb620f7dfbc07e90338,11en19ql
53a7252120f7420be8b46a93,89nl19pp
555036d27cea80f95415a4dc,38uw97xq
53a72f7320f7420be8ca95be,50zw48rr
5736b298d39c4f40a799f324,92jh91zs
53a728d020f7420be8bb9573,61jm34qe
53a72ff720f7420be8cd03a8,16ej36sk
53908b4820f70186a0dba79d,76xw44vo
539078f620f770854f5ab21a,00hx33ew
53a732bc20f7420be8db1674,13yb92tz
539078f320f770854f5a88ec,29kj69ki
555036df7cea80f95416276a,11ms89wp
54826ba8582fc50b5e3c176b,60ai44sg
5550370d7cea80f9541705cf,22sb37li
555036bb7cea80f95414db63,23rx29gr
55f95c2ec35f4fb0d21ceabc,54ng07fj
53a72f3a20f7420be8c9cd9b,53cs61fi
5550371b7cea80f954173a54,99qm49uw
53a72f5820f7420be8c9f16c,71aj53du
