journal_id,area_id
539ffcf2831432abcb63c645,26
53e1824d20f7dfbc07e8bf54,2
55f8c33fc35f4f6dfd415864,24
53a7300120f7420be8cd3298,25
555037237cea80f95417549b,16
55f8c707c35f4f6dfd415a03,17
5736b2a5d39c4f40a799f9d4,5
555036b57cea80f95414abd8,28
55f8c205c35f4f6dfd4157c1,22
53a72fc720f7420be8cc3075,12
53a72b2d20f7420be8c1c5a9,21
539078f320f770854f5a88f2,22
5390972320f70186a0df9728,30
53a7320120f7420be8d7197e,30
53a7267e20f7420be8b78dc5,7
5390a71c20f70186a0e88c48,30
53a731fc20f7420be8d70db7,21
53e1832920f7dfbc07e8c53a,3
53a726b420f7420be8b7ec67,29
53a728d120f7420be8bb9575,11
53a7314420f7420be8d31c79,7
53a730ea20f7420be8d13b56,13
539e7ce88314ff4cf4c670e8,2
53a72ffa20f7420be8cd0f67,17
555036c97cea80f954155dd5,8
53a72fae20f7420be8cbbb17,15
555036b87cea80f95414c3a9,7
555036db7cea80f9541603d2,6
54824ca9582fc50b5e00b6f4,14
555037d67cea80f95419caa8,3
555036da7cea80f95415f80e,3
53e180b820f7dfbc07e8b4ce,11
53e1825420f7dfbc07e8bf80,18
53a731d920f7420be8d65d97,12
55f8c6fac35f4f6dfd415a00,29
53a72fa520f7420be8cb8c28,2
55f8c37ec35f4f6dfd41587f,3
53a72f6620f7420be8ca37e1,10
53a732bf20f7420be8db2235,16
5390a17f20f70186a0e53d3d,26
555036db7cea80f9541603e1,11
555036d07cea80f954159906,2
53a72b2c20f7420be8c1c5a1,9
555036df7cea80f954162774,28
53a72b3120f7420be8c1d176,8
53a7325120f7420be8d8e31c,7
5736ac1cd39c4f40a7954f21,8
53a731f120f7420be8d6d307,24
53a7308a20f7420be8cf94f6,25
555036c77cea80f954155204,28
555036f57cea80f954169e28,7
57d088490a3ac5db49917a6a,20
53a7311020f7420be8d1dfa5,13
539078f320f770854f5a8951,17
53a7318e20f7420be8d4ce94,5
539e77fd8314ff4cf4b57faa,28
5736af03d39c4f40a79811c6,18
5482521d582fc50b5e0560ea,5
539078ee20f770854f5a83f8,20
53e187ed20f7dfbc07e8e4fe,30
53a7308720f7420be8cf7d81,27
555036b87cea80f95414c3bf,17
53a731b520f7420be8d5a1d2,16
555037a77cea80f954194996,22
58801a369ed5db225d59c314,12
53a7321220f7420be8d7830c,14
572dd004d39c4f4993448ec7,29
539078ee20f770854f5a8409,18
53e1833120f7dfbc07e8c56d,7
53a7269720f7420be8b7bd03,1
53a724b320f7420be8b37f4c,17
53a72ec320f7420be8c99e21,28
555037c87cea80f9541998b3,27
53907c1720f770854f5ff327,28
55f9570ec35f4fb0d21cdae5,6
53a7319520f7420be8d50933,30
555036c27cea80f954152292,21
555036b47cea80f95414abd1,16
53a7326420f7420be8d9354e,6
53a7327820f7420be8d99eef,6
53a7319320f7420be8d4fd78,14
53e1809120f7dfbc07e8b3f7,21
555036f67cea80f95416a9f4,6
53a7294620f7420be8bcebd3,17
53a727af20f7420be8b97f2c,11
53a731e220f7420be8d68c8f,20
53a72a4520f7420be8bf8d9b,27
57d08c7c0a3ac5db4992dd6c,16
555037a17cea80f954193c76,30
5390799420f770854f5c0f06,15
555036cb7cea80f954157570,19
539078f320f770854f5a88f3,3
5390acc420f70186a0eb9ddc,4
53a72acb20f7420be8c0d904,19
53a7310b20f7420be8d1c829,11
53a731c620f7420be8d5ffae,7
53a72a9120f7420be8c056af,28
555036be7cea80f95414fef1,3
5736ae3ad39c4f40a797600f,28
53e17f6520f7dfbc07e8aca7,24
53907a7420f770854f5d4ab4,11
53a72cf320f7420be8c548d8,21
53a7313c20f7420be8d2e1d4,30
54825ad4582fc50b5e1557fe,12
555036e17cea80f954163356,17
555036ca7cea80f95415699e,1
555036c67cea80f95415461e,17
555036f27cea80f95416865a,8
555037917cea80f95418fdf1,18
539e72778314ff4cf49b3f5d,20
555036b67cea80f95414abfd,11
539078ee20f770854f5a840b,3
53a72fd220f7420be8cc5f67,30
539078ef20f770854f5a844a,24
53e1854520f7dfbc07e8d37b,5
555036f67cea80f95416aa16,7
53a72a8520f7420be8c03eea,13
53a72a9120f7420be8c056af,17
53a7255b20f7420be8b4c919,8
555036c47cea80f954153a42,9
539078f720f770854f5ab2fb,7
539e7ce68314ff4cf4c670e0,14
53a7311a20f7420be8d2260b,13
53a7256c20f7420be8b4f82a,25
555036c07cea80f95415169d,2
53a72c9420f7420be8c48b79,16
539e76e18314ff4cf4b1399d,14
53a72d6120f7420be8c6352f,9
53e1822a20f7dfbc07e8be77,11
53e1815120f7dfbc07e8b8aa,2
53a726b520f7420be8b7ec70,16
53a72e7b20f7420be8c8f8d3,10
555036e77cea80f9541662bb,8
53a727eb20f7420be8ba18d5,19
555036db7cea80f9541603df,12
539078f220f770854f5a886e,7
53a7316e20f7420be8d41e8e,29
53a7320d20f7420be8d76b93,13
555036c07cea80f954150ad2,7
5390a75a20f70186a0e8db68,4
539e76e28314ff4cf4b1399e,7
53a72c9420f7420be8c48b7d,29
53a72cdb20f7420be8c50dd1,4
53907df520f770854f6106bd,24
539ffbf8831432abcb6033b5,13
53a728e320f7420be8bbc4a9,23
555036cb7cea80f95415756a,24
53a7289a20f7420be8bb2ac3,6
53a72fb420f7420be8cbd290,26
53a72acb20f7420be8c0d905,9
539e77b68314ff4cf4b46e27,19
53a732c920f7420be8db5cde,1
555036cb7cea80f954157562,16
5390797220f770854f5bb95f,17
53a7311f20f7420be8d23d86,4
53e184b020f7dfbc07e8cf71,12
53a72ac920f7420be8c0d8f2,18
53a72f9520f7420be8cb3a08,4
53a72dbf20f7420be8c72ca6,26
555037547cea80f9541805e0,11
539099c420f70186a0e1bc2f,27
53a72fc720f7420be8cc3073,9
555036ee7cea80f9541662de,23
54825fd3582fc50b5e1f7678,5
53a727eb20f7420be8ba18d7,16
555036f07cea80f954166eba,18
53a72ab420f7420be8c0a992,25
55f8cb99c35f4f6dfd415b83,23
555037c87cea80f95419989b,30
55fa8a16c35f4fb0d21d582a,25
53a730a420f7420be8cffe96,8
53a725f020f7420be8b5e4e2,22
53a7325520f7420be8d8eedf,9
53a728fc20f7420be8bc0b83,21
53a730ba20f7420be8d06833,10
53a72ae720f7420be8c10895,27
53a7271020f7420be8b8a9e9,18
539078f620f770854f5ab177,3
539090d920f70186a0de012d,4
53a72f7320f7420be8ca95bd,3
53a7288320f7420be8bafb66,17
53a7296120f7420be8bd2701,26
53a7276220f7420be8b8cd8e,25
555036e37cea80f954164af5,29
53a728a420f7420be8bb426a,29
5390885420f70186a0d8e898,10
53a728e320f7420be8bbc4aa,11
53a72b1f20f7420be8c1a235,28
53a7299120f7420be8bdb4b3,19
53a7250d20f7420be8b43b7e,9
555036cb7cea80f954157563,6
53a7290420f7420be8bc1771,10
58a3b7fb9ed5db6f9e2fdba7,18
539ff916831432abcb57b1dc,15
555036de7cea80f954161ba9,4
53a7295320f7420be8bd0f3b,10
53a7256c20f7420be8b4f82b,5
5390799920f770854f5c0fcd,13
53a7279420f7420be8b93830,6
5736ad6ed39c4f40a796a0ce,27
53a72b1320f7420be8c18a7b,13
53a7304720f7420be8ce5831,8
53a72a9620f7420be8c06e2e,16
572dc724d39c4f4993401bf1,5
539078fb20f770854f5ab632,15
53a7278720f7420be8b92c2a,8
539078f320f770854f5a8976,22
53a72a8420f7420be8c03ee3,16
555037ab7cea80f95419562f,29
53a7304c20f7420be8ce7b5d,4
539078f920f770854f5ab4ce,22
5390797020f770854f5bb908,24
53a7324620f7420be8d89cb6,29
5550370f7cea80f954171247,10
53a7237320f74fc8a8f32e0b,13
5390790320f770854f5adff6,12
555036b77cea80f95414b7e3,29
555036bd7cea80f95414f310,11
53e1832b20f7dfbc07e8c546,1
53a7295c20f7420be8bd1b2b,12
539e78288314ff4cf4b6430f,13
539ff061831432abcb3e2c51,9
58c75a389ed5dba9165aff9f,12
555036f77cea80f95416b5e5,26
548267b8582fc50b5e32e70f,16
55f9f1b6c35f4fb0d21d2327,20
53a72d8a20f7420be8c693ac,10
53a72a1f20f7420be8bf4659,16
53a72b0020f7420be8c14f7e,12
53a7306720f7420be8cef0af,16
53e1898220f7dfbc07e8ef45,24
5390794720f770854f5b640a,27
555037377cea80f95417a12c,28
53a72ed320f7420be8c9cd41,25
53a724d920f7420be8b3c5dd,23
555036e57cea80f9541656d9,6
555036e17cea80f95416335c,27
539078ee20f770854f5a83e7,22
555036c17cea80f954152275,19
53a72a5320f7420be8bfd430,9
53e17f6420f7dfbc07e8ac9d,19
539e75bd8314ff4cf4aaa97f,29
53a7254220f7420be8b4a579,1
539078f320f770854f5a896c,25
5390793620f770854f5b5de6,26
53a72f5c20f7420be8ca08e9,8
53a7278920f7420be8b92c3a,12
5550370b7cea80f95416f984,9
53a724cc20f7420be8b3ae48,17
5736ae3bd39c4f40a797606d,12
555036ca7cea80f9541569a3,19
555036d97cea80f95415f7fd,4
53e1892520f7dfbc07e8eccf,19
53a7324720f7420be8d8a872,16
539ff3a0831432abcb481942,12
53a7308720f7420be8cf7d82,5
555036ba7cea80f95414db5b,25
53a731d820f7420be8d65d92,1
5390795f20f770854f5b8e1c,15
555036ce7cea80f954158d22,24
53a72d0a20f7420be8c583cc,7
555037b67cea80f954197096,19
53e183e020f7dfbc07e8c9ff,11
53a7319c20f7420be8d53821,18
53a7318920f7420be8d4b718,17
53a726d620f7420be8b84af0,27
53a7329a20f7420be8da5aaf,2
539ff4a0831432abcb4a399f,14
53a725d420f7420be8b5a99a,10
555036f27cea80f954168669,11
53a7283420f7420be8babe95,18
5736b00cd39c4f40a798de95,13
53a72f9d20f7420be8cb74a9,20
53a7288c20f7420be8bb1302,5
555036f67cea80f95416aa09,29
53a725bc20f7420be8b57a21,5
53a72ed320f7420be8c9cd40,14
555036b57cea80f95414abd6,17
53a727eb20f7420be8ba18d6,11
5390891820f70186a0d92226,8
555036f17cea80f954167a9c,30
53a72c6620f7420be8c44ffe,24
53a7294b20f7420be8bcf79c,1
53e184ec20f7dfbc07e8d102,1
5390798e20f770854f5be648,4
53a7256d20f7420be8b4f82d,30
53a731f020f7420be8d6d303,4
539078f320f770854f5a8919,25
53a7296a20f7420be8bd3e9e,5
53a7316f20f7420be8d41e8f,23
53e1807e20f7dfbc07e8b383,6
555037777cea80f954188e5d,29
555036bf7cea80f954150abc,25
53a72d4920f7420be8c5fa31,7
53a7286220f7420be8baeeba,20
555036be7cea80f95414fefa,27
53a7306420f7420be8cee4f6,26
53a727cc20f7420be8b9c621,27
53a7263920f7420be8b6c526,18
5390799720f770854f5c0f75,21
557de61ef6678c77ea21e624,15
53e18c0920f7dfbc07e8ff23,8
53a72e6820f7420be8c8bdec,9
5550377a7cea80f954189a9d,28
53a7310820f7420be8d1bc69,21
555036cc7cea80f95415814b,27
53a7321320f7420be8d78ec6,3
555036de7cea80f954161b9c,21
5390794f20f770854f5b6553,22
555036e47cea80f954164b04,8
555036d97cea80f95415f807,30
53a7285720f7420be8baee63,28
53a72dee20f7420be8c78b39,5
53a72a7220f7420be8c00f98,18
5550375e7cea80f9541835c1,9
53a72b9320f7420be8c29aa6,29
53a72c5620f7420be8c42c98,12
53a731f620f7420be8d6ea84,11
5390965420f70186a0df61ac,8
53a72f3520f7420be8c9cd74,11
5736ae63d39c4f40a797830f,18
555037cf7cea80f95419b159,24
53e17f8220f7dfbc07e8ad50,6
555037217cea80f954175401,18
53a7293b20f7420be8bcd41a,8
53a7265320f7420be8b72f16,15
53a72e8a20f7420be8c91092,13
53a732b220f7420be8dae77b,19
53a7311e20f7420be8d23d84,16
555037187cea80f954172d25,25
555037107cea80f954171265,21
555036cc7cea80f954158135,3
53a72bd120f7420be8c31c65,3
53a731c620f7420be8d5ffad,24
53a72b2c20f7420be8c1c59f,19
555036c67cea80f954154630,9
555036d87cea80f95415ec24,20
53a726a520f7420be8b7d4a8,27
53a7284520f7420be8bae227,3
53a72fc720f7420be8cc3076,24
53a7261320f7420be8b6667e,19
57d0889c0a3ac5db49919226,21
548249bf582fc50b5dfd9e6d,22
53a7327220f7420be8d97bbc,12
555037387cea80f95417ad4b,4
53907a2b20f770854f5cf025,25
53a72e9120f7420be8c9281e,29
53a728b120f7420be8bb5a2a,26
53a731f120f7420be8d6d308,15
539089c620f70186a0d99dc8,14
53907a9820f770854f5d78d4,30
53e1861420f7dfbc07e8d90d,12
53a727f020f7420be8ba24ac,27
53907a7220f770854f5d4a6f,6
53a72afe20f7420be8c14f72,28
53907a7320f770854f5d4aa5,23
5550371a7cea80f954173a0a,20
5736af5ed39c4f40a798604a,22
53a72dee20f7420be8c78b3b,12
53e1889020f7dfbc07e8e925,10
555037567cea80f95418295c,2
55f959d4c35f4fb0d21ce758,30
555036e57cea80f9541656e5,9
555036f87cea80f95416b5f6,2
5550372b7cea80f954177a47,21
53a72b9720f7420be8c2a66d,4
53a727aa20f7420be8b97356,2
53a7293020f7420be8bca4fd,26
53a72e7020f7420be8c8e133,10
53a7275e20f7420be8b8cd6a,16
53907a5a20f770854f5d204c,15
55f960e8c35f4fb0d21cef76,6
555036ca7cea80f954156998,10
53a72a8220f7420be8c03321,5
53a72e4d20f7420be8c8772e,21
53e1882920f7dfbc07e8e675,25
53a7315120f7420be8d385fb,22
555036e07cea80f954163351,8
53a72ce020f7420be8c519a3,10
53a72c9820f7420be8c48b9a,23
53a72b3320f7420be8c1d18a,15
53a72e7b20f7420be8c8f8d4,27
53a725e920f7420be8b5d8f6,12
53a7280520f7420be8ba5fb7,28
53907a6220f770854f5d21f1,22
555037767cea80f954188df6,22
53a732cf20f7420be8db745d,22
53e1891b20f7dfbc07e8ec90,25
53a7263820f7420be8b6c520,13
53a72e0620f7420be8c7c642,2
53907d3020f770854f60bc65,4
53e184f720f7dfbc07e8d153,11
53a729c620f7420be8be2b23,6
53a729c620f7420be8be2b25,6
555037667cea80f954185ab5,20
5390799620f770854f5c0f40,29
555036f67cea80f95416a9f6,9
555037a07cea80f95419305f,24
555037cc7cea80f95419a510,5
53a728f820f7420be8bbffb5,26
54824fb3582fc50b5e02e6e0,9
53a72a6b20f7420be8c003b0,23
5736ab19d39c4f40a79494d8,27
53e17fa620f7dfbc07e8ae22,5
53a72cbc20f7420be8c4de37,30
555036ee7cea80f9541662df,23
53a725d920f7420be8b5b573,18
53a72eb320f7420be8c98662,23
53e184f720f7dfbc07e8d156,24
5390798120f770854f5be2d6,26
53a726c320f7420be8b832f6,7
53a7314f20f7420be8d37a40,22
53a72b7820f7420be8c26b29,17
53907aa920f770854f5da239,5
54825f1d582fc50b5e1e89d7,15
555036de7cea80f954161ba8,18
53a732d020f7420be8db8016,11
53e17f6020f7dfbc07e8ac82,1
53a731f320f7420be8d6dec4,6
53a729e320f7420be8be951c,4
539078f320f770854f5a8985,1
555036bb7cea80f95414e732,29
555037977cea80f954190b2a,23
555036cf7cea80f954158d42,9
555036c17cea80f9541516a0,6
555036e47cea80f954164b0f,1
54826211582fc50b5e24846f,5
555036f37cea80f95416924c,19
53a7285520f7420be8baee54,15
555036f37cea80f95416867a,30
53e17f8a20f7dfbc07e8ad76,25
5550374e7cea80f95417f8c5,25
53a7284f20f7420be8baee22,3
555036b77cea80f95414b7da,28
53a727fd20f7420be8ba481e,7
53e180bb20f7dfbc07e8b4de,23
53a72f3220f7420be8c9cd5f,11
53a731f620f7420be8d6ea84,12
53907af620f770854f5dfd03,9
53e17f7520f7dfbc07e8ad07,14
53a72b5020f7420be8c20cc1,22
53a72ed120f7420be8c9c17c,14
59224a409ed5db409e22f1d9,4
555036b67cea80f95414abfa,10
53a72df020f7420be8c78b47,21
555036de7cea80f954161b97,7
53a727db20f7420be8b9e99c,2
555037027cea80f95416d349,14
555036dc7cea80f954160fb7,11
53907b6820f770854f5ea9f0,14
53907edc20f770854f614e1d,16
54825f4f582fc50b5e1eff6a,20
53a72e0320f7420be8c7ba81,6
53a7290a20f7420be8bc2352,15
53a7320620f7420be8d73ca9,11
5390986520f70186a0e09576,15
555037cf7cea80f95419b15b,27
53a72d6120f7420be8c6352f,30
53907ee820f770854f614fa5,2
53e1852720f7dfbc07e8d2ac,8
53a72f3420f7420be8c9cd6f,10
53a727f020f7420be8ba24aa,22
555037357cea80f95417a0ab,27
53a72d6c20f7420be8c64cce,9
53e184a320f7dfbc07e8cf34,6
53907b5a20f770854f5ea70c,2
53a732b020f7420be8dadbc0,8
54824820582fc50b5dfcd3aa,4
53a72c6a20f7420be8c4501f,16
53a7312820f7420be8d283df,30
54824a11582fc50b5dfdede0,8
555036f47cea80f954169e19,19
53a726d520f7420be8b84ae2,20
539078ef20f770854f5a8451,2
555036bd7cea80f95414f30d,23
53a731eb20f7420be8d6bb8a,25
53a7313c20f7420be8d2ed8d,28
5390a0a220f70186a0e4e30f,7
53907afa20f770854f5dfd8a,19
53a72a7520f7420be8c01b5d,2
55f8eafbc35f4f6dfd4161cd,17
53a7251420f7420be8b452ef,25
53a728b020f7420be8bb5a22,28
53a729da20f7420be8be7d83,21
53e1859420f7dfbc07e8d5ae,30
53907bc320f770854f5f4fb3,12
53a72b0d20f7420be8c17e9d,5
555036f87cea80f95416b5ef,13
5390896420f70186a0d94979,8
53a72ad720f7420be8c0e50e,18
53a72dd720f7420be8c75bf5,20
555037037cea80f95416df34,3
53a728b020f7420be8bb5a29,16
53a72dc520f7420be8c73878,27
53e1857720f7dfbc07e8d4f2,12
53a7267420f7420be8b77618,24
54826a67582fc50b5e39a318,7
5550371b7cea80f954173a4b,23
53a725ac20f7420be8b556b2,1
53a72d8d20f7420be8c69f6c,7
53a7262a20f7420be8b6ad52,23
53a72f8120f7420be8cadc2b,5
555036f87cea80f95416b5fc,26
53a72d8a20f7420be8c693ad,26
555036c87cea80f954155dd0,26
53a7320f20f7420be8d7774d,8
555037437cea80f95417d2eb,24
53a72f3820f7420be8c9cd8e,20
555037857cea80f95418cbe6,18
5736adead39c4f40a79719c1,17
555036bd7cea80f95414f31e,3
555036f67cea80f95416a9ef,30
53a726f420f7420be8b87a78,26
5390b44b20f70186a0efa5ba,5
555037277cea80f954176d4e,7
539078f620f770854f5ab17f,18
53a7262020f7420be8b689f2,4
5482523f582fc50b5e05887d,4
555036e67cea80f9541656f2,22
555036c97cea80f954155dd6,22
555037137cea80f954171fb9,8
555036f97cea80f95416c1f1,18
53a72cf120f7420be8c53d18,25
53a72abc20f7420be8c0c131,23
53e1859c20f7dfbc07e8d5dc,25
53e17fa020f7dfbc07e8adfc,6
555036f27cea80f954168664,4
555036ce7cea80f954158d1d,2
555037077cea80f95416ec72,16
53907cc220f770854f60803c,1
53e1817120f7dfbc07e8b988,9
53a7294520f7420be8bcebc9,24
555036c57cea80f954154615,9
53a72b4420f7420be8c1e967,15
53a72ac620f7420be8c0cd29,28
53a7310f20f7420be8d1d3ea,7
53a7283320f7420be8babe94,17
53e1815d20f7dfbc07e8b8f7,22
5390a71620f70186a0e88c32,28
53a731ea20f7420be8d6afcf,12
53a7281720f7420be8ba8355,2
55f95a7dc35f4fb0d21ce891,7
555036ca7cea80f9541569a6,3
539feee0831432abcb396be9,13
53a728f420f7420be8bbf3e5,8
53e1891620f7dfbc07e8ec6b,23
55f95869c35f4fb0d21ce31f,19
53a7276520f7420be8b8cda2,19
53a7309e20f7420be8cff2d4,13
53a72b6c20f7420be8c25386,20
53a72bcb20f7420be8c31c41,7
53a72bdd20f7420be8c33414,13
53a72ea120f7420be8c95738,18
5550379b7cea80f95419237c,13
53a7299920f7420be8bdc09a,6
555037797cea80f954189a64,29
5390947820f70186a0dea2ee,19
53a72e3920f7420be8c85397,27
555037a37cea80f954193d07,2
555037757cea80f954188dbb,22
555036ef7cea80f954166eb5,2
53a7283220f7420be8babe88,24
548261b6582fc50b5e2434f3,27
53a7296620f7420be8bd32d7,5
5550374b7cea80f95417ec10,29
53a731ce20f7420be8d62e9a,1
53a7266120f7420be8b746d9,29
555036dc7cea80f954160fc5,28
555036e27cea80f954163f29,8
53a72f3f20f7420be8c9d96b,6
53a7285420f7420be8baee4d,25
555036c87cea80f954155dc9,12
53a731a120f7420be8d543e6,13
53a00231831432abcb73cac2,10
5550371b7cea80f954173a52,2
53907aaa20f770854f5da246,24
555037577cea80f954182982,19
555037d37cea80f95419be1e,16
555037047cea80f95416df75,8
53a7313720f7420be8d2e1bf,4
555037127cea80f954171f3c,7
539078f220f770854f5a88cd,11
53a729a420f7420be8bdd84d,19
53a7294820f7420be8bcebe0,14
54826c83582fc50b5e3e62e0,29
53e181f320f7dfbc07e8bcfc,11
53a72f4220f7420be8c9d983,22
53a730e620f7420be8d12f99,27
53a7326520f7420be8d94107,27
555036f27cea80f95416866c,10
53907b6f20f770854f5eaac4,11
555036dc7cea80f954160fcb,23
555036f97cea80f95416c1d8,2
53a72dee20f7420be8c78b37,4
53a72eaa20f7420be8c96328,16
53a7296520f7420be8bd32ce,14
57d08a8a0a3ac5db4992107c,26
5550371a7cea80f95417399c,27
53a7285420f7420be8baee48,8
53a72f4020f7420be8c9d975,18
53a72a3020f7420be8bf5e3f,5
53a72e9420f7420be8c933e0,25
555037097cea80f95416f8e8,23
539ff0be831432abcb3f285d,21
555036e07cea80f95416334a,10
555037337cea80f95417a03a,17
555036f47cea80f954169e13,2
555037c57cea80f9541980c2,13
53a7292120f7420be8bc52bf,30
53908b4820f70186a0dba795,20
555036bd7cea80f95414f320,3
53a727f020f7420be8ba24ad,9
53e1857e20f7dfbc07e8d528,15
5390991d20f70186a0e11631,14
53a7281d20f7420be8ba9add,6
53a725da20f7420be8b5b57f,7
555037077cea80f95416eca1,5
53a724ad20f7420be8b37372,15
53a729c020f7420be8be07de,22
555036b37cea80f954149fe0,23
539ff140831432abcb4081f0,18
53a7251b20f7420be8b45ec4,7
555036ce7cea80f954158d20,19
555036e07cea80f95416278d,18
53a72f6020f7420be8ca14ab,16
5550374a7cea80f95417ebe9,7
555037037cea80f95416df2e,29
53a72f3220f7420be8c9cd5c,2
54825be3582fc50b5e177d9a,8
539e71688314ff4cf4960de9,13
53a7307e20f7420be8cf4e91,1
53a72a5020f7420be8bfc866,17
53a729fa20f7420be8bec496,9
53a72ed220f7420be8c9cd3c,3
53a726ea20f7420be8b862dd,26
555036c27cea80f954152e4b,1
539e71b28314ff4cf497e2b0,17
5390982a20f70186a0e06ab4,26
53a7308a20f7420be8cf94f7,13
53a7292320f7420be8bc5e7d,8
53a7295920f7420be8bd1b14,26
539fff5b831432abcb6c5715,20
555036bf7cea80f954150abe,26
587ec9c09ed5db4ade85fe18,30
555036d37cea80f95415b0b3,5
5736b00cd39c4f40a798deac,13
53a7310720f7420be8d1bc66,27
53a72d7c20f7420be8c67bea,3
53e1871a20f7dfbc07e8dfae,21
53a72b2d20f7420be8c1c5a7,15
555037807cea80f95418a7f5,22
548259dd582fc50b5e1359d4,5
572dfc90d39c4f6052c5759e,22
53a72a2220f7420be8bf466e,2
555036f17cea80f954167a86,26
54825d73582fc50b5e1adc94,23
53a729e620f7420be8bea0e5,8
555036ca7cea80f9541569a5,4
555036c47cea80f954153a3f,11
53a72a9620f7420be8c06e31,14
53e17f6120f7dfbc07e8ac8a,21
555036f27cea80f95416865e,2
53a72e4720f7420be8c86b5d,26
555036c27cea80f954152e4e,9
5550372b7cea80f954177a28,22
53a72e1a20f7420be8c7f576,29
53a728da20f7420be8bbad0f,3
53a7298d20f7420be8bda8e3,20
53a72b6a20f7420be8c25379,19
53a72b8220f7420be8c27720,28
555036e27cea80f954163f1e,5
53a72fd220f7420be8cc5f6a,24
53a7280820f7420be8ba5fd3,19
53a731d820f7420be8d65d93,10
539e770a8314ff4cf4b1d5e9,20
555036d37cea80f95415b0dd,19
53a731db20f7420be8d66956,1
53a72b9c20f7420be8c2b23e,29
53a726f320f7420be8b87a77,1
5390a49620f70186a0e73ac1,12
53a72a4c20f7420be8bfb0e4,11
5550376d7cea80f954187415,25
555036f87cea80f95416b602,12
53a7328020f7420be8d9cddc,2
53a72e9b20f7420be8c94b6a,6
555036e47cea80f9541656ca,21
5736ae3ad39c4f40a797601d,9
53a725e620f7420be8b5d8e3,19
53909ed520f70186a0e31cc4,11
58d87c229ed5db79c99c0f01,4
58f99f169ed5db981862047b,4
53a72f6220f7420be8ca2c21,3
555037c57cea80f9541980a5,26
555036b47cea80f95414abcc,8
53a7269920f7420be8b7bd09,17
5550376e7cea80f954187478,2
555036d27cea80f95415a4e4,29
53909f3520f70186a0e396bd,22
555037397cea80f95417ad97,9
555037277cea80f954176d25,6
53a7288720f7420be8bb072c,3
539097a420f70186a0e0142a,13
555036b87cea80f95414c3bb,5
53a725c320f7420be8b591b9,28
53a7315d20f7420be8d3c0ae,23
555037517cea80f95417f95d,13
5390894320f70186a0d9495c,4
555037c97cea80f9541998dd,27
555036c57cea80f954154602,21
5736ae3ad39c4f40a797602d,26
5390891420f70186a0d9221e,6
53a731b320f7420be8d59617,21
53a7318c20f7420be8d4c2d7,30
555036ba7cea80f95414cf96,21
5736ae3ad39c4f40a797600d,6
5550376d7cea80f9541873e3,10
555036df7cea80f954162769,6
5550378d7cea80f95418f10b,3
55f8ded8c35f4f6dfd415ff3,13
555037007cea80f95416d278,23
53a731ea20f7420be8d6afd0,11
53a729c820f7420be8be2b32,20
53a7256020f7420be8b4d4e1,5
53a7266520f7420be8b75296,6
5390a0a120f70186a0e4e2fc,30
555037997cea80f95419171d,5
53a72bae20f7420be8c2d5b7,12
53a725e220f7420be8b5cd13,2
5550370a7cea80f95416f932,8
555037a17cea80f954193c72,15
53a7258b20f7420be8b51bd2,17
53a7285720f7420be8baee5f,9
53a7318c20f7420be8d4c2d9,15
555037b27cea80f9541963f6,18
555037777cea80f954188e47,5
555036cf7cea80f954158d3f,9
53909e7b20f70186a0e2a2ec,2
53a730cf20f7420be8d0c610,5
53a72d2e20f7420be8c5cacb,16
53a723b720f74fc8a8f3301f,3
53a7264120f7420be8b6dccb,17
53a7322320f7420be8d7e0f8,28
53a72f3320f7420be8c9cd65,12
53a72f9e20f7420be8cb74ac,15
539ff23b831432abcb43bc31,2
5390bb5c20f70186a0f3f2d8,3
54826424582fc50b5e2a2d42,12
53a72b5c20f7420be8c23bc2,22
5550376b7cea80f95418737e,13
555037817cea80f95418b3e1,4
53a72f3620f7420be8c9cd7a,11
53a7267f20f7420be8b78dce,8
53a72ce620f7420be8c5257d,28
5550371b7cea80f954173a42,5
53a7284a20f7420be8baedf5,23
53a7255b20f7420be8b4c919,3
5550379f7cea80f954193043,17
53a726cf20f7420be8b84ab2,29
53a7321020f7420be8d77751,5
555036c37cea80f954152e6c,18
5390aa5c20f70186a0ea9e28,14
5736ae04d39c4f40a79737da,30
53a72aa220f7420be8c091a1,19
54826079582fc50b5e20fe5b,10
5546385f0cf2939c2fee6a80,15
555037367cea80f95417a10d,10
53a7254520f7420be8b4a58f,7
54825bda582fc50b5e177d87,6
5390a8b020f70186a0e9a789,26
555036c47cea80f954153a3a,9
53907aaf20f770854f5da2ed,21
53a72bd920f7420be8c3284a,28
53a72f3720f7420be8c9cd86,8
53a72feb20f7420be8ccc900,17
53a7297d20f7420be8bd4ae7,1
53a72f3f20f7420be8c9d971,7
53a72e0c20f7420be8c7d211,7
53a7237420f74fc8a8f32e14,17
53a72f4320f7420be8c9d98f,16
555036ce7cea80f954158d2a,22
54826229582fc50b5e24abc9,24
53a729e520f7420be8bea0dd,24
53a7256020f7420be8b4d4e2,8
55f9615cc35f4fb0d21cefbb,27
57d08c790a3ac5db4992dd05,10
53a72a1220f7420be8bf22df,25
53a7264320f7420be8b6e88a,17
5390884320f70186a0d8e6b6,4
55f8cb01c35f4f6dfd415b54,16
5550371b7cea80f954173a41,15
555037677cea80f954185b1e,11
555036b67cea80f95414b7b9,12
53e1880f20f7dfbc07e8e5e4,23
53a7308720f7420be8cf7d84,26
55f8e06cc35f4f6dfd41602e,20
555036f67cea80f95416a9f5,19
539ff34d831432abcb46ec67,17
555037097cea80f95416f8e7,11
53e18c4420f7dfbc07e90090,27
53a72a0020f7420be8bed076,30
55f9e86bc35f4fb0d21d0bca,8
5736b00cd39c4f40a798de9a,3
57d08c750a3ac5db4992dca0,1
539098bd20f70186a0e0c251,4
5736b298d39c4f40a799f357,20
53a729ab20f7420be8bdefdb,13
53e18c3f20f7dfbc07e9006e,26
5550373a7cea80f95417add6,1
53a72a8820f7420be8c04ab5,27
53a72a1420f7420be8bf22ed,10
53e1822b20f7dfbc07e8be81,16
5550377b7cea80f954189b16,1
53a7323520f7420be8d83ed9,3
53a72aed20f7420be8c12026,2
53a7262c20f7420be8b6ad60,23
555037b27cea80f9541963be,15
555036f57cea80f954169e1f,23
555037227cea80f95417540f,25
555037ab7cea80f954195666,28
539ff964831432abcb588d47,20
53a72dfa20f7420be8c7a2e9,17
53a72a8a20f7420be8c04ac5,15
53a72fb120f7420be8cbc6d4,26
53a7295f20f7420be8bd26f8,15
53a72ec220f7420be8c99e17,30
5390bb5020f70186a0f3f2a0,14
53a7284b20f7420be8baedfe,24
53a72cf120f7420be8c53d1a,25
53a7256420f7420be8b4e0aa,11
555036f97cea80f95416c1ef,21
5390a73620f70186a0e8b3be,30
555036bc7cea80f95414e744,27
555037507cea80f95417f92e,6
53a727c520f7420be8b9ba3d,24
53a7314220f7420be8d310be,18
539078ef20f770854f5a8472,4
53e1811a20f7dfbc07e8b74c,15
555036bb7cea80f95414db6a,23
5550376d7cea80f9541873f1,17
5550376e7cea80f95418742a,4
557e1f19f6678c77ea2205d5,26
555036f17cea80f954167a96,9
555036ca7cea80f9541569a2,14
555036c17cea80f9541516a1,18
55f95850c35f4fb0d21ce2c6,26
53909e0220f70186a0e29bbc,20
5390995c20f70186a0e1411e,1
53a7262a20f7420be8b6ad4f,18
53a72bd720f7420be8c3283e,5
55f96c5fc35f4fb0d21cf3dd,21
5390a4f020f70186a0e76664,15
53a7276820f7420be8b8d96a,27
53a7270920f7420be8b89e06,3
53e1882120f7dfbc07e8e646,23
53909a0120f70186a0e1e6f7,11
53e1833420f7dfbc07e8c581,17
53e18c7520f7dfbc07e901c1,25
53e18ac620f7dfbc07e8f753,19
555036f67cea80f95416aa0e,23
53a729ea20f7420be8beacba,28
555036d27cea80f95415a4f2,15
555037637cea80f954184e57,9
53a72fce20f7420be8cc53a6,9
555036d87cea80f95415ec20,14
53a723d820f74fc8a8f33104,29
555036da7cea80f9541603cc,22
53a7285420f7420be8baee4e,27
555036f37cea80f954169245,24
53a7285120f7420be8baee2f,16
555036d37cea80f95415b0d9,12
5696998ab0b7fae0fc504827,19
53a7239320f74fc8a8f32f06,24
539ffa4b831432abcb5b5ef8,4
53a72da820f7420be8c6da6d,22
555037aa7cea80f9541955fc,20
53a72a8920f7420be8c04abf,21
5390bb5020f70186a0f3f2a1,12
53a72ade20f7420be8c0fca9,18
55f8d284c35f4f6dfd415d4b,7
539099fc20f70186a0e1e6b5,22
548267a3582fc50b5e32e6b5,22
555036c27cea80f95415228e,14
555036d27cea80f95415a4f4,12
53e180d020f7dfbc07e8b56e,3
53a72f6220f7420be8ca2068,30
53a723e320f74fc8a8f3314e,20
53e18d3f20f7dfbc07e906a6,16
53a72c2120f7420be8c39f0b,18
53e184a220f7dfbc07e8cf2d,13
53e1833e20f7dfbc07e8c5cf,21
53a7317120f7420be8d42a4c,24
53a7298b20f7420be8bda8d9,10
53a729e620f7420be8bea0e4,9
53e17fa120f7dfbc07e8ae03,17
555036e37cea80f954163f36,24
555036e47cea80f954164b02,28
5390a46f20f70186a0e738a8,18
53a7257b20f7420be8b50431,6
555036bb7cea80f95414e72d,9
53a72d5720f7420be8c61d92,19
53a002f0831432abcb742bb3,11
53a72c0520f7420be8c37b47,1
53a72a4320f7420be8bf8d8a,10
555037997cea80f954191763,17
53a72bf720f7420be8c357d9,2
53e18ba020f7dfbc07e8fca7,30
539ff927831432abcb57db4c,22
5550370d7cea80f9541705bc,4
555036ba7cea80f95414db59,11
5736ae3ad39c4f40a797601b,12
555036f67cea80f95416aa05,16
539078f320f770854f5a8978,3
53a72cc620f7420be8c4ea31,7
53a7296520f7420be8bd32d2,5
53a72b2c20f7420be8c1c5a3,25
555036c27cea80f954152286,30
53a72a8820f7420be8c04ab3,13
555036f67cea80f95416aa1a,8
53a732b720f7420be8dafef7,23
5550374d7cea80f95417ecb0,30
54824aed582fc50b5dff2949,1
53a72ad920f7420be8c0e521,17
555036f57cea80f954169e23,20
53a726d020f7420be8b84ab9,2
555037987cea80f95419171b,11
53a7293e20f7420be8bcdfdf,9
5550372d7cea80f9541786a8,14
555036d27cea80f95415a4ef,22
53909e7f20f70186a0e2ca0a,22
53a72fdf20f7420be8cc8e58,9
555036df7cea80f954162771,19
5390a1fd20f70186a0e5dfdf,30
53a723ad20f74fc8a8f32fcf,25
555037b27cea80f9541963e9,15
555036ce7cea80f954158d1a,9
53e17f6020f7dfbc07e8ac83,26
53a732d320f7420be8db8026,19
53a72e0620f7420be8c7c642,9
555037967cea80f954190ab6,13
555036f27cea80f95416865c,14
53a72ec720f7420be8c9a9e5,25
53a731f220f7420be8d6d309,24
53e1839c20f7dfbc07e8c823,9
55f963edc35f4fb0d21cf106,3
555037807cea80f95418a7f9,5
5390893d20f70186a0d92249,20
53e1853020f7dfbc07e8d2f2,30
53a72e1520f7420be8c7e9a4,29
53a72b1420f7420be8c18a88,11
555036e77cea80f9541662b8,18
5390ac8520f70186a0eb758b,8
53a72b1320f7420be8c18a80,5
5390a60e20f70186a0e80ee7,19
555036e27cea80f954163f23,16
5482618b582fc50b5e23e637,16
53a72ebd20f7420be8c99246,18
53a72ac820f7420be8c0d8eb,21
53a72a2120f7420be8bf4667,5
54825215582fc50b5e0560c8,10
53a72c3f20f7420be8c3da31,12
53a7279820f7420be8b94407,20
555036f87cea80f95416b5f5,29
53a72ebe20f7420be8c9924d,19
53a723b120f74fc8a8f32fea,12
555037717cea80f9541880ae,20
539ff165831432abcb41034e,8
555037117cea80f95417132b,15
555037ae7cea80f9541962e6,10
53a72dab20f7420be8c6da7e,30
53a72f4620f7420be8c9d9a3,23
555037657cea80f954184ecd,1
53a732d920f7420be8db97a8,29
53a72a9620f7420be8c06e32,16
53a72a1420f7420be8bf22eb,13
555037707cea80f954188091,10
5390aa4a20f70186a0ea9d63,29
555037bc7cea80f954197db1,11
53a732d520f7420be8db8be0,27
53a731c920f7420be8d61722,18
539ff269831432abcb445177,27
555036b97cea80f95414cf86,23
5390977720f70186a0dfea53,2
53e185aa20f7dfbc07e8d639,28
5390aa3e20f70186a0ea9cd9,11
54825a1f582fc50b5e13cfa8,7
539545708314d630bc7dce86,9
555036ce7cea80f954158d19,7
53a72c2620f7420be8c3b683,5
5736ae03d39c4f40a7973749,17
539089b420f70186a0d976ac,25
53a72ca020f7420be8c4a328,7
53a7281a20f7420be8ba8f1f,8
53a72c7320f7420be8c45bef,15
555037617cea80f954184224,24
555036e37cea80f954163f33,12
53e182a120f7dfbc07e8c18d,30
53a7312920f7420be8d283e2,25
53e18c4b20f7dfbc07e900bf,24
555037647cea80f954184ec9,24
555036dc7cea80f954160fcf,17
53a7293c20f7420be8bcd420,11
53a7309520f7420be8cfc3e7,23
555037a47cea80f9541948ed,16
5736b298d39c4f40a799f31f,11
555036f67cea80f95416a9fc,29
53a7266520f7420be8b75298,16
53a727fd20f7420be8ba4822,21
5390a47920f70186a0e7392f,6
53a725ac20f7420be8b556b9,19
5550374c7cea80f95417ec70,16
555036dc7cea80f954160fa4,13
555036cf7cea80f954158d41,9
555037877cea80f95418d7e8,21
555036be7cea80f95414f330,20
555036db7cea80f9541603d7,8
53a7282920f7420be8bab294,16
53907df320f770854f610657,19
53a723de20f74fc8a8f33127,19
53a7263e20f7420be8b6dcb1,6
555037037cea80f95416df51,5
55f8d165c35f4f6dfd415d08,5
53a731ee20f7420be8d6c749,11
53a7254d20f7420be8b4b173,27
53a7282320f7420be8baa6be,20
555036b67cea80f95414b7c0,13
539ff2a7831432abcb4514da,20
53a727c520f7420be8b9ba3f,9
53a7269820f7420be8b7bd06,8
555036fa7cea80f95416ce52,25
53a72b1a20f7420be8c19664,28
53a725d020f7420be8b5a979,7
5390b03920f70186a0ed659b,13
5736af38d39c4f40a79843b5,14
548252bd582fc50b5e05ffa3,10
53a72be020f7420be8c3342d,17
53e18bdc20f7dfbc07e8fe15,15
53a729c520f7420be8be2b17,9
53a72ecd20f7420be8c9b5b2,19
53e187be20f7dfbc07e8e3cb,28
53a7288820f7420be8bb0731,5
555036d07cea80f95415990a,15
555036b87cea80f95414c3ad,30
539ffefa831432abcb6b23a3,2
54825a79582fc50b5e1493d8,9
555037097cea80f95416f911,5
54825ad4582fc50b5e155800,3
53e17f7520f7dfbc07e8ad07,1
555036c97cea80f954155dd7,10
53a7308a20f7420be8cf94f9,8
555036b97cea80f95414cf90,25
555037be7cea80f954197e64,15
572de199d39c4f49934b3d5c,30
5550379f7cea80f954193046,29
53a7279620f7420be8b93844,17
555036f67cea80f95416aa04,3
53a727f620f7420be8ba308c,1
53a7266120f7420be8b746d9,17
555037617cea80f95418422e,6
5550376f7cea80f95418748e,14
53a7318920f7420be8d4b719,23
555036ba7cea80f95414db52,5
53a7293020f7420be8bca4fd,23
53a7304720f7420be8ce5832,30
539099ca20f70186a0e1bc8e,28
53a72b6c20f7420be8c25381,20
53a7239920f74fc8a8f32f3f,27
53a72f4620f7420be8c9d9a5,7
555037797cea80f954189a92,28
54824a01582fc50b5dfdc69c,28
53a7266520f7420be8b75296,23
55f96862c35f4fb0d21cf2ab,5
555037487cea80f95417dfec,11
5550378a7cea80f95418d8c1,19
5550379e7cea80f954192fe9,16
53a7252b20f7420be8b47659,5
555037c77cea80f954198cb0,13
53a7266620f7420be8b7529e,13
555036d87cea80f95415ec23,25
53a730ac20f7420be8d021cf,20
555036c27cea80f95415228a,20
539548268314d630bc800048,17
53a7301020f7420be8cd55f9,21
53a72c1920f7420be8c3931f,19
53a72f5420f7420be8c9f14b,23
5550371d7cea80f954174656,26
555036df7cea80f954162765,8
5390b07b20f70186a0ed8ee7,16
53a7299120f7420be8bdb4b9,4
53a72c0f20f7420be8c3872b,4
53e17f7520f7dfbc07e8ad07,10
555037187cea80f954172d7a,4
53a726d420f7420be8b84adf,5
555037717cea80f9541880cd,19
5390b88c20f70186a0f2a801,30
53a72e2f20f7420be8c847b7,11
53a72cd220f7420be8c501e1,25
555036cc7cea80f95415813a,23
53a730e320f7420be8d123dc,27
55f9ebe0c35f4fb0d21d142e,22
5390b10b20f70186a0edbb05,9
555036c37cea80f954152e73,3
55f9572dc35f4fb0d21cdc03,10
555037697cea80f954186741,20
5736b2a4d39c4f40a799f918,19
53a7322a20f7420be8d80fe5,13
53a72bc620f7420be8c31073,7
53a7305d20f7420be8cecd78,20
5736b167d39c4f40a799bb0a,12
555036f17cea80f954167a91,16
555036d07cea80f9541598ff,25
555037497cea80f95417e002,9
555036db7cea80f9541603dc,3
53a72b8420f7420be8c27732,2
555037017cea80f95416d2e4,7
5550372b7cea80f954177a20,5
55f8d51fc35f4f6dfd415de4,12
555036f97cea80f95416c1d4,28
555036b77cea80f95414b7de,23
555036d37cea80f95415b0ba,12
53909e8020f70186a0e2ca12,26
53907eea20f770854f615002,20
555036c77cea80f954155205,13
555036d07cea80f95415990b,21
53a72f3a20f7420be8c9cd9e,23
5390b88c20f70186a0f2a801,21
555036d07cea80f954159902,21
53a7262420f7420be8b695bf,16
53a723ad20f74fc8a8f32fca,27
555036c97cea80f954156994,20
54824eb0582fc50b5e01d1aa,12
5550376d7cea80f9541873e8,18
53a72a2d20f7420be8bf5e26,12
53a732d220f7420be8db801e,10
53a723df20f74fc8a8f3312e,6
53a72a4520f7420be8bf8d9b,11
555036c07cea80f954151699,4
555037c97cea80f9541998c7,13
555036c27cea80f954152281,13
53a727cb20f7420be8b9c619,8
53908b3420f70186a0dba6b0,1
555036f27cea80f954168660,27
5736b06ad39c4f40a7991f14,9
53909e8120f70186a0e2ca1b,8
555036df7cea80f954162763,7
53a7304c20f7420be8ce7b5c,14
53a72f5e20f7420be8ca14a7,26
555037337cea80f95417a04a,17
53a7269720f7420be8b7bcff,29
555036b67cea80f95414b7bf,30
5550377a7cea80f954189adc,18
555037567cea80f954182956,1
555037797cea80f954189a6a,17
555037617cea80f954184227,28
53a723ae20f74fc8a8f32fd1,17
53a72f5420f7420be8c9f14d,15
53e17f8120f7dfbc07e8ad4c,16
53a726cb20f7420be8b84a8f,14
555037317cea80f95417942f,3
53a72f6a20f7420be8ca66c8,18
555036d17cea80f954159916,3
5550378c7cea80f95418e530,25
53a72f3b20f7420be8c9cda5,17
53a731ff20f7420be8d70dc2,9
53a725b320f7420be8b5627b,4
53a7238320f74fc8a8f32e83,12
53a723af20f74fc8a8f32fdf,21
53a727d220f7420be8b9ddaf,26
555037ae7cea80f9541962dd,6
53a731e020f7420be8d680d5,15
5875969c9ed5dba22293c4b2,14
53a72f3320f7420be8c9cd61,30
5550372f7cea80f954179320,20
53a72bdc20f7420be8c33410,12
53e1818620f7dfbc07e8ba1e,1
555037ab7cea80f954195647,6
53a726d320f7420be8b84ad1,18
555036b87cea80f95414c3b0,21
555036d97cea80f95415f7e9,12
53a72cac20f7420be8c4c673,22
53a72d4d20f7420be8c605f9,16
55f95ab2c35f4fb0d21ce8ee,11
53a72a2520f7420be8bf4687,13
53a723b420f74fc8a8f33000,10
53a724a920f7420be8b37357,23
555036f07cea80f954167a7d,29
53a7278220f7420be8b92051,17
555036c27cea80f954152e4c,2
5390981420f70186a0e0427a,16
53a725e820f7420be8b5d8f2,25
53a7239120f74fc8a8f32efb,6
53a7239920f74fc8a8f32f38,20
555037807cea80f95418a7fd,28
53909e8120f70186a0e2ca1a,15
53a728be20f7420be8bb71df,9
555037177cea80f954172c9f,12
555037527cea80f954180566,2
5736ae3cd39c4f40a797615c,7
53a7307d20f7420be8cf4e90,8
555036ca7cea80f9541569a1,25
555036d97cea80f95415f808,7
555037647cea80f954184eb3,15
53a7291320f7420be8bc2f3c,28
548261ae582fc50b5e240dd1,18
53a724d120f7420be8b3ba03,14
555036f87cea80f95416b603,11
555036e37cea80f954164af9,23
53909e7b20f70186a0e2a2ed,1
53a7301120f7420be8cd5602,13
55f9843ec35f4fb0d21cf8ee,27
53a72f5620f7420be8c9f15d,3
555036f77cea80f95416b5e7,30
555036d27cea80f95415a4e2,11
5550376b7cea80f95418734d,3
555037c57cea80f95419809e,16
53a7315420f7420be8d391bd,14
539feeb8831432abcb3912d4,25
53a72fc620f7420be8cc3071,8
53a731c520f7420be8d5ffab,23
555037187cea80f954172d35,17
53a7296120f7420be8bd2706,22
55463c680cf2939c2fee6afd,16
5550370d7cea80f9541705e9,19
53a72ade20f7420be8c0fcab,16
555037d67cea80f95419caa5,3
53a727d420f7420be8b9ddbe,10
53a7312a20f7420be8d28f9b,21
53a72d9320f7420be8c6ab3a,10
555036cf7cea80f954158d3c,28
555036b87cea80f95414c39f,20
593a046d9ed5db23ccac07af,28
539078ef20f770854f5a844b,5
55f8deb7c35f4f6dfd415ff0,9
553a796e0cf288c3e227433d,14
53907b7720f770854f5eabd8,17
555036b67cea80f95414b7c3,4
53a731f820f7420be8d6f640,18
55f8c5a2c35f4f6dfd415975,22
55f8c90ec35f4f6dfd415aaa,18
53a72e4b20f7420be8c87727,20
55f8c206c35f4f6dfd4157c2,21
5390985c20f70186a0e06e24,4
55f8d230c35f4f6dfd415d36,7
53a7296920f7420be8bd3e9c,3
555036f77cea80f95416b5e6,6
55f8da91c35f4f6dfd415f2a,26
55f96b06c35f4fb0d21cf37b,7
5736aae6d39c4f40a7947fff,13
5736aaf7d39c4f40a7948465,18
58d87baa9ed5db79c99c0e55,16
592539eb9ed5db8c189e024a,28
58a156689ed5dbf2362ff030,20
