paper_id,area_id
53e9979bb7602d9701f63a92,1
53e9978ab7602d9701f4a046,1
53e9978ab7602d9701f4bc25,1
53e99796b7602d9701f5cf1c,1
53e997a6b7602d9701f7b563,1
53e9978ab7602d9701f47dc7,1
53e9979bb7602d9701f66830,1
53e9979fb7602d9701f6f43c,1
53e9979eb7602d9701f6bbbc,1
53e99792b7602d9701f57e60,1
53e9978ab7602d9701f45829,1
53e9978ab7602d9701f47ec7,1
53e99792b7602d9701f58247,1
53e9979bb7602d9701f63173,1
53e9978ab7602d9701f4594e,1
53e9978ab7602d9701f460c5,1
53e997a2b7602d9701f766fb,1
53e9978ab7602d9701f47d48,1
53e9979fb7602d9701f7042d,1
53e997a2b7602d9701f767ae,1
53e9978eb7602d9701f52d22,1
53e99785b7602d9701f43eb0,1
53e997a6b7602d9701f7b54b,1
53e9978ab7602d9701f4cb81,1
53e9978eb7602d9701f52dc8,1
53e99796b7602d9701f5e8e0,1
53e9979bb7602d9701f63189,1
53e9979bb7602d9701f63a77,1
53e9979fb7602d9701f6f77a,1
53e997a6b7602d9701f7b54e,1
53e99796b7602d9701f5ba04,1
53e99796b7602d9701f61b2b,1
53e9979bb7602d9701f6685f,1
53e99796b7602d9701f5cf26,1
53e9979bb7602d9701f643a0,1
53e9979bb7602d9701f66d53,1
53e9979eb7602d9701f6bf0e,1
53e9978ab7602d9701f4585c,1
53e9978ab7602d9701f47d8e,1
53e9978ab7602d9701f4cb73,1
53e9978db7602d9701f5066b,1
53e9978db7602d9701f51e48,1
53e9979bb7602d9701f63858,1
53e9979bb7602d9701f67486,1
53e9979bb7602d9701f698a4,1
53e99785b7602d9701f40567,1
53e9978ab7602d9701f47f50,1
53e9979bb7602d9701f66d5e,1
53e997a6b7602d9701f7ce1a,1
53e9978db7602d9701f5069e,1
53e9978eb7602d9701f52889,1
53e99796b7602d9701f5c5c7,1
53e99784b7602d9701f3e15d,1
53e99785b7602d9701f42c6d,1
53e9979bb7602d9701f66854,1
53e9979eb7602d9701f6c45d,1
53e9979eb7602d9701f6c45f,1
53e9979eb7602d9701f6e8cf,1
53e9979fb7602d9701f6f783,1
53e997a6b7602d9701f7a7ea,1
53e9978ab7602d9701f45768,1
53e99796b7602d9701f5c2c3,1
53e9979bb7602d9701f65fef,1
53e9979eb7602d9701f6a45f,1
53e997a2b7602d9701f783ad,1
53e99785b7602d9701f43f41,1
53e9978db7602d9701f4cbe5,1
53e9978eb7602d9701f5288b,1
53e9978eb7602d9701f52942,1
53e99796b7602d9701f5f869,1
53e99796b7602d9701f62b10,1
53e9979bb7602d9701f63a89,1
53e9979bb7602d9701f650d4,1
53e997a2b7602d9701f720fb,1
53e997a6b7602d9701f79706,1
53e9978ab7602d9701f4585a,1
53e9978db7602d9701f4cc0a,1
53e99792b7602d9701f56944,1
53e99796b7602d9701f5c106,1
53e9979eb7602d9701f6e8d6,1
53e9979fb7602d9701f6f780,1
53e997a2b7602d9701f75a23,1
53e997a6b7602d9701f79719,1
53e9978ab7602d9701f45997,1
53e9978db7602d9701f4cc15,1
53e9978eb7602d9701f52da9,1
53e9978eb7602d9701f52db8,1
53e99792b7602d9701f56929,1
53e99796b7602d9701f618c4,1
53e9979eb7602d9701f6b191,1
53e997a2b7602d9701f73f05,1
53e997a6b7602d9701f796ee,1
53e997a6b7602d9701f7b131,1
53e9978db7602d9701f4cc55,1
53e99796b7602d9701f5c256,1
53e9979bb7602d9701f68757,1
53e9979bb7602d9701f69f20,1
53e997a2b7602d9701f72fb4,1
53e997a2b7602d9701f7367b,1
53e997a2b7602d9701f77b77,1
53e997a6b7602d9701f78b06,1
53e99792b7602d9701f54586,1
53e99792b7602d9701f58212,1
53e99796b7602d9701f62064,1
53e9979bb7602d9701f65d2e,1
53e9979bb7602d9701f69307,1
53e997a2b7602d9701f72112,1
53e997a2b7602d9701f7320d,1
53e997a6b7602d9701f7c690,1
53e99792b7602d9701f545c9,1
53e99796b7602d9701f5f215,1
53e99796b7602d9701f602b0,1
53e9979bb7602d9701f67b6c,1
53e9979eb7602d9701f6d0b3,1
53e9978db7602d9701f51e80,1
53e99792b7602d9701f545eb,1
53e9979bb7602d9701f643fe,1
53e9979eb7602d9701f6ad8a,1
53e99796b7602d9701f5bf7d,1
53e9979bb7602d9701f697e0,1
53e997a2b7602d9701f7327d,1
53e997a2b7602d9701f7417d,1
53e99784b7602d9701f3f62d,14
53e9978ab7602d9701f4a0a0,14
53e9978db7602d9701f5071b,14
53e9979bb7602d9701f67b87,14
53e99792b7602d9701f54470,14
53e997a2b7602d9701f72331,14
53e99792b7602d9701f54612,14
53e99792b7602d9701f5a9d3,14
53e997a2b7602d9701f73992,14
53e9979bb7602d9701f63a72,14
53e9979eb7602d9701f6a92f,14
53e9978ab7602d9701f47f50,14
53e9978db7602d9701f4cba9,14
53e9979fb7602d9701f6f781,14
53e997a6b7602d9701f7b564,14
53e99784b7602d9701f3e15d,14
53e9978db7602d9701f51e58,14
53e99796b7602d9701f5e8fe,14
53e99792b7602d9701f5b19a,14
53e99796b7602d9701f5d38d,14
53e997a2b7602d9701f77b77,14
53e99796b7602d9701f62ad1,14
53e997a2b7602d9701f770eb,14
53e9979bb7602d9701f674bc,14
53e997a6b7602d9701f7bc92,14
53e99796b7602d9701f6282f,14
53e9979bb7602d9701f64054,14
53e99792b7602d9701f5b223,14
53e99784b7602d9701f3f60f,6
53e99784b7602d9701f3f62d,6
53e997a6b7602d9701f7b563,6
53e9979eb7602d9701f6e8df,6
53e99785b7602d9701f43ee4,6
53e997a6b7602d9701f7c677,6
53e99785b7602d9701f43ece,6
53e9978ab7602d9701f45829,6
53e997a6b7602d9701f791b8,6
53e997a2b7602d9701f73ecb,6
53e9978db7602d9701f5066e,6
53e9979bb7602d9701f65fe8,6
53e9978ab7602d9701f458fb,6
53e9979bb7602d9701f67bbf,6
53e997a2b7602d9701f73f14,6
53e997a6b7602d9701f79ac0,6
53e99796b7602d9701f5e8e0,6
53e99796b7602d9701f60962,6
53e9979bb7602d9701f635b8,6
53e997a2b7602d9701f74c43,6
53e997a6b7602d9701f796c4,6
53e997a6b7602d9701f7a9b6,6
53e99792b7602d9701f5b3f3,6
53e9979eb7602d9701f6acec,6
53e9979fb7602d9701f70a7a,6
53e99792b7602d9701f5b140,6
53e9979eb7602d9701f6bf0e,6
53e99784b7602d9701f3f411,6
53e99785b7602d9701f442ee,6
53e9978ab7602d9701f4afe7,6
53e997a6b7602d9701f7b557,6
53e9978ab7602d9701f4cb3b,6
53e9979eb7602d9701f6b1f8,6
53e997a2b7602d9701f77c51,6
53e997a6b7602d9701f7ce1a,6
53e9978eb7602d9701f52889,6
53e99792b7602d9701f58145,6
53e997a2b7602d9701f74e6d,6
53e9978ab7602d9701f4a015,6
53e99796b7602d9701f5c17b,6
53e9979bb7602d9701f66d5a,6
53e9979eb7602d9701f6a45e,6
53e9979fb7602d9701f70e18,6
53e997a6b7602d9701f7b125,6
53e9978eb7602d9701f52d80,6
53e99792b7602d9701f56d5b,6
53e99792b7602d9701f5af35,6
53e99792b7602d9701f5b2b3,6
53e99796b7602d9701f5f221,6
53e9979bb7602d9701f66855,6
53e9979bb7602d9701f66856,6
53e997a2b7602d9701f75a4e,6
53e997a2b7602d9701f776b1,6
53e997a2b7602d9701f77b59,6
53e997a6b7602d9701f7c816,6
53e99792b7602d9701f544f2,6
53e99796b7602d9701f5d696,6
53e997a6b7602d9701f78afc,6
53e997a6b7602d9701f79725,6
53e99785b7602d9701f40583,6
53e9978db7602d9701f4cc0a,6
53e99792b7602d9701f54511,6
53e99792b7602d9701f57e6c,6
53e99796b7602d9701f5cc13,6
53e9979bb7602d9701f6685d,6
53e9979eb7602d9701f6c924,6
53e9979eb7602d9701f6e8d6,6
53e9979fb7602d9701f6fd1d,6
53e997a6b7602d9701f796bd,6
53e997a6b7602d9701f7c683,6
53e9978ab7602d9701f4587f,6
53e9979bb7602d9701f63a87,6
53e9979bb7602d9701f697cf,6
53e997a2b7602d9701f7366a,6
53e997a6b7602d9701f796d3,6
53e9978ab7602d9701f4848a,6
53e9978db7602d9701f4cc5e,6
53e99796b7602d9701f5c256,6
53e99796b7602d9701f5ed18,6
53e997a2b7602d9701f73eca,6
53e997a6b7602d9701f78b07,6
53e9978db7602d9701f4f494,6
53e9979bb7602d9701f654b3,6
53e9979eb7602d9701f6a46e,6
53e9979eb7602d9701f6db67,6
53e997a2b7602d9701f72113,6
53e997a6b7602d9701f7973f,6
53e99785b7602d9701f405c5,6
53e99785b7602d9701f43f6b,6
53e9978ab7602d9701f457ee,6
53e99796b7602d9701f5e0cf,6
53e99796b7602d9701f61fa3,6
53e99796b7602d9701f6187c,6
53e9979eb7602d9701f6bf24,6
53e997a2b7602d9701f77b7e,6
53e997a6b7602d9701f7af85,6
53e99784b7602d9701f3eaf6,6
53e99785b7602d9701f427e2,6
53e99785b7602d9701f4283c,6
53e99792b7602d9701f545e6,6
53e99796b7602d9701f5c1bf,6
53e9979eb7602d9701f6e8ed,6
53e997a2b7602d9701f73682,6
53e99796b7602d9701f5bf7d,6
53e9979fb7602d9701f70e28,6
53e9979eb7602d9701f6bbbc,18
53e9979bb7602d9701f64c11,18
53e99784b7602d9701f3f6bd,18
53e99796b7602d9701f5d380,18
53e99796b7602d9701f5e8be,18
53e99792b7602d9701f5b29b,18
53e99792b7602d9701f5b420,18
53e99796b7602d9701f6138b,18
53e99796b7602d9701f5e0cd,18
53e99796b7602d9701f5f813,18
53e99796b7602d9701f5ba7b,18
53e997a6b7602d9701f79ac1,18
53e99792b7602d9701f5b074,18
53e997a2b7602d9701f77b82,18
53e99784b7602d9701f3f60f,3
53e99784b7602d9701f3f62d,3
53e99792b7602d9701f58128,3
53e9979bb7602d9701f67b87,3
53e99785b7602d9701f43ee4,3
53e9979eb7602d9701f6ee8d,3
53e99785b7602d9701f43ece,3
53e997a2b7602d9701f770c1,3
53e9979bb7602d9701f67b35,3
53e9979eb7602d9701f6c8ec,3
53e9979fb7602d9701f7082e,3
53e9978eb7602d9701f52d22,3
53e9979bb7602d9701f67b4f,3
53e997a2b7602d9701f74185,3
53e9978ab7602d9701f4594c,3
53e9978db7602d9701f5066b,3
53e99792b7602d9701f5b41b,3
53e9979fb7602d9701f7082d,3
53e99792b7602d9701f58143,3
53e9978ab7602d9701f4a015,3
53e99796b7602d9701f5c828,3
53e99796b7602d9701f5c598,3
53e9979bb7602d9701f65fed,3
53e9979eb7602d9701f6c45f,3
53e9979fb7602d9701f700d3,3
53e997a6b7602d9701f79744,3
53e9978ab7602d9701f45768,3
53e9979bb7602d9701f682ca,3
53e9979eb7602d9701f6a44d,3
53e997a2b7602d9701f73ef8,3
53e9978db7602d9701f4f46d,3
53e9979eb7602d9701f6b203,3
53e9979eb7602d9701f6e8db,3
53e997a2b7602d9701f73efd,3
53e997a6b7602d9701f796bd,3
53e997a6b7602d9701f7b118,3
53e9979bb7602d9701f65d09,3
53e99784b7602d9701f3f613,3
53e9979bb7602d9701f65d2a,3
53e9979bb7602d9701f69c66,3
53e9979fb7602d9701f704fa,3
53e997a2b7602d9701f7320c,3
53e997a2b7602d9701f75a59,3
53e99796b7602d9701f60964,3
53e9979bb7602d9701f67b9b,3
53e9979eb7602d9701f6d087,3
53e9979bb7602d9701f6686c,3
53e9979eb7602d9701f6db54,3
53e997a6b7602d9701f7bc8c,3
53e99785b7602d9701f43f85,3
53e9979eb7602d9701f6d620,3
53e997a6b7602d9701f79748,3
53e997a6b7602d9701f7bc94,3
53e9979bb7602d9701f6720d,3
53e99796b7602d9701f5d979,3
53e9979bb7602d9701f63a92,5
53e99784b7602d9701f3f60f,5
53e99784b7602d9701f3f62d,5
53e9978db7602d9701f5062e,5
53e9978ab7602d9701f4a046,5
53e99785b7602d9701f43fa2,5
53e9978db7602d9701f5071b,5
53e99785b7602d9701f428d5,5
53e9979bb7602d9701f674a2,5
53e9979eb7602d9701f6e8df,5
53e9979eb7602d9701f6bbbc,5
53e9978ab7602d9701f4bc20,5
53e9979eb7602d9701f6ee8d,5
53e9978ab7602d9701f45804,5
53e99785b7602d9701f43ece,5
53e9978ab7602d9701f47ec7,5
53e997a2b7602d9701f770c1,5
53e9978ab7602d9701f460c5,5
53e9979bb7602d9701f66837,5
53e99784b7602d9701f3e151,5
53e9978ab7602d9701f47d48,5
53e9978ab7602d9701f4a1cc,5
53e9978ab7602d9701f460e1,5
53e9978ab7602d9701f458fb,5
53e9979bb7602d9701f6991a,5
53e99785b7602d9701f427ae,5
53e99792b7602d9701f5b140,5
53e99792b7602d9701f5b41b,5
53e99785b7602d9701f40567,5
53e9978ab7602d9701f47f50,5
53e99796b7602d9701f5c6f0,5
53e9979bb7602d9701f6549f,5
53e9979bb7602d9701f67b75,5
53e9978ab7602d9701f4bcbf,5
53e9978db7602d9701f4f458,5
53e99796b7602d9701f5c5c7,5
53e9979eb7602d9701f6ee99,5
53e997a6b7602d9701f7966a,5
53e9978eb7602d9701f52d7c,5
53e99796b7602d9701f5cc0f,5
53e997a2b7602d9701f74c66,5
53e997a2b7602d9701f770dd,5
53e99785b7602d9701f43f41,5
53e9978ab7602d9701f47e6d,5
53e99796b7602d9701f5f869,5
53e9979bb7602d9701f674c7,5
53e9979bb7602d9701f69c6b,5
53e997a6b7602d9701f78b10,5
53e997a6b7602d9701f79706,5
53e9978ab7602d9701f4585a,5
53e99792b7602d9701f56944,5
53e99796b7602d9701f5c852,5
53e9979eb7602d9701f6d0a7,5
53e997a6b7602d9701f79adc,5
53e99785b7602d9701f427f8,5
53e99792b7602d9701f56929,5
53e997a2b7602d9701f73669,5
53e9979eb7602d9701f6a93e,5
53e9979eb7602d9701f6b0f8,5
53e997a2b7602d9701f73676,5
53e997a2b7602d9701f767c3,5
53e997a6b7602d9701f7a99f,5
53e9978ab7602d9701f4b01d,5
53e9978db7602d9701f4cc7d,5
53e9978eb7602d9701f52dc3,5
53e99792b7602d9701f54578,5
53e99796b7602d9701f62062,5
53e997a2b7602d9701f767d4,5
53e997a6b7602d9701f7973e,5
53e997a6b7602d9701f7d47a,5
53e99796b7602d9701f5f215,5
53e99796b7602d9701f61fa3,5
53e9978db7602d9701f4f4a0,5
53e99796b7602d9701f5c85d,5
53e9979eb7602d9701f6e8ed,5
53e997a2b7602d9701f770ec,5
53e997a6b7602d9701f79ac1,5
53e9979bb7602d9701f697e0,5
53e997a2b7602d9701f7327d,5
53e997a6b7602d9701f7bc90,5
53e997a2b7602d9701f73852,5
53e99784b7602d9701f3f60f,16
53e997a6b7602d9701f7c662,16
53e99785b7602d9701f43ee4,16
53e9979eb7602d9701f6e8c5,16
53e9979eb7602d9701f6b207,16
53e997a2b7602d9701f767d2,16
53e9978ab7602d9701f458fb,16
53e9979fb7602d9701f6f77a,16
53e997a2b7602d9701f72331,16
53e997a2b7602d9701f74d34,16
53e9978ab7602d9701f4b0d1,16
53e9978db7602d9701f50690,16
53e99792b7602d9701f569b3,16
53e997a2b7602d9701f75a2e,16
53e997a2b7602d9701f74c4d,16
53e99785b7602d9701f42822,16
53e9978db7602d9701f51e55,16
53e9979bb7602d9701f650d3,16
53e997a2b7602d9701f75a4e,16
53e9978ab7602d9701f47e6d,16
53e997a6b7602d9701f78afc,16
53e99796b7602d9701f5d389,16
53e99796b7602d9701f5f984,16
53e997a6b7602d9701f79714,16
53e99785b7602d9701f427f8,16
53e9978ab7602d9701f47e15,16
53e9979bb7602d9701f66d85,16
53e997a2b7602d9701f770e5,16
53e9978eb7602d9701f52dbb,16
53e997a2b7602d9701f73676,16
53e9978db7602d9701f4cc7d,16
53e9979eb7602d9701f6db57,16
53e9979fb7602d9701f7155d,16
53e9978db7602d9701f50703,16
53e997a2b7602d9701f770ec,16
53e997a6b7602d9701f7b58b,16
53e997a6b7602d9701f7c69b,16
53e997a2b7602d9701f75614,16
53e9978db7602d9701f4ec32,16
53e9978db7602d9701f50657,19
53e99784b7602d9701f3f62d,19
53e9978eb7602d9701f52d45,19
53e9979fb7602d9701f6fc03,19
53e9978ab7602d9701f457b2,19
53e9979bb7602d9701f67471,19
53e997a2b7602d9701f75a39,19
53e9979fb7602d9701f705b8,19
53e9979bb7602d9701f692fb,19
53e9978db7602d9701f5071b,19
53e9979bb7602d9701f635a3,19
53e9979bb7602d9701f697d8,19
53e9978ab7602d9701f4afe2,19
53e9979eb7602d9701f6e8df,19
53e997a2b7602d9701f75a20,19
53e99785b7602d9701f43ee4,19
53e9979bb7602d9701f6684a,19
53e99792b7602d9701f5b42a,19
53e997a2b7602d9701f73628,19
53e99785b7602d9701f43ece,19
53e997a6b7602d9701f79661,19
53e99796b7602d9701f62b07,19
53e997a2b7602d9701f720d4,19
53e9978ab7602d9701f47d49,19
53e99796b7602d9701f62afe,19
53e997a2b7602d9701f782d0,19
53e99785b7602d9701f4277b,19
53e997a6b7602d9701f79ae7,19
53e997a2b7602d9701f73e8c,19
53e997a2b7602d9701f74c25,19
53e997a2b7602d9701f73e8e,19
53e997a2b7602d9701f771ac,19
53e997a2b7602d9701f759fc,19
53e9979fb7602d9701f70428,19
53e997a6b7602d9701f79687,19
53e997a6b7602d9701f7a7b5,19
53e99796b7602d9701f5e0bb,19
53e9979bb7602d9701f66fc3,19
53e9979bb7602d9701f6991a,19
53e9979eb7602d9701f6dae3,19
53e997a2b7602d9701f74c43,19
53e9979eb7602d9701f6b1e4,19
53e9979eb7602d9701f6b1f4,19
53e9978db7602d9701f4f44f,19
53e9979eb7602d9701f6bf0e,19
53e99792b7602d9701f58129,19
53e99796b7602d9701f5df36,19
53e9979eb7602d9701f6a176,19
53e9979eb7602d9701f6b1d9,19
53e997a2b7602d9701f73ea4,19
53e99792b7602d9701f58138,19
53e9979fb7602d9701f6fc1b,19
53e997a2b7602d9701f74b5e,19
53e997a6b7602d9701f7be4d,19
53e9979eb7602d9701f6ad6f,19
53e997a2b7602d9701f729ce,19
53e997a2b7602d9701f75a2e,19
53e997a6b7602d9701f791db,19
53e9978ab7602d9701f4581c,19
53e9979fb7602d9701f70e18,19
53e997a2b7602d9701f782da,19
53e9978ab7602d9701f4affc,19
53e9978db7602d9701f4e87f,19
53e99792b7602d9701f56d5b,19
53e9979eb7602d9701f6a4c6,19
53e9979eb7602d9701f6a936,19
53e9979eb7602d9701f6c460,19
53e997a2b7602d9701f73ef1,19
53e997a2b7602d9701f770dd,19
53e99784b7602d9701f3f671,19
53e99785b7602d9701f40848,19
53e99792b7602d9701f5ae53,19
53e99796b7602d9701f5cf2c,19
53e9979bb7602d9701f69303,19
53e997a2b7602d9701f7562e,19
53e997a6b7602d9701f78afc,19
53e99785b7602d9701f418c1,19
53e997a2b7602d9701f73664,19
53e997a6b7602d9701f796bd,19
53e9978ab7602d9701f4587b,19
53e9978ab7602d9701f458b7,19
53e9979bb7602d9701f63a87,19
53e9978ab7602d9701f47e1f,19
53e997a2b7602d9701f767c3,19
53e997a2b7602d9701f767d0,19
53e997a6b7602d9701f7972a,19
53e9978eb7602d9701f52dc3,19
53e99796b7602d9701f6098a,19
53e9979bb7602d9701f643f9,19
53e9979fb7602d9701f710d0,19
53e997a2b7602d9701f72113,19
53e9978db7602d9701f506f3,19
53e9979bb7602d9701f63a97,19
53e9979bb7602d9701f67208,19
53e9979bb7602d9701f69308,19
53e9979eb7602d9701f6c46c,19
53e9979fb7602d9701f6fc0b,19
53e997a2b7602d9701f775b2,19
53e99796b7602d9701f5c1bf,19
53e997a2b7602d9701f75a0b,19
53e997a6b7602d9701f7975b,19
53e997a2b7602d9701f776c1,19
53e997a6b7602d9701f7bc8e,19
53e9979fb7602d9701f70217,28
53e9979fb7602d9701f7042b,28
53e997a6b7602d9701f79681,28
53e9979bb7602d9701f67b76,28
53e9979eb7602d9701f6ad6b,28
53e997a6b7602d9701f79abf,28
53e99792b7602d9701f5818c,28
53e9979eb7602d9701f6a180,28
53e99796b7602d9701f5e6f0,28
53e997a2b7602d9701f782e0,28
53e9979eb7602d9701f6b20d,28
53e997a2b7602d9701f75a74,28
53e99792b7602d9701f5b0c6,28
53e997a2b7602d9701f73684,28
53e997a6b7602d9701f79759,28
53e9978db7602d9701f4cccd,9
53e99784b7602d9701f3f60f,9
53e9978ab7602d9701f4b0ec,9
53e99784b7602d9701f3f62d,9
53e9978ab7602d9701f47e17,9
53e9978db7602d9701f4d1b6,9
53e9979eb7602d9701f6bbbc,9
53e99785b7602d9701f43ee4,9
53e9979eb7602d9701f6ee8d,9
53e99784b7602d9701f3f6d8,9
53e9978ab7602d9701f458fb,9
53e9978ab7602d9701f4a00b,9
53e9978db7602d9701f4ccd2,9
53e9979bb7602d9701f67219,9
53e9978ab7602d9701f4b0d1,9
53e9978ab7602d9701f45abf,9
53e9978ab7602d9701f460d7,9
53e99792b7602d9701f546fc,9
53e9979bb7602d9701f68c05,9
53e99796b7602d9701f5cf91,9
53e9979eb7602d9701f6a47d,9
53e997a2b7602d9701f74c4d,9
53e997a2b7602d9701f7562f,9
53e9978ab7602d9701f47e6d,9
53e99792b7602d9701f585b1,9
53e997a6b7602d9701f796bd,9
53e9979eb7602d9701f6e619,9
53e9978db7602d9701f517fd,9
53e997a6b7602d9701f79835,9
53e9978db7602d9701f4cb96,9
53e9978db7602d9701f4e82c,9
53e9978db7602d9701f4eb76,9
53e99792b7602d9701f580c9,9
53e997a2b7602d9701f75614,9
53e997a6b7602d9701f7b552,29
53e997a6b7602d9701f78b03,29
53e99792b7602d9701f54511,29
53e997a6b7602d9701f7a99c,29
53e99792b7602d9701f56929,29
53e997a2b7602d9701f776b8,29
53e99796b7602d9701f62347,29
53e9979bb7602d9701f64c18,29
53e997a6b7602d9701f7bc8e,29
53e9979bb7602d9701f63a92,20
53e9978db7602d9701f5062e,20
53e99785b7602d9701f43fa2,20
53e99792b7602d9701f58129,20
53e99792b7602d9701f5453c,20
53e99784b7602d9701f3f62d,15
53e9978ab7602d9701f4a029,15
53e99785b7602d9701f43ece,15
53e997a2b7602d9701f770c1,15
53e9979eb7602d9701f6befd,15
53e997a6b7602d9701f79682,15
53e99792b7602d9701f5b0dc,15
53e9979fb7602d9701f6f77a,15
53e9979fb7602d9701f7042b,15
53e997a6b7602d9701f79695,15
53e9978db7602d9701f50661,15
53e9979bb7602d9701f6682c,15
53e997a2b7602d9701f726d4,15
53e9979bb7602d9701f643a0,15
53e99784b7602d9701f3f411,15
53e9979eb7602d9701f6d61e,15
53e9979eb7602d9701f6ad71,15
53e997a2b7602d9701f7833b,15
53e99792b7602d9701f58167,15
53e99796b7602d9701f5c2c3,15
53e997a6b7602d9701f7c816,15
53e9978ab7602d9701f4b000,15
53e9979bb7602d9701f654aa,15
53e9979eb7602d9701f6db2d,15
53e997a2b7602d9701f720fb,15
53e9979eb7602d9701f6c920,15
53e997a6b7602d9701f796bd,15
53e997a6b7602d9701f7bd15,15
53e99785b7602d9701f40597,15
53e997a6b7602d9701f796d3,15
53e9978ab7602d9701f457ef,15
53e99796b7602d9701f5c256,15
53e9979bb7602d9701f69c66,15
53e997a2b7602d9701f726da,15
53e997a2b7602d9701f7210f,15
53e997a2b7602d9701f73670,15
53e9978db7602d9701f506e0,15
53e99796b7602d9701f5e0cd,15
53e9979bb7602d9701f643f2,15
53e997a2b7602d9701f767d6,15
53e99785b7602d9701f405c5,15
53e9978ab7602d9701f457ee,15
53e9978ab7602d9701f4b034,15
53e997a6b7602d9701f791f5,15
53e9978db7602d9701f51e80,15
53e997a2b7602d9701f73628,17
53e99785b7602d9701f43ece,17
53e99784b7602d9701f3f6d8,17
53e9978db7602d9701f4f425,17
53e9978db7602d9701f5064c,17
53e9979bb7602d9701f66014,17
53e997a2b7602d9701f74c25,17
53e99796b7602d9701f5c215,17
53e997a6b7602d9701f79682,17
53e997a6b7602d9701f79ac0,17
53e9979bb7602d9701f66fc3,17
53e9979eb7602d9701f6aceb,17
53e997a2b7602d9701f75a87,17
53e9979eb7602d9701f6bf0b,17
53e9979fb7602d9701f70e12,17
53e997a6b7602d9701f79695,17
53e997a6b7602d9701f7a7b7,17
53e997a6b7602d9701f7a9b6,17
53e99796b7602d9701f5c3c2,17
53e9979eb7602d9701f6e612,17
53e997a6b7602d9701f796dd,17
53e99784b7602d9701f3f411,17
53e9978ab7602d9701f47d85,17
53e9978db7602d9701f51e48,17
53e9979bb7602d9701f63a72,17
53e9979fb7602d9701f70150,17
53e997a2b7602d9701f7769f,17
53e99785b7602d9701f427c1,17
53e9979eb7602d9701f6c903,17
53e9978ab7602d9701f45822,17
53e99796b7602d9701f5e905,17
53e9979bb7602d9701f63198,17
53e997a2b7602d9701f7833b,17
53e997a6b7602d9701f792be,17
53e9979eb7602d9701f6ad73,17
53e9979fb7602d9701f700d3,17
53e9978db7602d9701f51e55,17
53e9978eb7602d9701f52d80,17
53e99792b7602d9701f568f6,17
53e99796b7602d9701f5f221,17
53e997a2b7602d9701f75a4e,17
53e9978db7602d9701f517a1,17
53e9979bb7602d9701f69303,17
53e9979eb7602d9701f6ad78,17
53e997a6b7602d9701f7c682,17
53e99785b7602d9701f40583,17
53e99785b7602d9701f40586,17
53e9978db7602d9701f4cbf9,17
53e9979bb7602d9701f65d23,17
53e9979eb7602d9701f6c91f,17
53e9979fb7602d9701f7043e,17
53e997a2b7602d9701f776b6,17
53e997a2b7602d9701f77b69,17
53e997a6b7602d9701f796bd,17
53e9979bb7602d9701f654ae,17
53e9979bb7602d9701f69027,17
53e9979bb7602d9701f697cd,17
53e99792b7602d9701f5456d,17
53e997a6b7602d9701f78b06,17
53e99792b7602d9701f58212,17
53e99796b7602d9701f5bfcb,17
53e9979bb7602d9701f663a7,17
53e9979bb7602d9701f663a8,17
53e997a2b7602d9701f77b71,17
53e997a6b7602d9701f7c690,17
53e99792b7602d9701f545cb,17
53e99792b7602d9701f58224,17
53e99796b7602d9701f602b0,17
53e99796b7602d9701f60524,17
53e9979bb7602d9701f66007,17
53e9979bb7602d9701f66008,17
53e9979bb7602d9701f663a0,17
53e9979fb7602d9701f70440,17
53e997a6b7602d9701f7af85,17
53e9979bb7602d9701f67bad,17
53e99796b7602d9701f5bf7d,17
53e9979bb7602d9701f663a5,17
53e997a2b7602d9701f77b80,17
53e99784b7602d9701f3f60f,24
53e99784b7602d9701f3f62d,24
53e9979eb7602d9701f6a217,24
53e9979eb7602d9701f6bbbc,24
53e99785b7602d9701f43ee4,24
53e9979bb7602d9701f654a3,24
53e9979bb7602d9701f682c9,24
53e99796b7602d9701f5c823,24
53e997a6b7602d9701f7bc40,24
53e9979bb7602d9701f697b9,24
53e9979fb7602d9701f6f77a,24
53e9979bb7602d9701f67496,24
53e9978ab7602d9701f4a015,24
53e9979bb7602d9701f63a89,24
53e99796b7602d9701f6096f,24
53e9979bb7602d9701f63a9c,24
53e997a2b7602d9701f767d6,24
53e997a6b7602d9701f79ac1,24
53e997a2b7602d9701f7417d,24
53e99796b7602d9701f618d2,26
53e9979bb7602d9701f64c11,26
53e99784b7602d9701f3e133,26
53e99784b7602d9701f3f60f,7
53e9978ab7602d9701f4b0ec,7
53e9978ab7602d9701f4b07c,7
53e99784b7602d9701f3f62d,7
53e9978db7602d9701f5062e,7
53e9979fb7602d9701f6fa61,7
53e9978ab7602d9701f47e4d,7
53e9978db7602d9701f517be,7
53e9978ab7602d9701f47e17,7
53e99792b7602d9701f58128,7
53e99796b7602d9701f5c840,7
53e9978db7602d9701f5071b,7
53e99796b7602d9701f61b2c,7
53e99796b7602d9701f61fea,7
53e9979eb7602d9701f6bbbc,7
53e99785b7602d9701f43ee4,7
53e9979eb7602d9701f6ee8d,7
53e99796b7602d9701f618c0,7
53e997a2b7602d9701f73628,7
53e99785b7602d9701f43ece,7
53e99796b7602d9701f5c822,7
53e997a2b7602d9701f73e70,7
53e997a6b7602d9701f7d209,7
53e9978ab7602d9701f4b03e,7
53e997a2b7602d9701f726c9,7
53e9979eb7602d9701f6a939,7
53e99796b7602d9701f611b7,7
53e99796b7602d9701f5c915,7
53e9979bb7602d9701f635bb,7
53e99792b7602d9701f5461a,7
53e99792b7602d9701f58ab8,7
53e99796b7602d9701f5cc03,7
53e997a2b7602d9701f73ed0,7
53e9978ab7602d9701f458fb,7
53e9978eb7602d9701f52d22,7
53e99796b7602d9701f61b2e,7
53e99796b7602d9701f61eac,7
53e99792b7602d9701f56990,7
53e99796b7602d9701f5c83b,7
53e99796b7602d9701f5d68e,7
53e9978ab7602d9701f4a00b,7
53e99796b7602d9701f5c831,7
53e99796b7602d9701f6166e,7
53e997a2b7602d9701f73e9f,7
53e997a2b7602d9701f74c43,7
53e997a2b7602d9701f75a68,7
53e99796b7602d9701f60deb,7
53e997a6b7602d9701f7b54c,7
53e9978ab7602d9701f457ad,7
53e9978db7602d9701f50659,7
53e99796b7602d9701f5e461,7
53e99796b7602d9701f61373,7
53e9979bb7602d9701f65ade,7
53e9979bb7602d9701f67219,7
53e9979eb7602d9701f6bf20,7
53e9979eb7602d9701f6db14,7
53e9978ab7602d9701f4b0d1,7
53e99796b7602d9701f5c863,7
53e99796b7602d9701f5df35,7
53e9979fb7602d9701f70432,7
53e997a6b7602d9701f79681,7
53e99796b7602d9701f5c845,7
53e99796b7602d9701f5f86d,7
53e99796b7602d9701f602a8,7
53e9979bb7602d9701f66412,7
53e9979bb7602d9701f6683d,7
53e9979bb7602d9701f6748e,7
53e9979bb7602d9701f67b75,7
53e997a2b7602d9701f75a25,7
53e99792b7602d9701f58143,7
53e9979eb7602d9701f6bf16,7
53e9979eb7602d9701f6d609,7
53e997a6b7602d9701f792be,7
53e99796b7602d9701f5cf91,7
53e9979bb7602d9701f631a9,7
53e9979bb7602d9701f67dee,7
53e9979eb7602d9701f6a47d,7
53e997a2b7602d9701f729d1,7
53e997a2b7602d9701f767b4,7
53e99784b7602d9701f3f669,7
53e9978ab7602d9701f4a0a6,7
53e99796b7602d9701f5d972,7
53e9979fb7602d9701f6f437,7
53e997a2b7602d9701f73204,7
53e997a2b7602d9701f73f25,7
53e997a2b7602d9701f7562f,7
53e997a2b7602d9701f786a3,7
53e99785b7602d9701f427da,7
53e99785b7602d9701f43f3d,7
53e9978ab7602d9701f47dde,7
53e9978ab7602d9701f47e6d,7
53e99792b7602d9701f54ba0,7
53e9979bb7602d9701f631a3,7
53e99796b7602d9701f627ad,7
53e9979bb7602d9701f645e6,7
53e9979fb7602d9701f70e56,7
53e997a2b7602d9701f726d3,7
53e997a6b7602d9701f7a7dd,7
53e9978db7602d9701f506cc,7
53e99792b7602d9701f585b1,7
53e99796b7602d9701f5c852,7
53e99796b7602d9701f5c861,7
53e9979bb7602d9701f650d8,7
53e9979bb7602d9701f6685e,7
53e9979eb7602d9701f6c920,7
53e997a6b7602d9701f796bd,7
53e997a6b7602d9701f7a7de,7
53e9978ab7602d9701f45878,7
53e9978eb7602d9701f52db8,7
53e99792b7602d9701f56891,7
53e9979bb7602d9701f63a8c,7
53e9979bb7602d9701f682d0,7
53e997a2b7602d9701f74178,7
53e997a2b7602d9701f776b8,7
53e9978ab7602d9701f47e1f,7
53e99796b7602d9701f5c24a,7
53e99796b7602d9701f5cc1c,7
53e99796b7602d9701f62b18,7
53e9979bb7602d9701f6639d,7
53e9979fb7602d9701f71552,7
53e997a2b7602d9701f73670,7
53e99796b7602d9701f5d385,7
53e99796b7602d9701f60523,7
53e99796b7602d9701f61953,7
53e99796b7602d9701f61fa2,7
53e997a2b7602d9701f72113,7
53e997a2b7602d9701f729dc,7
53e997a2b7602d9701f73f1c,7
53e99784b7602d9701f3f73e,7
53e99792b7602d9701f58236,7
53e99796b7602d9701f60978,7
53e9979bb7602d9701f62bfc,7
53e9979bb7602d9701f663a0,7
53e9979bb7602d9701f66872,7
53e9979eb7602d9701f6a93f,7
53e9979eb7602d9701f6c930,7
53e997a6b7602d9701f78b12,7
53e9979bb7602d9701f643fb,7
53e997a6b7602d9701f79761,7
53e99796b7602d9701f5bf7d,7
53e9979eb7602d9701f6b435,7
53e9979fb7602d9701f70e29,7
53e997a6b7602d9701f79835,7
53e9978db7602d9701f4eb76,7
53e99792b7602d9701f580c9,7
53e997a2b7602d9701f75614,7
53e99785b7602d9701f43fa2,12
53e9978ab7602d9701f460cc,12
53e9979bb7602d9701f692fb,12
53e9978db7602d9701f5071b,12
53e9979eb7602d9701f6e8df,12
53e99785b7602d9701f43ee4,12
53e99796b7602d9701f5bf9b,12
53e9979bb7602d9701f650ef,12
53e9979eb7602d9701f6dad4,12
53e99796b7602d9701f60de9,12
53e997a6b7602d9701f78adf,12
53e9978eb7602d9701f52d22,12
53e9979eb7602d9701f6d599,12
53e9979eb7602d9701f6b978,12
53e9979bb7602d9701f6991a,12
53e997a6b7602d9701f796c4,12
53e99792b7602d9701f5a9d3,12
53e99792b7602d9701f5b3f3,12
53e997a2b7602d9701f720de,12
53e99792b7602d9701f58547,12
53e9979eb7602d9701f6bf0e,12
53e99784b7602d9701f3f411,12
53e9978db7602d9701f4cb98,12
53e9979bb7602d9701f64c09,12
53e9979bb7602d9701f682cf,12
53e997a2b7602d9701f73eeb,12
53e99792b7602d9701f544bb,12
53e99792b7602d9701f58143,12
53e997a2b7602d9701f74e6d,12
53e99796b7602d9701f5c17b,12
53e9979bb7602d9701f643d1,12
53e997a2b7602d9701f73ea3,12
53e9979eb7602d9701f6a45f,12
53e997a2b7602d9701f75a4e,12
53e997a6b7602d9701f7c816,12
53e9979bb7602d9701f69c6b,12
53e9979fb7602d9701f710cb,12
53e9979eb7602d9701f6b203,12
53e9979eb7602d9701f6c924,12
53e99792b7602d9701f56929,12
53e997a2b7602d9701f73f05,12
53e9978ab7602d9701f4848a,12
53e9979eb7602d9701f6a93e,12
53e9979eb7602d9701f6b0f8,12
53e997a6b7602d9701f78b07,12
53e9979bb7602d9701f654b4,12
53e997a2b7602d9701f72113,12
53e99796b7602d9701f5c1ff,12
53e99796b7602d9701f5f215,12
53e9979bb7602d9701f650de,12
53e9978eb7602d9701f52d65,12
53e99792b7602d9701f5b42b,12
53e997a2b7602d9701f7823d,12
53e997a6b7602d9701f7b58a,12
53e99784b7602d9701f3f60f,2
53e99784b7602d9701f3f62d,2
53e9978db7602d9701f5062e,2
53e9978db7602d9701f517be,2
53e9978ab7602d9701f4bc25,2
53e99792b7602d9701f58102,2
53e9978db7602d9701f5071b,2
53e9979eb7602d9701f6c901,2
53e9979eb7602d9701f6ee8d,2
53e99784b7602d9701f3f60c,2
53e99785b7602d9701f43ece,2
53e9978ab7602d9701f4a036,2
53e99796b7602d9701f60962,2
53e9979bb7602d9701f66dc9,2
53e9979bb7602d9701f6991a,2
53e99792b7602d9701f5b140,2
53e9979eb7602d9701f6c903,2
53e99796b7602d9701f5e163,2
53e997a6b7602d9701f792be,2
53e9978ab7602d9701f4a015,2
53e99796b7602d9701f5c84c,2
53e9979fb7602d9701f70e18,2
53e99796b7602d9701f5f21f,2
53e99784b7602d9701f3f671,2
53e99785b7602d9701f414e4,2
53e9978db7602d9701f4cbf9,2
53e9978db7602d9701f4cc2d,2
53e99796b7602d9701f5c106,2
53e9979eb7602d9701f6ad83,2
53e9979eb7602d9701f6c924,2
53e99792b7602d9701f56929,2
53e99785b7602d9701f4150f,2
53e9978db7602d9701f4cc55,2
53e9978db7602d9701f506ec,2
53e9979bb7602d9701f644c9,2
53e9979eb7602d9701f6a93e,2
53e997a2b7602d9701f73670,2
53e9979eb7602d9701f6d0b2,2
53e9979bb7602d9701f62f11,2
53e9979eb7602d9701f6ad8a,2
53e9979eb7602d9701f6a17c,2
53e99796b7602d9701f5d979,2
53e9979eb7602d9701f6ad7b,21
53e9979eb7602d9701f6ad76,21
53e99784b7602d9701f3f60f,10
53e9978ab7602d9701f4b0ec,10
53e99784b7602d9701f3f62d,10
53e9979bb7602d9701f64c1a,10
53e99785b7602d9701f43fa2,10
53e9979bb7602d9701f67471,10
53e9979bb7602d9701f692fb,10
53e99792b7602d9701f5448e,10
53e9978db7602d9701f5071b,10
53e9979bb7602d9701f6548d,10
53e9978eb7602d9701f5287d,10
53e99785b7602d9701f43ee4,10
53e9979eb7602d9701f6ee8d,10
53e997a6b7602d9701f7c677,10
53e99792b7602d9701f57e60,10
53e99785b7602d9701f43ece,10
53e997a2b7602d9701f720d4,10
53e9978ab7602d9701f4b03e,10
53e9978ab7602d9701f4cb37,10
53e99796b7602d9701f6231c,10
53e997a2b7602d9701f73e75,10
53e997a2b7602d9701f782d0,10
53e9979fb7602d9701f71574,10
53e997a2b7602d9701f766fb,10
53e997a6b7602d9701f7a7ad,10
53e997a6b7602d9701f7a7c8,10
53e9978ab7602d9701f4cb87,10
53e9979bb7602d9701f682bf,10
53e997a2b7602d9701f720e3,10
53e997a6b7602d9701f7a7c0,10
53e997a6b7602d9701f7bc38,10
53e9978ab7602d9701f458fb,10
53e9978eb7602d9701f52d22,10
53e99792b7602d9701f568a8,10
53e9979bb7602d9701f65482,10
53e997a2b7602d9701f729c3,10
53e9979bb7602d9701f697b7,10
53e9979fb7602d9701f70428,10
53e997a6b7602d9701f79687,10
53e99785b7602d9701f436df,10
53e9978ab7602d9701f4cb81,10
53e9978eb7602d9701f52b0f,10
53e9979eb7602d9701f6c451,10
53e997a2b7602d9701f75a87,10
53e997a2b7602d9701f720be,10
53e997a2b7602d9701f74c43,10
53e997a6b7602d9701f7a7b7,10
53e997a6b7602d9701f7a9b6,10
53e997a6b7602d9701f7c670,10
53e99785b7602d9701f4279e,10
53e99792b7602d9701f5b3f3,10
53e9979eb7602d9701f6acec,10
53e9979eb7602d9701f6b1d5,10
53e997a2b7602d9701f720de,10
53e9978db7602d9701f50659,10
53e9979bb7602d9701f65d96,10
53e9979bb7602d9701f66d53,10
53e9979bb7602d9701f67219,10
53e99785b7602d9701f442ee,10
53e9978ab7602d9701f47d85,10
53e9978ab7602d9701f4b0d1,10
53e9978ab7602d9701f4cb73,10
53e9978db7602d9701f51e48,10
53e99792b7602d9701f54469,10
53e99792b7602d9701f5446a,10
53e99796b7602d9701f5df36,10
53e99796b7602d9701f602ad,10
53e9979bb7602d9701f643a8,10
53e9979bb7602d9701f66d50,10
53e9979bb7602d9701f67486,10
53e9979eb7602d9701f6ad79,10
53e9979eb7602d9701f6b1d9,10
53e997a2b7602d9701f7769f,10
53e997a6b7602d9701f79681,10
53e99792b7602d9701f5812b,10
53e99796b7602d9701f5d36c,10
53e9979bb7602d9701f682cf,10
53e9979eb7602d9701f6c903,10
53e99792b7602d9701f547c8,10
53e99796b7602d9701f5c5c7,10
53e99796b7602d9701f5e4a0,10
53e99796b7602d9701f5f21c,10
53e9979bb7602d9701f63198,10
53e9979bb7602d9701f65d16,10
53e9979bb7602d9701f65fec,10
53e9979fb7602d9701f71544,10
53e99784b7602d9701f3e15d,10
53e99792b7602d9701f544bd,10
53e9979bb7602d9701f682c8,10
53e9979eb7602d9701f6bf22,10
53e9979eb7602d9701f6e9f3,10
53e9979fb7602d9701f6f783,10
53e9979fb7602d9701f70e18,10
53e997a2b7602d9701f729d1,10
53e997a2b7602d9701f74c4d,10
53e99792b7602d9701f568f6,10
53e99792b7602d9701f5b2d3,10
53e99796b7602d9701f5c6f1,10
53e9979bb7602d9701f654a9,10
53e9979bb7602d9701f65ff0,10
53e9979bb7602d9701f682cb,10
53e997a2b7602d9701f720f0,10
53e997a2b7602d9701f75a3a,10
53e997a6b7602d9701f7970f,10
53e997a6b7602d9701f796fd,10
53e997a6b7602d9701f7a7d9,10
53e99784b7602d9701f3f671,10
53e9978ab7602d9701f47e6d,10
53e9978db7602d9701f51e58,10
53e99792b7602d9701f5adaf,10
53e9979bb7602d9701f64c0c,10
53e9979bb7602d9701f654aa,10
53e9979bb7602d9701f69c6b,10
53e9979eb7602d9701f6a184,10
53e9979eb7602d9701f6d60e,10
53e9979eb7602d9701f6db1f,10
53e997a6b7602d9701f78afc,10
53e997a6b7602d9701f79706,10
53e9978ab7602d9701f4a04b,10
53e99792b7602d9701f545ee,10
53e9979bb7602d9701f643e3,10
53e9979bb7602d9701f6685e,10
53e9979bb7602d9701f6720a,10
53e9979bb7602d9701f67b90,10
53e9979eb7602d9701f6c462,10
53e9979eb7602d9701f6c91f,10
53e9979eb7602d9701f6e8d6,10
53e997a2b7602d9701f77b69,10
53e997a6b7602d9701f791e2,10
53e997a6b7602d9701f796bd,10
53e9978db7602d9701f4cc15,10
53e9978db7602d9701f4eb64,10
53e9978eb7602d9701f52da9,10
53e99792b7602d9701f56891,10
53e99796b7602d9701f60df6,10
53e99796b7602d9701f62344,10
53e9979bb7602d9701f631b0,10
53e9979bb7602d9701f644be,10
53e9979bb7602d9701f645f3,10
53e9979bb7602d9701f643ee,10
53e9979bb7602d9701f654ae,10
53e9979bb7602d9701f66399,10
53e997a2b7602d9701f73f04,10
53e997a2b7602d9701f74178,10
53e99785b7602d9701f41502,10
53e9978ab7602d9701f4848a,10
53e9978db7602d9701f4cc55,10
53e9978eb7602d9701f52dbb,10
53e99796b7602d9701f5bf05,10
53e9979bb7602d9701f631b8,10
53e9979bb7602d9701f6639d,10
53e9979eb7602d9701f6d59a,10
53e9979fb7602d9701f7154f,10
53e997a6b7602d9701f78b06,10
53e997a6b7602d9701f78b07,10
53e997a6b7602d9701f7c68d,10
53e9978db7602d9701f506e0,10
53e9978eb7602d9701f52dc3,10
53e99796b7602d9701f61fa1,10
53e99796b7602d9701f62ad1,10
53e9979bb7602d9701f654b3,10
53e9979bb7602d9701f654b4,10
53e9979bb7602d9701f6686a,10
53e997a2b7602d9701f776be,10
53e9978ab7602d9701f457ee,10
53e99796b7602d9701f618c6,10
53e9979bb7602d9701f63868,10
53e9979bb7602d9701f65d2c,10
53e9979bb7602d9701f66007,10
53e9979bb7602d9701f663a0,10
53e997a2b7602d9701f73f21,10
53e99784b7602d9701f3eaf6,10
53e99785b7602d9701f405e9,10
53e99796b7602d9701f5c85d,10
53e9979bb7602d9701f671cb,10
53e9979bb7602d9701f674c4,10
53e997a6b7602d9701f7b58a,10
53e9978db7602d9701f4e8b3,10
53e9978db7602d9701f5188e,10
53e99796b7602d9701f5bf7d,10
53e997a2b7602d9701f71ae1,10
53e997a2b7602d9701f77b80,10
53e9978db7602d9701f5062e,30
53e9979bb7602d9701f64c1a,30
53e99785b7602d9701f43ee4,30
53e997a6b7602d9701f7a7b5,30
53e99792b7602d9701f5a9d3,30
53e9979bb7602d9701f65fea,30
53e9979bb7602d9701f66850,30
53e997a2b7602d9701f7562f,30
53e99792b7602d9701f5b0ed,30
53e99792b7602d9701f56929,30
53e99792b7602d9701f5b29b,30
53e99792b7602d9701f5b420,30
53e99796b7602d9701f5d38d,30
53e9979bb7602d9701f63866,30
53e9979bb7602d9701f65aeb,30
53e997a6b7602d9701f797b4,30
53e997a6b7602d9701f78b13,30
53e9979bb7602d9701f66009,30
53e99796b7602d9701f5ba7b,30
53e997a2b7602d9701f767de,30
53e9979bb7602d9701f63a89,27
53e99784b7602d9701f3f60f,13
53e99784b7602d9701f3f7f3,13
53e99784b7602d9701f3f62d,13
53e997a2b7602d9701f74c5a,13
53e9978ab7602d9701f47d3c,13
53e9979eb7602d9701f6befd,13
53e99785b7602d9701f43eb0,13
53e99785b7602d9701f427ae,13
53e9979bb7602d9701f67219,13
53e9978ab7602d9701f45abf,13
53e9978db7602d9701f50690,13
53e99792b7602d9701f585af,13
53e9979bb7602d9701f63198,13
53e9979bb7602d9701f67b9f,13
53e9979eb7602d9701f6d609,13
53e99796b7602d9701f5c17b,13
53e997a2b7602d9701f74c4d,13
53e997a2b7602d9701f766f7,13
53e997a2b7602d9701f7561e,13
53e997a2b7602d9701f7562f,13
53e997a2b7602d9701f770dd,13
53e997a6b7602d9701f796eb,13
53e9978ab7602d9701f47e6d,13
53e9979bb7602d9701f68bf6,13
53e99796b7602d9701f5f813,13
53e9979eb7602d9701f6db45,13
53e997a2b7602d9701f72116,13
53e99785b7602d9701f43f6a,13
53e9978ab7602d9701f47e43,13
53e99792b7602d9701f545c9,13
53e997a2b7602d9701f77b78,13
53e997a6b7602d9701f79835,13
53e99796b7602d9701f5d979,13
53e997a6b7602d9701f7969a,23
53e997a2b7602d9701f782ca,23
53e997a2b7602d9701f75a3d,23
53e997a2b7602d9701f720ea,23
53e997a6b7602d9701f79abf,23
53e9979eb7602d9701f6c45e,23
53e9979eb7602d9701f6c461,23
53e997a2b7602d9701f75a84,22
53e99796b7602d9701f5c900,22
53e99796b7602d9701f60952,22
53e9979eb7602d9701f6dac3,22
53e997a6b7602d9701f7cda7,22
53e99796b7602d9701f5c915,22
53e9979bb7602d9701f6988c,22
53e9978ab7602d9701f4afe3,22
53e997a6b7602d9701f7969a,22
53e99796b7602d9701f60deb,22
53e997a6b7602d9701f7b54c,22
53e997a6b7602d9701f7966a,22
53e997a6b7602d9701f79abf,22
53e9978ab7602d9701f4aff6,22
53e99792b7602d9701f5b452,22
53e9979eb7602d9701f6c45e,22
53e9979eb7602d9701f6c461,22
53e99796b7602d9701f5c106,22
53e99792b7602d9701f56929,22
53e997a2b7602d9701f73669,22
53e997a2b7602d9701f726db,22
53e99796b7602d9701f60978,22
53e997a2b7602d9701f75d1d,22
53e99796b7602d9701f5c571,22
53e99796b7602d9701f5d38a,22
53e9978db7602d9701f5071b,8
53e9979fb7602d9701f6f43c,8
53e99796b7602d9701f5d95d,8
53e9978ab7602d9701f45829,8
53e99792b7602d9701f58247,8
53e9978ab7602d9701f4cb81,8
53e997a6b7602d9701f796d7,8
53e9978db7602d9701f50661,8
53e9979bb7602d9701f643a0,8
53e9978ab7602d9701f47d8e,8
53e9978ab7602d9701f4afe7,8
53e9979fb7602d9701f70e10,8
53e997a2b7602d9701f73ebf,8
53e9979bb7602d9701f65fe5,8
53e997a2b7602d9701f7833b,8
53e9979bb7602d9701f65fed,8
53e997a2b7602d9701f73ea3,8
53e99796b7602d9701f62337,8
53e9979bb7602d9701f65fef,8
53e997a6b7602d9701f7a7da,8
53e99785b7602d9701f43f24,8
53e9979fb7602d9701f70a82,8
53e997a6b7602d9701f791e3,8
53e9979bb7602d9701f646f2,8
53e9979eb7602d9701f6a181,8
53e99796b7602d9701f5ee14,8
53e997a2b7602d9701f729d9,8
53e997a6b7602d9701f796ee,8
53e9978ab7602d9701f457ef,8
53e997a2b7602d9701f77b84,8
53e9979bb7602d9701f65aee,8
53e997a2b7602d9701f726db,8
53e99796b7602d9701f61368,8
53e9979fb7602d9701f70e28,8
53e9979bb7602d9701f64053,25
53e9979fb7602d9701f70c40,25
53e997a2b7602d9701f71ae2,25
53e9979fb7602d9701f70e28,25
53e99784b7602d9701f3f60f,4
53e9978db7602d9701f5062e,4
53e9979bb7602d9701f64c1a,4
53e9978ab7602d9701f47d83,4
53e99784b7602d9701f3f8c1,4
53e99796b7602d9701f5f225,4
53e99796b7602d9701f5cf1c,4
53e9979eb7602d9701f6db39,4
53e9978db7602d9701f5071b,4
53e997a6b7602d9701f7b563,4
53e99796b7602d9701f5c900,4
53e99792b7602d9701f57e60,4
53e9979eb7602d9701f6dac7,4
53e9978ab7602d9701f4bf14,4
53e99792b7602d9701f58b4a,4
53e997a6b7602d9701f7c68e,4
53e9979bb7602d9701f68be2,4
53e997a2b7602d9701f71e02,4
53e9979bb7602d9701f65fe8,4
53e9979fb7602d9701f6f04f,4
53e997a2b7602d9701f729c2,4
53e99796b7602d9701f5ee27,4
53e99796b7602d9701f5ff30,4
53e997a2b7602d9701f77b3b,4
53e997a6b7602d9701f7a9b6,4
53e99796b7602d9701f5ba04,4
53e9979bb7602d9701f65aef,4
53e9979bb7602d9701f6682c,4
53e9979bb7602d9701f631dd,4
53e9979eb7602d9701f6cad5,4
53e9979fb7602d9701f6fd20,4
53e9978ab7602d9701f47d85,4
53e9979bb7602d9701f63a78,4
53e9979fb7602d9701f70e10,4
53e997a6b7602d9701f79681,4
53e99792b7602d9701f58138,4
53e9979bb7602d9701f6318f,4
53e9979bb7602d9701f69309,4
53e99785b7602d9701f43efb,4
53e9979fb7602d9701f70437,4
53e997a2b7602d9701f7869c,4
53e997a6b7602d9701f79abf,4
53e99784b7602d9701f3e15d,4
53e99796b7602d9701f5c17b,4
53e9979bb7602d9701f67dee,4
53e9979eb7602d9701f6db49,4
53e9979fb7602d9701f70e17,4
53e997a2b7602d9701f782da,4
53e99785b7602d9701f42822,4
53e99796b7602d9701f5f7cb,4
53e99796b7602d9701f60788,4
53e9979bb7602d9701f65fef,4
53e9979bb7602d9701f66856,4
53e997a2b7602d9701f75a4e,4
53e997a6b7602d9701f7a7d9,4
53e99792b7602d9701f544ea,4
53e99792b7602d9701f54540,4
53e99796b7602d9701f60121,4
53e997a6b7602d9701f7970e,4
53e99785b7602d9701f43f28,4
53e9978db7602d9701f4cc2d,4
53e99792b7602d9701f5af27,4
53e99796b7602d9701f5e0c8,4
53e9979bb7602d9701f64c11,4
53e9979bb7602d9701f674d5,4
53e9979fb7602d9701f6f37d,4
53e9978ab7602d9701f458b7,4
53e99796b7602d9701f5c159,4
53e99796b7602d9701f62344,4
53e9979bb7602d9701f65d09,4
53e9979bb7602d9701f682d0,4
53e9979fb7602d9701f710cc,4
53e997a2b7602d9701f74c5e,4
53e997a2b7602d9701f75a7b,4
53e9978ab7602d9701f47e1f,4
53e9978db7602d9701f4cc99,4
53e9978eb7602d9701f52dbf,4
53e99792b7602d9701f5b19a,4
53e99796b7602d9701f5c90d,4
53e99796b7602d9701f5c543,4
53e99796b7602d9701f5d38d,4
53e99796b7602d9701f618c7,4
53e9979bb7602d9701f69c66,4
53e997a2b7602d9701f71add,4
53e997a6b7602d9701f79085,4
53e997a6b7602d9701f79746,4
53e99792b7602d9701f581fb,4
53e99796b7602d9701f5bc29,4
53e9979bb7602d9701f67b9b,4
53e9979bb7602d9701f68b86,4
53e9979bb7602d9701f69307,4
53e9979fb7602d9701f710d0,4
53e997a2b7602d9701f726db,4
53e9978db7602d9701f4f49a,4
53e99796b7602d9701f60978,4
53e99796b7602d9701f6187c,4
53e997a2b7602d9701f729de,4
53e997a6b7602d9701f791f1,4
53e99792b7602d9701f5b1e7,4
53e9979bb7602d9701f643ff,4
53e997a2b7602d9701f74b58,4
53e997a2b7602d9701f75a72,4
53e997a6b7602d9701f79748,4
53e99792b7602d9701f5b223,4
53e9979bb7602d9701f63a9b,4
53e997a2b7602d9701f729e0,4
53e99784b7602d9701f3f60f,11
53e99784b7602d9701f3f62d,11
53e9978db7602d9701f5071b,11
53e9979bb7602d9701f697d8,11
53e99792b7602d9701f544f4,11
53e997a2b7602d9701f782c9,11
53e9978eb7602d9701f5287d,11
53e9979eb7602d9701f6acf4,11
53e9979eb7602d9701f6bbbc,11
53e99785b7602d9701f43ee4,11
53e9978eb7602d9701f52dac,11
53e9979bb7602d9701f63a7c,11
53e9979bb7602d9701f6745a,11
53e9979eb7602d9701f6dac3,11
53e99785b7602d9701f43ece,11
53e997a6b7602d9701f7b147,11
53e99796b7602d9701f6279d,11
53e997a2b7602d9701f73f0b,11
53e99796b7602d9701f5d369,11
53e9979bb7602d9701f69c61,11
53e99796b7602d9701f60de5,11
53e9979eb7602d9701f6dacf,11
53e9979bb7602d9701f635bb,11
53e997a2b7602d9701f74c5f,11
53e997a2b7602d9701f71e02,11
53e9979bb7602d9701f63a7a,11
53e997a2b7602d9701f73623,11
53e997a6b7602d9701f79688,11
53e99796b7602d9701f5d982,11
53e9979bb7602d9701f68be7,11
53e9979bb7602d9701f692fc,11
53e9979eb7602d9701f6d599,11
53e997a2b7602d9701f729c3,11
53e99785b7602d9701f43edb,11
53e997a2b7602d9701f7368b,11
53e99792b7602d9701f5b1ba,11
53e9979eb7602d9701f6c451,11
53e9979eb7602d9701f6dae3,11
53e997a2b7602d9701f782d5,11
53e9978ab7602d9701f4bc24,11
53e99796b7602d9701f5ff31,11
53e99796b7602d9701f618d2,11
53e997a6b7602d9701f78ae2,11
53e997a6b7602d9701f7b54c,11
53e99785b7602d9701f427ae,11
53e99796b7602d9701f62055,11
53e9979bb7602d9701f631dd,11
53e9979bb7602d9701f65ade,11
53e9979bb7602d9701f67219,11
53e99785b7602d9701f43eff,11
53e99796b7602d9701f5c863,11
53e99796b7602d9701f5e8df,11
53e99796b7602d9701f618bc,11
53e997a6b7602d9701f79681,11
53e997a6b7602d9701f796c6,11
53e99792b7602d9701f568e1,11
53e99796b7602d9701f5d36c,11
53e99796b7602d9701f5f86d,11
53e9979bb7602d9701f6683d,11
53e9979bb7602d9701f67482,11
53e9979bb7602d9701f67498,11
53e9979bb7602d9701f67b6e,11
53e9979bb7602d9701f68be5,11
53e9979eb7602d9701f6b37f,11
53e9979eb7602d9701f6c904,11
53e997a2b7602d9701f74b5e,11
53e997a2b7602d9701f75a25,11
53e99792b7602d9701f544b7,11
53e99796b7602d9701f5d96e,11
53e9979bb7602d9701f65fea,11
53e9979bb7602d9701f67276,11
53e997a2b7602d9701f729ce,11
53e997a2b7602d9701f75a2f,11
53e997a2b7602d9701f767fb,11
53e99792b7602d9701f5b2c7,11
53e99796b7602d9701f5e8f1,11
53e9979bb7602d9701f63199,11
53e9979bb7602d9701f6749a,11
53e9979eb7602d9701f6db49,11
53e9979eb7602d9701f6e9f3,11
53e9979fb7602d9701f6fc15,11
53e997a6b7602d9701f79705,11
53e997a6b7602d9701f79a31,11
53e997a6b7602d9701f7a7d7,11
53e997a6b7602d9701f7b0eb,11
53e99785b7602d9701f42822,11
53e99796b7602d9701f5c84d,11
53e99796b7602d9701f5d971,11
53e99796b7602d9701f5d972,11
53e99796b7602d9701f5ee0c,11
53e99796b7602d9701f61877,11
53e99796b7602d9701f62b1e,11
53e9979bb7602d9701f643df,11
53e9979eb7602d9701f6c911,11
53e9979eb7602d9701f6e74a,11
53e9979fb7602d9701f71557,11
53e997a2b7602d9701f73204,11
53e997a6b7602d9701f78b03,11
53e9978ab7602d9701f47e6d,11
53e99792b7602d9701f544ea,11
53e9979bb7602d9701f631a3,11
53e9979bb7602d9701f63a80,11
53e9979bb7602d9701f64c0c,11
53e9979bb7602d9701f650e4,11
53e9979bb7602d9701f69c6b,11
53e997a2b7602d9701f73205,11
53e997a6b7602d9701f7971a,11
53e997a6b7602d9701f7971e,11
53e99785b7602d9701f40586,11
53e99785b7602d9701f43f28,11
53e99792b7602d9701f54511,11
53e99792b7602d9701f57e6c,11
53e99792b7602d9701f5b114,11
53e99796b7602d9701f5cc14,11
53e99796b7602d9701f5d977,11
53e9979bb7602d9701f65ff6,11
53e9979bb7602d9701f674d5,11
53e9979eb7602d9701f6b1fe,11
53e997a6b7602d9701f796bd,11
53e997a6b7602d9701f7a7e1,11
53e997a6b7602d9701f7b118,11
53e99792b7602d9701f56891,11
53e99792b7602d9701f56929,11
53e99796b7602d9701f5c159,11
53e99796b7602d9701f5d380,11
53e9979eb7602d9701f6ad7d,11
53e997a2b7602d9701f74178,11
53e997a2b7602d9701f74c5e,11
53e997a6b7602d9701f7a7e4,11
53e997a6b7602d9701f7b12f,11
53e997a6b7602d9701f7bc76,11
53e9978ab7602d9701f47e1f,11
53e99792b7602d9701f581d2,11
53e99792b7602d9701f5b29b,11
53e99796b7602d9701f5c177,11
53e99796b7602d9701f62347,11
53e9979bb7602d9701f643d4,11
53e9979fb7602d9701f710d4,11
53e997a2b7602d9701f7366e,11
53e997a6b7602d9701f797b4,11
53e9978ab7602d9701f458da,11
53e9978db7602d9701f4f494,11
53e99792b7602d9701f54586,11
53e99796b7602d9701f5c193,11
53e99796b7602d9701f5e0cd,11
53e99796b7602d9701f60974,11
53e99796b7602d9701f6234b,11
53e9979bb7602d9701f643f9,11
53e9979bb7602d9701f65af0,11
53e9979bb7602d9701f697d3,11
53e9979eb7602d9701f6db67,11
53e997a2b7602d9701f729dc,11
53e997a6b7602d9701f7b136,11
53e997a6b7602d9701f7b586,11
53e997a6b7602d9701f7c697,11
53e997a6b7602d9701f7d47a,11
53e9978db7602d9701f4f49a,11
53e99792b7602d9701f545bb,11
53e99792b7602d9701f58236,11
53e99796b7602d9701f61cd6,11
53e99796b7602d9701f62068,11
53e9979bb7602d9701f62faa,11
53e9979bb7602d9701f654b8,11
53e9979fb7602d9701f70220,11
53e997a2b7602d9701f729de,11
53e997a6b7602d9701f791f5,11
53e997a6b7602d9701f7a7f0,11
53e997a6b7602d9701f7b589,11
53e99796b7602d9701f5c0d7,11
53e99796b7602d9701f6097b,11
53e9979bb7602d9701f631b6,11
53e9979bb7602d9701f64403,11
53e9979bb7602d9701f643ff,11
53e9979fb7602d9701f71565,11
53e997a2b7602d9701f72fb7,11
53e997a2b7602d9701f74b58,11
53e997a2b7602d9701f75a72,11
53e997a2b7602d9701f767de,11
53e9979eb7602d9701f6d59b,11
53e9979fb7602d9701f70e28,11
53e997a6b7602d9701f7bc8e,11
