venue_id,type
539ffcf2831432abcb63c645,journal
53e1824d20f7dfbc07e8bf54,journal
55f8c33fc35f4f6dfd415864,journal
53a7300120f7420be8cd3298,journal
555037237cea80f95417549b,journal
55f8c707c35f4f6dfd415a03,journal
5736b2a5d39c4f40a799f9d4,journal
555036b57cea80f95414abd8,journal
55f8c205c35f4f6dfd4157c1,journal
53a72fc720f7420be8cc3075,journal
53a72b2d20f7420be8c1c5a9,journal
539078f320f770854f5a88f2,journal
5390972320f70186a0df9728,journal
53a7320120f7420be8d7197e,journal
53a7267e20f7420be8b78dc5,journal
5390a71c20f70186a0e88c48,journal
53a731fc20f7420be8d70db7,journal
53e1832920f7dfbc07e8c53a,journal
53a726b420f7420be8b7ec67,journal
53a728d120f7420be8bb9575,journal
53a7314420f7420be8d31c79,journal
53a730ea20f7420be8d13b56,journal
539e7ce88314ff4cf4c670e8,journal
53a72ffa20f7420be8cd0f67,journal
555036c97cea80f954155dd5,journal
53a72fae20f7420be8cbbb17,journal
555036b87cea80f95414c3a9,journal
555036db7cea80f9541603d2,journal
54824ca9582fc50b5e00b6f4,journal
555037d67cea80f95419caa8,journal
555036da7cea80f95415f80e,journal
53e180b820f7dfbc07e8b4ce,journal
53e1825420f7dfbc07e8bf80,journal
53a731d920f7420be8d65d97,journal
55f8c6fac35f4f6dfd415a00,journal
53a72fa520f7420be8cb8c28,journal
55f8c37ec35f4f6dfd41587f,journal
53a72f6620f7420be8ca37e1,journal
53a732bf20f7420be8db2235,journal
5390a17f20f70186a0e53d3d,journal
555036db7cea80f9541603e1,journal
555036d07cea80f954159906,journal
53a72b2c20f7420be8c1c5a1,journal
555036df7cea80f954162774,journal
53a72b3120f7420be8c1d176,journal
53a7325120f7420be8d8e31c,journal
5736ac1cd39c4f40a7954f21,journal
53a731f120f7420be8d6d307,journal
53a7308a20f7420be8cf94f6,journal
555036c77cea80f954155204,journal
555036f57cea80f954169e28,journal
57d088490a3ac5db49917a6a,journal
53a7311020f7420be8d1dfa5,journal
539078f320f770854f5a8951,journal
53a7318e20f7420be8d4ce94,journal
539e77fd8314ff4cf4b57faa,journal
5736af03d39c4f40a79811c6,journal
5482521d582fc50b5e0560ea,journal
539078ee20f770854f5a83f8,journal
53e187ed20f7dfbc07e8e4fe,journal
53a7308720f7420be8cf7d81,journal
555036b87cea80f95414c3bf,journal
53a731b520f7420be8d5a1d2,journal
555037a77cea80f954194996,journal
58801a369ed5db225d59c314,journal
53a7321220f7420be8d7830c,journal
572dd004d39c4f4993448ec7,journal
539078ee20f770854f5a8409,journal
53e1833120f7dfbc07e8c56d,journal
53a7269720f7420be8b7bd03,journal
53a724b320f7420be8b37f4c,journal
53a72ec320f7420be8c99e21,journal
555037c87cea80f9541998b3,journal
53907c1720f770854f5ff327,journal
55f9570ec35f4fb0d21cdae5,journal
53a7319520f7420be8d50933,journal
555036c27cea80f954152292,journal
555036b47cea80f95414abd1,journal
53a7326420f7420be8d9354e,journal
53a7327820f7420be8d99eef,journal
53a7319320f7420be8d4fd78,journal
53e1809120f7dfbc07e8b3f7,journal
555036f67cea80f95416a9f4,journal
53a7294620f7420be8bcebd3,journal
53a727af20f7420be8b97f2c,journal
53a731e220f7420be8d68c8f,journal
53a72a4520f7420be8bf8d9b,journal
57d08c7c0a3ac5db4992dd6c,journal
555037a17cea80f954193c76,journal
5390799420f770854f5c0f06,journal
555036cb7cea80f954157570,journal
539078f320f770854f5a88f3,journal
5390acc420f70186a0eb9ddc,journal
53a72acb20f7420be8c0d904,journal
53a7310b20f7420be8d1c829,journal
53a731c620f7420be8d5ffae,journal
53a72a9120f7420be8c056af,journal
555036be7cea80f95414fef1,journal
5736ae3ad39c4f40a797600f,journal
53e17f6520f7dfbc07e8aca7,journal
53907a7420f770854f5d4ab4,journal
53a72cf320f7420be8c548d8,journal
53a7313c20f7420be8d2e1d4,journal
54825ad4582fc50b5e1557fe,journal
555036e17cea80f954163356,journal
555036ca7cea80f95415699e,journal
555036c67cea80f95415461e,journal
555036f27cea80f95416865a,journal
555037917cea80f95418fdf1,journal
539e72778314ff4cf49b3f5d,journal
555036b67cea80f95414abfd,journal
539078ee20f770854f5a840b,journal
53a72fd220f7420be8cc5f67,journal
539078ef20f770854f5a844a,journal
53e1854520f7dfbc07e8d37b,journal
555036f67cea80f95416aa16,journal
53a72a8520f7420be8c03eea,journal
53a72a9120f7420be8c056af,journal
53a7255b20f7420be8b4c919,journal
555036c47cea80f954153a42,journal
539078f720f770854f5ab2fb,journal
539e7ce68314ff4cf4c670e0,journal
53a7311a20f7420be8d2260b,journal
53a7256c20f7420be8b4f82a,journal
555036c07cea80f95415169d,journal
53a72c9420f7420be8c48b79,journal
539e76e18314ff4cf4b1399d,journal
53a72d6120f7420be8c6352f,journal
53e1822a20f7dfbc07e8be77,journal
53e1815120f7dfbc07e8b8aa,journal
53a726b520f7420be8b7ec70,journal
53a72e7b20f7420be8c8f8d3,journal
555036e77cea80f9541662bb,journal
53a727eb20f7420be8ba18d5,journal
555036db7cea80f9541603df,journal
539078f220f770854f5a886e,journal
53a7316e20f7420be8d41e8e,journal
53a7320d20f7420be8d76b93,journal
555036c07cea80f954150ad2,journal
5390a75a20f70186a0e8db68,journal
539e76e28314ff4cf4b1399e,journal
53a72c9420f7420be8c48b7d,journal
53a72cdb20f7420be8c50dd1,journal
53907df520f770854f6106bd,journal
539ffbf8831432abcb6033b5,journal
53a728e320f7420be8bbc4a9,journal
555036cb7cea80f95415756a,journal
53a7289a20f7420be8bb2ac3,journal
53a72fb420f7420be8cbd290,journal
53a72acb20f7420be8c0d905,journal
539e77b68314ff4cf4b46e27,journal
53a732c920f7420be8db5cde,journal
555036cb7cea80f954157562,journal
5390797220f770854f5bb95f,journal
53a7311f20f7420be8d23d86,journal
53e184b020f7dfbc07e8cf71,journal
53a72ac920f7420be8c0d8f2,journal
53a72f9520f7420be8cb3a08,journal
53a72dbf20f7420be8c72ca6,journal
555037547cea80f9541805e0,journal
539099c420f70186a0e1bc2f,journal
53a72fc720f7420be8cc3073,journal
555036ee7cea80f9541662de,journal
54825fd3582fc50b5e1f7678,journal
53a727eb20f7420be8ba18d7,journal
555036f07cea80f954166eba,journal
53a72ab420f7420be8c0a992,journal
55f8cb99c35f4f6dfd415b83,journal
555037c87cea80f95419989b,journal
55fa8a16c35f4fb0d21d582a,journal
53a730a420f7420be8cffe96,journal
53a725f020f7420be8b5e4e2,journal
53a7325520f7420be8d8eedf,journal
53a728fc20f7420be8bc0b83,journal
53a730ba20f7420be8d06833,journal
53a72ae720f7420be8c10895,journal
53a7271020f7420be8b8a9e9,journal
539078f620f770854f5ab177,journal
539090d920f70186a0de012d,journal
53a72f7320f7420be8ca95bd,journal
53a7288320f7420be8bafb66,journal
53a7296120f7420be8bd2701,journal
53a7276220f7420be8b8cd8e,journal
555036e37cea80f954164af5,journal
53a728a420f7420be8bb426a,journal
5390885420f70186a0d8e898,journal
53a728e320f7420be8bbc4aa,journal
53a72b1f20f7420be8c1a235,journal
53a7299120f7420be8bdb4b3,journal
53a7250d20f7420be8b43b7e,journal
555036cb7cea80f954157563,journal
53a7290420f7420be8bc1771,journal
58a3b7fb9ed5db6f9e2fdba7,journal
539ff916831432abcb57b1dc,journal
555036de7cea80f954161ba9,journal
53a7295320f7420be8bd0f3b,journal
53a7256c20f7420be8b4f82b,journal
5390799920f770854f5c0fcd,journal
53a7279420f7420be8b93830,journal
5736ad6ed39c4f40a796a0ce,journal
53a72b1320f7420be8c18a7b,journal
53a7304720f7420be8ce5831,journal
53a72a9620f7420be8c06e2e,journal
572dc724d39c4f4993401bf1,journal
539078fb20f770854f5ab632,journal
53a7278720f7420be8b92c2a,journal
539078f320f770854f5a8976,journal
53a72a8420f7420be8c03ee3,journal
555037ab7cea80f95419562f,journal
53a7304c20f7420be8ce7b5d,journal
539078f920f770854f5ab4ce,journal
5390797020f770854f5bb908,journal
53a7324620f7420be8d89cb6,journal
5550370f7cea80f954171247,journal
53a7237320f74fc8a8f32e0b,journal
5390790320f770854f5adff6,journal
555036b77cea80f95414b7e3,journal
555036bd7cea80f95414f310,journal
53e1832b20f7dfbc07e8c546,journal
53a7295c20f7420be8bd1b2b,journal
539e78288314ff4cf4b6430f,journal
539ff061831432abcb3e2c51,journal
58c75a389ed5dba9165aff9f,journal
555036f77cea80f95416b5e5,journal
548267b8582fc50b5e32e70f,journal
55f9f1b6c35f4fb0d21d2327,journal
53a72d8a20f7420be8c693ac,journal
53a72a1f20f7420be8bf4659,journal
53a72b0020f7420be8c14f7e,journal
53a7306720f7420be8cef0af,journal
53e1898220f7dfbc07e8ef45,journal
5390794720f770854f5b640a,journal
555037377cea80f95417a12c,journal
53a72ed320f7420be8c9cd41,journal
53a724d920f7420be8b3c5dd,journal
555036e57cea80f9541656d9,journal
555036e17cea80f95416335c,journal
539078ee20f770854f5a83e7,journal
555036c17cea80f954152275,journal
53a72a5320f7420be8bfd430,journal
53e17f6420f7dfbc07e8ac9d,journal
539e75bd8314ff4cf4aaa97f,journal
53a7254220f7420be8b4a579,journal
539078f320f770854f5a896c,journal
5390793620f770854f5b5de6,journal
53a72f5c20f7420be8ca08e9,journal
53a7278920f7420be8b92c3a,journal
5550370b7cea80f95416f984,journal
53a724cc20f7420be8b3ae48,journal
5736ae3bd39c4f40a797606d,journal
555036ca7cea80f9541569a3,journal
555036d97cea80f95415f7fd,journal
53e1892520f7dfbc07e8eccf,journal
53a7324720f7420be8d8a872,journal
539ff3a0831432abcb481942,journal
53a7308720f7420be8cf7d82,journal
555036ba7cea80f95414db5b,journal
53a731d820f7420be8d65d92,journal
5390795f20f770854f5b8e1c,journal
555036ce7cea80f954158d22,journal
53a72d0a20f7420be8c583cc,journal
555037b67cea80f954197096,journal
53e183e020f7dfbc07e8c9ff,journal
53a7319c20f7420be8d53821,journal
53a7318920f7420be8d4b718,journal
53a726d620f7420be8b84af0,journal
53a7329a20f7420be8da5aaf,journal
539ff4a0831432abcb4a399f,journal
53a725d420f7420be8b5a99a,journal
555036f27cea80f954168669,journal
53a7283420f7420be8babe95,journal
5736b00cd39c4f40a798de95,journal
53a72f9d20f7420be8cb74a9,journal
53a7288c20f7420be8bb1302,journal
555036f67cea80f95416aa09,journal
53a725bc20f7420be8b57a21,journal
53a72ed320f7420be8c9cd40,journal
555036b57cea80f95414abd6,journal
53a727eb20f7420be8ba18d6,journal
5390891820f70186a0d92226,journal
555036f17cea80f954167a9c,journal
53a72c6620f7420be8c44ffe,journal
53a7294b20f7420be8bcf79c,journal
53e184ec20f7dfbc07e8d102,journal
5390798e20f770854f5be648,journal
53a7256d20f7420be8b4f82d,journal
53a731f020f7420be8d6d303,journal
539078f320f770854f5a8919,journal
53a7296a20f7420be8bd3e9e,journal
53a7316f20f7420be8d41e8f,journal
53e1807e20f7dfbc07e8b383,journal
555037777cea80f954188e5d,journal
555036bf7cea80f954150abc,journal
53a72d4920f7420be8c5fa31,journal
53a7286220f7420be8baeeba,journal
555036be7cea80f95414fefa,journal
53a7306420f7420be8cee4f6,journal
53a727cc20f7420be8b9c621,journal
53a7263920f7420be8b6c526,journal
5390799720f770854f5c0f75,journal
557de61ef6678c77ea21e624,journal
53e18c0920f7dfbc07e8ff23,journal
53a72e6820f7420be8c8bdec,journal
5550377a7cea80f954189a9d,journal
53a7310820f7420be8d1bc69,journal
555036cc7cea80f95415814b,journal
53a7321320f7420be8d78ec6,journal
555036de7cea80f954161b9c,journal
5390794f20f770854f5b6553,journal
555036e47cea80f954164b04,journal
555036d97cea80f95415f807,journal
53a7285720f7420be8baee63,journal
53a72dee20f7420be8c78b39,journal
53a72a7220f7420be8c00f98,journal
5550375e7cea80f9541835c1,journal
53a72b9320f7420be8c29aa6,journal
53a72c5620f7420be8c42c98,journal
53a731f620f7420be8d6ea84,journal
5390965420f70186a0df61ac,journal
53a72f3520f7420be8c9cd74,journal
5736ae63d39c4f40a797830f,journal
555037cf7cea80f95419b159,journal
53e17f8220f7dfbc07e8ad50,journal
555037217cea80f954175401,journal
53a7293b20f7420be8bcd41a,journal
53a7265320f7420be8b72f16,journal
53a72e8a20f7420be8c91092,journal
53a732b220f7420be8dae77b,journal
53a7311e20f7420be8d23d84,journal
555037187cea80f954172d25,journal
555037107cea80f954171265,journal
555036cc7cea80f954158135,journal
53a72bd120f7420be8c31c65,journal
53a731c620f7420be8d5ffad,journal
53a72b2c20f7420be8c1c59f,journal
555036c67cea80f954154630,journal
555036d87cea80f95415ec24,journal
53a726a520f7420be8b7d4a8,journal
53a7284520f7420be8bae227,journal
53a72fc720f7420be8cc3076,journal
53a7261320f7420be8b6667e,journal
57d0889c0a3ac5db49919226,journal
548249bf582fc50b5dfd9e6d,journal
53a7327220f7420be8d97bbc,journal
555037387cea80f95417ad4b,journal
53907a2b20f770854f5cf025,journal
53a72e9120f7420be8c9281e,journal
53a728b120f7420be8bb5a2a,journal
53a731f120f7420be8d6d308,journal
539089c620f70186a0d99dc8,journal
53907a9820f770854f5d78d4,journal
53e1861420f7dfbc07e8d90d,journal
53a727f020f7420be8ba24ac,journal
53907a7220f770854f5d4a6f,journal
53a72afe20f7420be8c14f72,journal
53907a7320f770854f5d4aa5,journal
5550371a7cea80f954173a0a,journal
5736af5ed39c4f40a798604a,journal
53a72dee20f7420be8c78b3b,journal
53e1889020f7dfbc07e8e925,journal
555037567cea80f95418295c,journal
55f959d4c35f4fb0d21ce758,journal
555036e57cea80f9541656e5,journal
555036f87cea80f95416b5f6,journal
5550372b7cea80f954177a47,journal
53a72b9720f7420be8c2a66d,journal
53a727aa20f7420be8b97356,journal
53a7293020f7420be8bca4fd,journal
53a72e7020f7420be8c8e133,journal
53a7275e20f7420be8b8cd6a,journal
53907a5a20f770854f5d204c,journal
55f960e8c35f4fb0d21cef76,journal
555036ca7cea80f954156998,journal
53a72a8220f7420be8c03321,journal
53a72e4d20f7420be8c8772e,journal
53e1882920f7dfbc07e8e675,journal
53a7315120f7420be8d385fb,journal
555036e07cea80f954163351,journal
53a72ce020f7420be8c519a3,journal
53a72c9820f7420be8c48b9a,journal
53a72b3320f7420be8c1d18a,journal
53a72e7b20f7420be8c8f8d4,journal
53a725e920f7420be8b5d8f6,journal
53a7280520f7420be8ba5fb7,journal
53907a6220f770854f5d21f1,journal
555037767cea80f954188df6,journal
53a732cf20f7420be8db745d,journal
53e1891b20f7dfbc07e8ec90,journal
53a7263820f7420be8b6c520,journal
53a72e0620f7420be8c7c642,journal
53907d3020f770854f60bc65,journal
53e184f720f7dfbc07e8d153,journal
53a729c620f7420be8be2b23,journal
53a729c620f7420be8be2b25,journal
555037667cea80f954185ab5,journal
5390799620f770854f5c0f40,journal
555036f67cea80f95416a9f6,journal
555037a07cea80f95419305f,journal
555037cc7cea80f95419a510,journal
53a728f820f7420be8bbffb5,journal
54824fb3582fc50b5e02e6e0,journal
53a72a6b20f7420be8c003b0,journal
5736ab19d39c4f40a79494d8,journal
53e17fa620f7dfbc07e8ae22,journal
53a72cbc20f7420be8c4de37,journal
555036ee7cea80f9541662df,journal
53a725d920f7420be8b5b573,journal
53a72eb320f7420be8c98662,journal
53e184f720f7dfbc07e8d156,journal
5390798120f770854f5be2d6,journal
53a726c320f7420be8b832f6,journal
53a7314f20f7420be8d37a40,journal
53a72b7820f7420be8c26b29,journal
53907aa920f770854f5da239,journal
54825f1d582fc50b5e1e89d7,journal
555036de7cea80f954161ba8,journal
53a732d020f7420be8db8016,journal
53e17f6020f7dfbc07e8ac82,journal
53a731f320f7420be8d6dec4,journal
53a729e320f7420be8be951c,journal
539078f320f770854f5a8985,journal
555036bb7cea80f95414e732,journal
555037977cea80f954190b2a,journal
555036cf7cea80f954158d42,journal
555036c17cea80f9541516a0,journal
555036e47cea80f954164b0f,journal
54826211582fc50b5e24846f,journal
555036f37cea80f95416924c,journal
53a7285520f7420be8baee54,journal
555036f37cea80f95416867a,journal
53e17f8a20f7dfbc07e8ad76,journal
5550374e7cea80f95417f8c5,journal
53a7284f20f7420be8baee22,journal
555036b77cea80f95414b7da,journal
53a727fd20f7420be8ba481e,journal
53e180bb20f7dfbc07e8b4de,journal
53a72f3220f7420be8c9cd5f,journal
53a731f620f7420be8d6ea84,journal
53907af620f770854f5dfd03,journal
53e17f7520f7dfbc07e8ad07,journal
53a72b5020f7420be8c20cc1,journal
53a72ed120f7420be8c9c17c,journal
59224a409ed5db409e22f1d9,journal
555036b67cea80f95414abfa,journal
53a72df020f7420be8c78b47,journal
555036de7cea80f954161b97,journal
53a727db20f7420be8b9e99c,journal
555037027cea80f95416d349,journal
555036dc7cea80f954160fb7,journal
53907b6820f770854f5ea9f0,journal
53907edc20f770854f614e1d,journal
54825f4f582fc50b5e1eff6a,journal
53a72e0320f7420be8c7ba81,journal
53a7290a20f7420be8bc2352,journal
53a7320620f7420be8d73ca9,journal
5390986520f70186a0e09576,journal
555037cf7cea80f95419b15b,journal
53a72d6120f7420be8c6352f,journal
53907ee820f770854f614fa5,journal
53e1852720f7dfbc07e8d2ac,journal
53a72f3420f7420be8c9cd6f,journal
53a727f020f7420be8ba24aa,journal
555037357cea80f95417a0ab,journal
53a72d6c20f7420be8c64cce,journal
53e184a320f7dfbc07e8cf34,journal
53907b5a20f770854f5ea70c,journal
53a732b020f7420be8dadbc0,journal
54824820582fc50b5dfcd3aa,journal
53a72c6a20f7420be8c4501f,journal
53a7312820f7420be8d283df,journal
54824a11582fc50b5dfdede0,journal
555036f47cea80f954169e19,journal
53a726d520f7420be8b84ae2,journal
539078ef20f770854f5a8451,journal
555036bd7cea80f95414f30d,journal
53a731eb20f7420be8d6bb8a,journal
53a7313c20f7420be8d2ed8d,journal
5390a0a220f70186a0e4e30f,journal
53907afa20f770854f5dfd8a,journal
53a72a7520f7420be8c01b5d,journal
55f8eafbc35f4f6dfd4161cd,journal
53a7251420f7420be8b452ef,journal
53a728b020f7420be8bb5a22,journal
53a729da20f7420be8be7d83,journal
53e1859420f7dfbc07e8d5ae,journal
53907bc320f770854f5f4fb3,journal
53a72b0d20f7420be8c17e9d,journal
555036f87cea80f95416b5ef,journal
5390896420f70186a0d94979,journal
53a72ad720f7420be8c0e50e,journal
53a72dd720f7420be8c75bf5,journal
555037037cea80f95416df34,journal
53a728b020f7420be8bb5a29,journal
53a72dc520f7420be8c73878,journal
53e1857720f7dfbc07e8d4f2,journal
53a7267420f7420be8b77618,journal
54826a67582fc50b5e39a318,journal
5550371b7cea80f954173a4b,journal
53a725ac20f7420be8b556b2,journal
53a72d8d20f7420be8c69f6c,journal
53a7262a20f7420be8b6ad52,journal
53a72f8120f7420be8cadc2b,journal
555036f87cea80f95416b5fc,journal
53a72d8a20f7420be8c693ad,journal
555036c87cea80f954155dd0,journal
53a7320f20f7420be8d7774d,journal
555037437cea80f95417d2eb,journal
53a72f3820f7420be8c9cd8e,journal
555037857cea80f95418cbe6,journal
5736adead39c4f40a79719c1,journal
555036bd7cea80f95414f31e,journal
555036f67cea80f95416a9ef,journal
53a726f420f7420be8b87a78,journal
5390b44b20f70186a0efa5ba,journal
555037277cea80f954176d4e,journal
539078f620f770854f5ab17f,journal
53a7262020f7420be8b689f2,journal
5482523f582fc50b5e05887d,journal
555036e67cea80f9541656f2,journal
555036c97cea80f954155dd6,journal
555037137cea80f954171fb9,journal
555036f97cea80f95416c1f1,journal
53a72cf120f7420be8c53d18,journal
53a72abc20f7420be8c0c131,journal
53e1859c20f7dfbc07e8d5dc,journal
53e17fa020f7dfbc07e8adfc,journal
555036f27cea80f954168664,journal
555036ce7cea80f954158d1d,journal
555037077cea80f95416ec72,journal
53907cc220f770854f60803c,journal
53e1817120f7dfbc07e8b988,journal
53a7294520f7420be8bcebc9,journal
555036c57cea80f954154615,journal
53a72b4420f7420be8c1e967,journal
53a72ac620f7420be8c0cd29,journal
53a7310f20f7420be8d1d3ea,journal
53a7283320f7420be8babe94,journal
53e1815d20f7dfbc07e8b8f7,journal
5390a71620f70186a0e88c32,journal
53a731ea20f7420be8d6afcf,journal
53a7281720f7420be8ba8355,journal
55f95a7dc35f4fb0d21ce891,journal
555036ca7cea80f9541569a6,journal
539feee0831432abcb396be9,journal
53a728f420f7420be8bbf3e5,journal
53e1891620f7dfbc07e8ec6b,journal
55f95869c35f4fb0d21ce31f,journal
53a7276520f7420be8b8cda2,journal
53a7309e20f7420be8cff2d4,journal
53a72b6c20f7420be8c25386,journal
53a72bcb20f7420be8c31c41,journal
53a72bdd20f7420be8c33414,journal
53a72ea120f7420be8c95738,journal
5550379b7cea80f95419237c,journal
53a7299920f7420be8bdc09a,journal
555037797cea80f954189a64,journal
5390947820f70186a0dea2ee,journal
53a72e3920f7420be8c85397,journal
555037a37cea80f954193d07,journal
555037757cea80f954188dbb,journal
555036ef7cea80f954166eb5,journal
53a7283220f7420be8babe88,journal
548261b6582fc50b5e2434f3,journal
53a7296620f7420be8bd32d7,journal
5550374b7cea80f95417ec10,journal
53a731ce20f7420be8d62e9a,journal
53a7266120f7420be8b746d9,journal
555036dc7cea80f954160fc5,journal
555036e27cea80f954163f29,journal
53a72f3f20f7420be8c9d96b,journal
53a7285420f7420be8baee4d,journal
555036c87cea80f954155dc9,journal
53a731a120f7420be8d543e6,journal
53a00231831432abcb73cac2,journal
5550371b7cea80f954173a52,journal
53907aaa20f770854f5da246,journal
555037577cea80f954182982,journal
555037d37cea80f95419be1e,journal
555037047cea80f95416df75,journal
53a7313720f7420be8d2e1bf,journal
555037127cea80f954171f3c,journal
539078f220f770854f5a88cd,journal
53a729a420f7420be8bdd84d,journal
53a7294820f7420be8bcebe0,journal
54826c83582fc50b5e3e62e0,journal
53e181f320f7dfbc07e8bcfc,journal
53a72f4220f7420be8c9d983,journal
53a730e620f7420be8d12f99,journal
53a7326520f7420be8d94107,journal
555036f27cea80f95416866c,journal
53907b6f20f770854f5eaac4,journal
555036dc7cea80f954160fcb,journal
555036f97cea80f95416c1d8,journal
53a72dee20f7420be8c78b37,journal
53a72eaa20f7420be8c96328,journal
53a7296520f7420be8bd32ce,journal
57d08a8a0a3ac5db4992107c,journal
5550371a7cea80f95417399c,journal
53a7285420f7420be8baee48,journal
53a72f4020f7420be8c9d975,journal
53a72a3020f7420be8bf5e3f,journal
53a72e9420f7420be8c933e0,journal
555037097cea80f95416f8e8,journal
539ff0be831432abcb3f285d,journal
555036e07cea80f95416334a,journal
555037337cea80f95417a03a,journal
555036f47cea80f954169e13,journal
555037c57cea80f9541980c2,journal
53a7292120f7420be8bc52bf,journal
53908b4820f70186a0dba795,journal
555036bd7cea80f95414f320,journal
53a727f020f7420be8ba24ad,journal
53e1857e20f7dfbc07e8d528,journal
5390991d20f70186a0e11631,journal
53a7281d20f7420be8ba9add,journal
53a725da20f7420be8b5b57f,journal
555037077cea80f95416eca1,journal
53a724ad20f7420be8b37372,journal
53a729c020f7420be8be07de,journal
555036b37cea80f954149fe0,journal
539ff140831432abcb4081f0,journal
53a7251b20f7420be8b45ec4,journal
555036ce7cea80f954158d20,journal
555036e07cea80f95416278d,journal
53a72f6020f7420be8ca14ab,journal
5550374a7cea80f95417ebe9,journal
555037037cea80f95416df2e,journal
53a72f3220f7420be8c9cd5c,journal
54825be3582fc50b5e177d9a,journal
539e71688314ff4cf4960de9,journal
53a7307e20f7420be8cf4e91,journal
53a72a5020f7420be8bfc866,journal
53a729fa20f7420be8bec496,journal
53a72ed220f7420be8c9cd3c,journal
53a726ea20f7420be8b862dd,journal
555036c27cea80f954152e4b,journal
539e71b28314ff4cf497e2b0,journal
5390982a20f70186a0e06ab4,journal
53a7308a20f7420be8cf94f7,journal
53a7292320f7420be8bc5e7d,journal
53a7295920f7420be8bd1b14,journal
539fff5b831432abcb6c5715,journal
555036bf7cea80f954150abe,journal
587ec9c09ed5db4ade85fe18,journal
555036d37cea80f95415b0b3,journal
5736b00cd39c4f40a798deac,journal
53a7310720f7420be8d1bc66,journal
53a72d7c20f7420be8c67bea,journal
53e1871a20f7dfbc07e8dfae,journal
53a72b2d20f7420be8c1c5a7,journal
555037807cea80f95418a7f5,journal
548259dd582fc50b5e1359d4,journal
572dfc90d39c4f6052c5759e,journal
53a72a2220f7420be8bf466e,journal
555036f17cea80f954167a86,journal
54825d73582fc50b5e1adc94,journal
53a729e620f7420be8bea0e5,journal
555036ca7cea80f9541569a5,journal
555036c47cea80f954153a3f,journal
53a72a9620f7420be8c06e31,journal
53e17f6120f7dfbc07e8ac8a,journal
555036f27cea80f95416865e,journal
53a72e4720f7420be8c86b5d,journal
555036c27cea80f954152e4e,journal
5550372b7cea80f954177a28,journal
53a72e1a20f7420be8c7f576,journal
53a728da20f7420be8bbad0f,journal
53a7298d20f7420be8bda8e3,journal
53a72b6a20f7420be8c25379,journal
53a72b8220f7420be8c27720,journal
555036e27cea80f954163f1e,journal
53a72fd220f7420be8cc5f6a,journal
53a7280820f7420be8ba5fd3,journal
53a731d820f7420be8d65d93,journal
539e770a8314ff4cf4b1d5e9,journal
555036d37cea80f95415b0dd,journal
53a731db20f7420be8d66956,journal
53a72b9c20f7420be8c2b23e,journal
53a726f320f7420be8b87a77,journal
5390a49620f70186a0e73ac1,journal
53a72a4c20f7420be8bfb0e4,journal
5550376d7cea80f954187415,journal
555036f87cea80f95416b602,journal
53a7328020f7420be8d9cddc,journal
53a72e9b20f7420be8c94b6a,journal
555036e47cea80f9541656ca,journal
5736ae3ad39c4f40a797601d,journal
53a725e620f7420be8b5d8e3,journal
53909ed520f70186a0e31cc4,journal
58d87c229ed5db79c99c0f01,journal
58f99f169ed5db981862047b,journal
53a72f6220f7420be8ca2c21,journal
555037c57cea80f9541980a5,journal
555036b47cea80f95414abcc,journal
53a7269920f7420be8b7bd09,journal
5550376e7cea80f954187478,journal
555036d27cea80f95415a4e4,journal
53909f3520f70186a0e396bd,journal
555037397cea80f95417ad97,journal
555037277cea80f954176d25,journal
53a7288720f7420be8bb072c,journal
539097a420f70186a0e0142a,journal
555036b87cea80f95414c3bb,journal
53a725c320f7420be8b591b9,journal
53a7315d20f7420be8d3c0ae,journal
555037517cea80f95417f95d,journal
5390894320f70186a0d9495c,journal
555037c97cea80f9541998dd,journal
555036c57cea80f954154602,journal
5736ae3ad39c4f40a797602d,journal
5390891420f70186a0d9221e,journal
53a731b320f7420be8d59617,journal
53a7318c20f7420be8d4c2d7,journal
555036ba7cea80f95414cf96,journal
5736ae3ad39c4f40a797600d,journal
5550376d7cea80f9541873e3,journal
555036df7cea80f954162769,journal
5550378d7cea80f95418f10b,journal
55f8ded8c35f4f6dfd415ff3,journal
555037007cea80f95416d278,journal
53a731ea20f7420be8d6afd0,journal
53a729c820f7420be8be2b32,journal
53a7256020f7420be8b4d4e1,journal
53a7266520f7420be8b75296,journal
5390a0a120f70186a0e4e2fc,journal
555037997cea80f95419171d,journal
53a72bae20f7420be8c2d5b7,journal
53a725e220f7420be8b5cd13,journal
5550370a7cea80f95416f932,journal
555037a17cea80f954193c72,journal
53a7258b20f7420be8b51bd2,journal
53a7285720f7420be8baee5f,journal
53a7318c20f7420be8d4c2d9,journal
555037b27cea80f9541963f6,journal
555037777cea80f954188e47,journal
555036cf7cea80f954158d3f,journal
53909e7b20f70186a0e2a2ec,journal
53a730cf20f7420be8d0c610,journal
53a72d2e20f7420be8c5cacb,journal
53a723b720f74fc8a8f3301f,journal
53a7264120f7420be8b6dccb,journal
53a7322320f7420be8d7e0f8,journal
53a72f3320f7420be8c9cd65,journal
53a72f9e20f7420be8cb74ac,journal
539ff23b831432abcb43bc31,journal
5390bb5c20f70186a0f3f2d8,journal
54826424582fc50b5e2a2d42,journal
53a72b5c20f7420be8c23bc2,journal
5550376b7cea80f95418737e,journal
555037817cea80f95418b3e1,journal
53a72f3620f7420be8c9cd7a,journal
53a7267f20f7420be8b78dce,journal
53a72ce620f7420be8c5257d,journal
5550371b7cea80f954173a42,journal
53a7284a20f7420be8baedf5,journal
53a7255b20f7420be8b4c919,journal
5550379f7cea80f954193043,journal
53a726cf20f7420be8b84ab2,journal
53a7321020f7420be8d77751,journal
555036c37cea80f954152e6c,journal
5390aa5c20f70186a0ea9e28,journal
5736ae04d39c4f40a79737da,journal
53a72aa220f7420be8c091a1,journal
54826079582fc50b5e20fe5b,journal
5546385f0cf2939c2fee6a80,journal
555037367cea80f95417a10d,journal
53a7254520f7420be8b4a58f,journal
54825bda582fc50b5e177d87,journal
5390a8b020f70186a0e9a789,journal
555036c47cea80f954153a3a,journal
53907aaf20f770854f5da2ed,journal
53a72bd920f7420be8c3284a,journal
53a72f3720f7420be8c9cd86,journal
53a72feb20f7420be8ccc900,journal
53a7297d20f7420be8bd4ae7,journal
53a72f3f20f7420be8c9d971,journal
53a72e0c20f7420be8c7d211,journal
53a7237420f74fc8a8f32e14,journal
53a72f4320f7420be8c9d98f,journal
555036ce7cea80f954158d2a,journal
54826229582fc50b5e24abc9,journal
53a729e520f7420be8bea0dd,journal
53a7256020f7420be8b4d4e2,journal
55f9615cc35f4fb0d21cefbb,journal
57d08c790a3ac5db4992dd05,journal
53a72a1220f7420be8bf22df,journal
53a7264320f7420be8b6e88a,journal
5390884320f70186a0d8e6b6,journal
55f8cb01c35f4f6dfd415b54,journal
5550371b7cea80f954173a41,journal
555037677cea80f954185b1e,journal
555036b67cea80f95414b7b9,journal
53e1880f20f7dfbc07e8e5e4,journal
53a7308720f7420be8cf7d84,journal
55f8e06cc35f4f6dfd41602e,journal
555036f67cea80f95416a9f5,journal
539ff34d831432abcb46ec67,journal
555037097cea80f95416f8e7,journal
53e18c4420f7dfbc07e90090,journal
53a72a0020f7420be8bed076,journal
55f9e86bc35f4fb0d21d0bca,journal
5736b00cd39c4f40a798de9a,journal
57d08c750a3ac5db4992dca0,journal
539098bd20f70186a0e0c251,journal
5736b298d39c4f40a799f357,journal
53a729ab20f7420be8bdefdb,journal
53e18c3f20f7dfbc07e9006e,journal
5550373a7cea80f95417add6,journal
53a72a8820f7420be8c04ab5,journal
53a72a1420f7420be8bf22ed,journal
53e1822b20f7dfbc07e8be81,journal
5550377b7cea80f954189b16,journal
53a7323520f7420be8d83ed9,journal
53a72aed20f7420be8c12026,journal
53a7262c20f7420be8b6ad60,journal
555037b27cea80f9541963be,journal
555036f57cea80f954169e1f,journal
555037227cea80f95417540f,journal
555037ab7cea80f954195666,journal
539ff964831432abcb588d47,journal
53a72dfa20f7420be8c7a2e9,journal
53a72a8a20f7420be8c04ac5,journal
53a72fb120f7420be8cbc6d4,journal
53a7295f20f7420be8bd26f8,journal
53a72ec220f7420be8c99e17,journal
5390bb5020f70186a0f3f2a0,journal
53a7284b20f7420be8baedfe,journal
53a72cf120f7420be8c53d1a,journal
53a7256420f7420be8b4e0aa,journal
555036f97cea80f95416c1ef,journal
5390a73620f70186a0e8b3be,journal
555036bc7cea80f95414e744,journal
555037507cea80f95417f92e,journal
53a727c520f7420be8b9ba3d,journal
53a7314220f7420be8d310be,journal
539078ef20f770854f5a8472,journal
53e1811a20f7dfbc07e8b74c,journal
555036bb7cea80f95414db6a,journal
5550376d7cea80f9541873f1,journal
5550376e7cea80f95418742a,journal
557e1f19f6678c77ea2205d5,journal
555036f17cea80f954167a96,journal
555036ca7cea80f9541569a2,journal
555036c17cea80f9541516a1,journal
55f95850c35f4fb0d21ce2c6,journal
53909e0220f70186a0e29bbc,journal
5390995c20f70186a0e1411e,journal
53a7262a20f7420be8b6ad4f,journal
53a72bd720f7420be8c3283e,journal
55f96c5fc35f4fb0d21cf3dd,journal
5390a4f020f70186a0e76664,journal
53a7276820f7420be8b8d96a,journal
53a7270920f7420be8b89e06,journal
53e1882120f7dfbc07e8e646,journal
53909a0120f70186a0e1e6f7,journal
53e1833420f7dfbc07e8c581,journal
53e18c7520f7dfbc07e901c1,journal
53e18ac620f7dfbc07e8f753,journal
555036f67cea80f95416aa0e,journal
53a729ea20f7420be8beacba,journal
555036d27cea80f95415a4f2,journal
555037637cea80f954184e57,journal
53a72fce20f7420be8cc53a6,journal
555036d87cea80f95415ec20,journal
53a723d820f74fc8a8f33104,journal
555036da7cea80f9541603cc,journal
53a7285420f7420be8baee4e,journal
555036f37cea80f954169245,journal
53a7285120f7420be8baee2f,journal
555036d37cea80f95415b0d9,journal
5696998ab0b7fae0fc504827,journal
53a7239320f74fc8a8f32f06,journal
539ffa4b831432abcb5b5ef8,journal
53a72da820f7420be8c6da6d,journal
555037aa7cea80f9541955fc,journal
53a72a8920f7420be8c04abf,journal
5390bb5020f70186a0f3f2a1,journal
53a72ade20f7420be8c0fca9,journal
55f8d284c35f4f6dfd415d4b,journal
539099fc20f70186a0e1e6b5,journal
548267a3582fc50b5e32e6b5,journal
555036c27cea80f95415228e,journal
555036d27cea80f95415a4f4,journal
53e180d020f7dfbc07e8b56e,journal
53a72f6220f7420be8ca2068,journal
53a723e320f74fc8a8f3314e,journal
53e18d3f20f7dfbc07e906a6,journal
53a72c2120f7420be8c39f0b,journal
53e184a220f7dfbc07e8cf2d,journal
53e1833e20f7dfbc07e8c5cf,journal
53a7317120f7420be8d42a4c,journal
53a7298b20f7420be8bda8d9,journal
53a729e620f7420be8bea0e4,journal
53e17fa120f7dfbc07e8ae03,journal
555036e37cea80f954163f36,journal
555036e47cea80f954164b02,journal
5390a46f20f70186a0e738a8,journal
53a7257b20f7420be8b50431,journal
555036bb7cea80f95414e72d,journal
53a72d5720f7420be8c61d92,journal
53a002f0831432abcb742bb3,journal
53a72c0520f7420be8c37b47,journal
53a72a4320f7420be8bf8d8a,journal
555037997cea80f954191763,journal
53a72bf720f7420be8c357d9,journal
53e18ba020f7dfbc07e8fca7,journal
539ff927831432abcb57db4c,journal
5550370d7cea80f9541705bc,journal
555036ba7cea80f95414db59,journal
5736ae3ad39c4f40a797601b,journal
555036f67cea80f95416aa05,journal
539078f320f770854f5a8978,journal
53a72cc620f7420be8c4ea31,journal
53a7296520f7420be8bd32d2,journal
53a72b2c20f7420be8c1c5a3,journal
555036c27cea80f954152286,journal
53a72a8820f7420be8c04ab3,journal
555036f67cea80f95416aa1a,journal
53a732b720f7420be8dafef7,journal
5550374d7cea80f95417ecb0,journal
54824aed582fc50b5dff2949,journal
53a72ad920f7420be8c0e521,journal
555036f57cea80f954169e23,journal
53a726d020f7420be8b84ab9,journal
555037987cea80f95419171b,journal
53a7293e20f7420be8bcdfdf,journal
5550372d7cea80f9541786a8,journal
555036d27cea80f95415a4ef,journal
53909e7f20f70186a0e2ca0a,journal
53a72fdf20f7420be8cc8e58,journal
555036df7cea80f954162771,journal
5390a1fd20f70186a0e5dfdf,journal
53a723ad20f74fc8a8f32fcf,journal
555037b27cea80f9541963e9,journal
555036ce7cea80f954158d1a,journal
53e17f6020f7dfbc07e8ac83,journal
53a732d320f7420be8db8026,journal
53a72e0620f7420be8c7c642,journal
555037967cea80f954190ab6,journal
555036f27cea80f95416865c,journal
53a72ec720f7420be8c9a9e5,journal
53a731f220f7420be8d6d309,journal
53e1839c20f7dfbc07e8c823,journal
55f963edc35f4fb0d21cf106,journal
555037807cea80f95418a7f9,journal
5390893d20f70186a0d92249,journal
53e1853020f7dfbc07e8d2f2,journal
53a72e1520f7420be8c7e9a4,journal
53a72b1420f7420be8c18a88,journal
555036e77cea80f9541662b8,journal
5390ac8520f70186a0eb758b,journal
53a72b1320f7420be8c18a80,journal
5390a60e20f70186a0e80ee7,journal
555036e27cea80f954163f23,journal
5482618b582fc50b5e23e637,journal
53a72ebd20f7420be8c99246,journal
53a72ac820f7420be8c0d8eb,journal
53a72a2120f7420be8bf4667,journal
54825215582fc50b5e0560c8,journal
53a72c3f20f7420be8c3da31,journal
53a7279820f7420be8b94407,journal
555036f87cea80f95416b5f5,journal
53a72ebe20f7420be8c9924d,journal
53a723b120f74fc8a8f32fea,journal
555037717cea80f9541880ae,journal
539ff165831432abcb41034e,journal
555037117cea80f95417132b,journal
555037ae7cea80f9541962e6,journal
53a72dab20f7420be8c6da7e,journal
53a72f4620f7420be8c9d9a3,journal
555037657cea80f954184ecd,journal
53a732d920f7420be8db97a8,journal
53a72a9620f7420be8c06e32,journal
53a72a1420f7420be8bf22eb,journal
555037707cea80f954188091,journal
5390aa4a20f70186a0ea9d63,journal
555037bc7cea80f954197db1,journal
53a732d520f7420be8db8be0,journal
53a731c920f7420be8d61722,journal
539ff269831432abcb445177,journal
555036b97cea80f95414cf86,journal
5390977720f70186a0dfea53,journal
53e185aa20f7dfbc07e8d639,journal
5390aa3e20f70186a0ea9cd9,journal
54825a1f582fc50b5e13cfa8,journal
539545708314d630bc7dce86,journal
555036ce7cea80f954158d19,journal
53a72c2620f7420be8c3b683,journal
5736ae03d39c4f40a7973749,journal
539089b420f70186a0d976ac,journal
53a72ca020f7420be8c4a328,journal
53a7281a20f7420be8ba8f1f,journal
53a72c7320f7420be8c45bef,journal
555037617cea80f954184224,journal
555036e37cea80f954163f33,journal
53e182a120f7dfbc07e8c18d,journal
53a7312920f7420be8d283e2,journal
53e18c4b20f7dfbc07e900bf,journal
555037647cea80f954184ec9,journal
555036dc7cea80f954160fcf,journal
53a7293c20f7420be8bcd420,journal
53a7309520f7420be8cfc3e7,journal
555037a47cea80f9541948ed,journal
5736b298d39c4f40a799f31f,journal
555036f67cea80f95416a9fc,journal
53a7266520f7420be8b75298,journal
53a727fd20f7420be8ba4822,journal
5390a47920f70186a0e7392f,journal
53a725ac20f7420be8b556b9,journal
5550374c7cea80f95417ec70,journal
555036dc7cea80f954160fa4,journal
555036cf7cea80f954158d41,journal
555037877cea80f95418d7e8,journal
555036be7cea80f95414f330,journal
555036db7cea80f9541603d7,journal
53a7282920f7420be8bab294,journal
53907df320f770854f610657,journal
53a723de20f74fc8a8f33127,journal
53a7263e20f7420be8b6dcb1,journal
555037037cea80f95416df51,journal
55f8d165c35f4f6dfd415d08,journal
53a731ee20f7420be8d6c749,journal
53a7254d20f7420be8b4b173,journal
53a7282320f7420be8baa6be,journal
555036b67cea80f95414b7c0,journal
539ff2a7831432abcb4514da,journal
53a727c520f7420be8b9ba3f,journal
53a7269820f7420be8b7bd06,journal
555036fa7cea80f95416ce52,journal
53a72b1a20f7420be8c19664,journal
53a725d020f7420be8b5a979,journal
5390b03920f70186a0ed659b,journal
5736af38d39c4f40a79843b5,journal
548252bd582fc50b5e05ffa3,journal
53a72be020f7420be8c3342d,journal
53e18bdc20f7dfbc07e8fe15,journal
53a729c520f7420be8be2b17,journal
53a72ecd20f7420be8c9b5b2,journal
53e187be20f7dfbc07e8e3cb,journal
53a7288820f7420be8bb0731,journal
555036d07cea80f95415990a,journal
555036b87cea80f95414c3ad,journal
539ffefa831432abcb6b23a3,journal
54825a79582fc50b5e1493d8,journal
555037097cea80f95416f911,journal
54825ad4582fc50b5e155800,journal
53e17f7520f7dfbc07e8ad07,journal
555036c97cea80f954155dd7,journal
53a7308a20f7420be8cf94f9,journal
555036b97cea80f95414cf90,journal
555037be7cea80f954197e64,journal
572de199d39c4f49934b3d5c,journal
5550379f7cea80f954193046,journal
53a7279620f7420be8b93844,journal
555036f67cea80f95416aa04,journal
53a727f620f7420be8ba308c,journal
53a7266120f7420be8b746d9,journal
555037617cea80f95418422e,journal
5550376f7cea80f95418748e,journal
53a7318920f7420be8d4b719,journal
555036ba7cea80f95414db52,journal
53a7293020f7420be8bca4fd,journal
53a7304720f7420be8ce5832,journal
539099ca20f70186a0e1bc8e,journal
53a72b6c20f7420be8c25381,journal
53a7239920f74fc8a8f32f3f,journal
53a72f4620f7420be8c9d9a5,journal
555037797cea80f954189a92,journal
54824a01582fc50b5dfdc69c,journal
53a7266520f7420be8b75296,journal
55f96862c35f4fb0d21cf2ab,journal
555037487cea80f95417dfec,journal
5550378a7cea80f95418d8c1,journal
5550379e7cea80f954192fe9,journal
53a7252b20f7420be8b47659,journal
555037c77cea80f954198cb0,journal
53a7266620f7420be8b7529e,journal
555036d87cea80f95415ec23,journal
53a730ac20f7420be8d021cf,journal
555036c27cea80f95415228a,journal
539548268314d630bc800048,journal
53a7301020f7420be8cd55f9,journal
53a72c1920f7420be8c3931f,journal
53a72f5420f7420be8c9f14b,journal
5550371d7cea80f954174656,journal
555036df7cea80f954162765,journal
5390b07b20f70186a0ed8ee7,journal
53a7299120f7420be8bdb4b9,journal
53a72c0f20f7420be8c3872b,journal
53e17f7520f7dfbc07e8ad07,journal
555037187cea80f954172d7a,journal
53a726d420f7420be8b84adf,journal
555037717cea80f9541880cd,journal
5390b88c20f70186a0f2a801,journal
53a72e2f20f7420be8c847b7,journal
53a72cd220f7420be8c501e1,journal
555036cc7cea80f95415813a,journal
53a730e320f7420be8d123dc,journal
55f9ebe0c35f4fb0d21d142e,journal
5390b10b20f70186a0edbb05,journal
555036c37cea80f954152e73,journal
55f9572dc35f4fb0d21cdc03,journal
555037697cea80f954186741,journal
5736b2a4d39c4f40a799f918,journal
53a7322a20f7420be8d80fe5,journal
53a72bc620f7420be8c31073,journal
53a7305d20f7420be8cecd78,journal
5736b167d39c4f40a799bb0a,journal
555036f17cea80f954167a91,journal
555036d07cea80f9541598ff,journal
555037497cea80f95417e002,journal
555036db7cea80f9541603dc,journal
53a72b8420f7420be8c27732,journal
555037017cea80f95416d2e4,journal
5550372b7cea80f954177a20,journal
55f8d51fc35f4f6dfd415de4,journal
555036f97cea80f95416c1d4,journal
555036b77cea80f95414b7de,journal
555036d37cea80f95415b0ba,journal
53909e8020f70186a0e2ca12,journal
53907eea20f770854f615002,journal
555036c77cea80f954155205,journal
555036d07cea80f95415990b,journal
53a72f3a20f7420be8c9cd9e,journal
5390b88c20f70186a0f2a801,journal
555036d07cea80f954159902,journal
53a7262420f7420be8b695bf,journal
53a723ad20f74fc8a8f32fca,journal
555036c97cea80f954156994,journal
54824eb0582fc50b5e01d1aa,journal
5550376d7cea80f9541873e8,journal
53a72a2d20f7420be8bf5e26,journal
53a732d220f7420be8db801e,journal
53a723df20f74fc8a8f3312e,journal
53a72a4520f7420be8bf8d9b,journal
555036c07cea80f954151699,journal
555037c97cea80f9541998c7,journal
555036c27cea80f954152281,journal
53a727cb20f7420be8b9c619,journal
53908b3420f70186a0dba6b0,journal
555036f27cea80f954168660,journal
5736b06ad39c4f40a7991f14,journal
53909e8120f70186a0e2ca1b,journal
555036df7cea80f954162763,journal
53a7304c20f7420be8ce7b5c,journal
53a72f5e20f7420be8ca14a7,journal
555037337cea80f95417a04a,journal
53a7269720f7420be8b7bcff,journal
555036b67cea80f95414b7bf,journal
5550377a7cea80f954189adc,journal
555037567cea80f954182956,journal
555037797cea80f954189a6a,journal
555037617cea80f954184227,journal
53a723ae20f74fc8a8f32fd1,journal
53a72f5420f7420be8c9f14d,journal
53e17f8120f7dfbc07e8ad4c,journal
53a726cb20f7420be8b84a8f,journal
555037317cea80f95417942f,journal
53a72f6a20f7420be8ca66c8,journal
555036d17cea80f954159916,journal
5550378c7cea80f95418e530,journal
53a72f3b20f7420be8c9cda5,journal
53a731ff20f7420be8d70dc2,journal
53a725b320f7420be8b5627b,journal
53a7238320f74fc8a8f32e83,journal
53a723af20f74fc8a8f32fdf,journal
53a727d220f7420be8b9ddaf,journal
555037ae7cea80f9541962dd,journal
53a731e020f7420be8d680d5,journal
5875969c9ed5dba22293c4b2,journal
53a72f3320f7420be8c9cd61,journal
5550372f7cea80f954179320,journal
53a72bdc20f7420be8c33410,journal
53e1818620f7dfbc07e8ba1e,journal
555037ab7cea80f954195647,journal
53a726d320f7420be8b84ad1,journal
555036b87cea80f95414c3b0,journal
555036d97cea80f95415f7e9,journal
53a72cac20f7420be8c4c673,journal
53a72d4d20f7420be8c605f9,journal
55f95ab2c35f4fb0d21ce8ee,journal
53a72a2520f7420be8bf4687,journal
53a723b420f74fc8a8f33000,journal
53a724a920f7420be8b37357,journal
555036f07cea80f954167a7d,journal
53a7278220f7420be8b92051,journal
555036c27cea80f954152e4c,journal
5390981420f70186a0e0427a,journal
53a725e820f7420be8b5d8f2,journal
53a7239120f74fc8a8f32efb,journal
53a7239920f74fc8a8f32f38,journal
555037807cea80f95418a7fd,journal
53909e8120f70186a0e2ca1a,journal
53a728be20f7420be8bb71df,journal
555037177cea80f954172c9f,journal
555037527cea80f954180566,journal
5736ae3cd39c4f40a797615c,journal
53a7307d20f7420be8cf4e90,journal
555036ca7cea80f9541569a1,journal
555036d97cea80f95415f808,journal
555037647cea80f954184eb3,journal
53a7291320f7420be8bc2f3c,journal
548261ae582fc50b5e240dd1,journal
53a724d120f7420be8b3ba03,journal
555036f87cea80f95416b603,journal
555036e37cea80f954164af9,journal
53909e7b20f70186a0e2a2ed,journal
53a7301120f7420be8cd5602,journal
55f9843ec35f4fb0d21cf8ee,journal
53a72f5620f7420be8c9f15d,journal
555036f77cea80f95416b5e7,journal
555036d27cea80f95415a4e2,journal
5550376b7cea80f95418734d,journal
555037c57cea80f95419809e,journal
53a7315420f7420be8d391bd,journal
539feeb8831432abcb3912d4,journal
53a72fc620f7420be8cc3071,journal
53a731c520f7420be8d5ffab,journal
555037187cea80f954172d35,journal
53a7296120f7420be8bd2706,journal
55463c680cf2939c2fee6afd,journal
5550370d7cea80f9541705e9,journal
53a72ade20f7420be8c0fcab,journal
555037d67cea80f95419caa5,journal
53a727d420f7420be8b9ddbe,journal
53a7312a20f7420be8d28f9b,journal
53a72d9320f7420be8c6ab3a,journal
555036cf7cea80f954158d3c,journal
555036b87cea80f95414c39f,journal
593a046d9ed5db23ccac07af,journal
539078ef20f770854f5a844b,journal
55f8deb7c35f4f6dfd415ff0,journal
553a796e0cf288c3e227433d,journal
53907b7720f770854f5eabd8,journal
555036b67cea80f95414b7c3,journal
53a731f820f7420be8d6f640,journal
55f8c5a2c35f4f6dfd415975,journal
55f8c90ec35f4f6dfd415aaa,journal
53a72e4b20f7420be8c87727,journal
55f8c206c35f4f6dfd4157c2,journal
5390985c20f70186a0e06e24,journal
55f8d230c35f4f6dfd415d36,journal
53a7296920f7420be8bd3e9c,journal
555036f77cea80f95416b5e6,journal
55f8da91c35f4f6dfd415f2a,journal
55f96b06c35f4fb0d21cf37b,journal
5736aae6d39c4f40a7947fff,journal
5736aaf7d39c4f40a7948465,journal
58d87baa9ed5db79c99c0e55,journal
592539eb9ed5db8c189e024a,journal
58a156689ed5dbf2362ff030,journal
53e1815b20f7dfbc07e8b8e9,conference
53a730a620f7420be8d00a51,conference
555036f37cea80f95416924b,conference
555036dd7cea80f954161b94,conference
53e1851520f7dfbc07e8d228,conference
53a7326c20f7420be8d9588a,conference
53a7306120f7420be8ced937,conference
53a731e220f7420be8d68c8f,conference
57d0879d0a3ac5db49914281,conference
53a72dbe20f7420be8c72ca2,conference
5736ac8cd39c4f40a795b13e,conference
572dd8ddd39c4f49934859f5,conference
5736ac05d39c4f40a7953a30,conference
5736ad5fd39c4f40a7968fbf,conference
54824c96582fc50b5e00b6a4,conference
5736ae3ad39c4f40a7976010,conference
53a731b220f7420be8d58a5d,conference
53a7320c20f7420be8d76b91,conference
53a7319e20f7420be8d53826,conference
5736ae01d39c4f40a797354b,conference
5736ae3ad39c4f40a7976060,conference
572dd136d39c4f4993451fdb,conference
5736abacd39c4f40a794f45a,conference
53e1877420f7dfbc07e8e1df,conference
5390795620f770854f5b8d09,conference
555036d17cea80f95415a4d7,conference
53e1818720f7dfbc07e8ba26,conference
5736ab05d39c4f40a7948978,conference
53a72fbd20f7420be8cc0183,conference
53a7321820f7420be8d79a92,conference
53a72adc20f7420be8c0f0e5,conference
57d08a7d0a3ac5db49920b02,conference
53a730f520f7420be8d175f9,conference
53907aaa20f770854f5da24d,conference
555036b97cea80f95414cf7b,conference
53a7318e20f7420be8d4ce95,conference
539e7a538314ff4cf4bd2168,conference
5390ac8320f70186a0eb7583,conference
53a72fcc20f7420be8cc47ec,conference
569a1db1b0b7fae0fc504d34,conference
5736ae3ad39c4f40a797600a,conference
555036c07cea80f954151693,conference
539078ef20f770854f5a84a4,conference
53a7269720f7420be8b7bd01,conference
555036c87cea80f954155dc0,conference
53a0033c831432abcb746606,conference
555036e07cea80f954163349,conference
53a7324320f7420be8d890f8,conference
555036b37cea80f954149ff1,conference
555036e37cea80f954164afa,conference
54824cc8582fc50b5e00de7f,conference
53a7307320f7420be8cf1f9f,conference
53e1822820f7dfbc07e8be67,conference
53e180a920f7dfbc07e8b47a,conference
555036db7cea80f9541603e9,conference
53a7305a20f7420be8cec1bb,conference
53e1860520f7dfbc07e8d8a3,conference
53907a6420f770854f5d2212,conference
5af19a85530c709c950d8b67,conference
555036c77cea80f954155206,conference
53a7317520f7420be8d441c4,conference
5736ae3ad39c4f40a797601c,conference
53a725ac20f7420be8b556b2,conference
53a7320020f7420be8d70dc5,conference
539078f620f770854f5ab179,conference
539078f320f770854f5a8929,conference
53a72fb020f7420be8cbc6d3,conference
555036f17cea80f954167a87,conference
53a731f620f7420be8d6ea83,conference
53a7269720f7420be8b7bd02,conference
53a7324e20f7420be8d8cba4,conference
539ffba2831432abcb5eeb7f,conference
53a72aca20f7420be8c0d8fb,conference
5736ad96d39c4f40a796c5f9,conference
53e187ee20f7dfbc07e8e504,conference
555036f27cea80f954168676,conference
53e1834a20f7dfbc07e8c61e,conference
555036f87cea80f95416b605,conference
53a7313020f7420be8d2b2cd,conference
555036e07cea80f95416334d,conference
53a731ff20f7420be8d70dc4,conference
555036f77cea80f95416b5e8,conference
53e1825d20f7dfbc07e8bfc5,conference
53a7270b20f7420be8b89e13,conference
53a72a3920f7420be8bf75ea,conference
555036da7cea80f9541603ca,conference
53a731a720f7420be8d5671b,conference
53a7293f20f7420be8bcdfeb,conference
53a7294820f7420be8bcebdc,conference
53a72b6a20f7420be8c25373,conference
539078ef20f770854f5a842d,conference
539e7cc58314ff4cf4c5d492,conference
539e759d8314ff4cf4aa0d30,conference
53a7316520f7420be8d3ef9e,conference
53a7266520f7420be8b75295,conference
53a727af20f7420be8b97f2d,conference
53907b4f20f770854f5e7e87,conference
5550372e7cea80f9541792a7,conference
555036c57cea80f954154614,conference
53a7320220f7420be8d7197f,conference
54825a08582fc50b5e13a854,conference
53a732c820f7420be8db5cda,conference
53a727d320f7420be8b9ddbb,conference
53a72c5920f7420be8c42ca7,conference
53907b0d20f770854f5e2731,conference
53909ed520f70186a0e31cc4,conference
555036df7cea80f954162775,conference
53a72c9520f7420be8c48b7e,conference
5736ad89d39c4f40a796bab0,conference
53e1868120f7dfbc07e8dba5,conference
555036f17cea80f954167a99,conference
53a72c4020f7420be8c3da37,conference
555036c87cea80f954155dcc,conference
53e1808f20f7dfbc07e8b3ef,conference
53a7295920f7420be8bd1b19,conference
555036da7cea80f9541603cb,conference
53907e7620f770854f611920,conference
53a72c0020f7420be8c36f7b,conference
53a72f7420f7420be8caa179,conference
5736ad7ed39c4f40a796b317,conference
53a7316520f7420be8d3ef9e,conference
53909ed520f70186a0e31cc4,conference
555036f67cea80f95416a9f3,conference
555036e27cea80f954163f18,conference
53a7283d20f7420be8baca8f,conference
53a72f9220f7420be8cb2e4b,conference
53a727fe20f7420be8ba4825,conference
555036b57cea80f95414abeb,conference
555036f97cea80f95416c1e9,conference
555036db7cea80f9541603d4,conference
53a725fe20f7420be8b61fbf,conference
53a7293020f7420be8bca4fd,conference
53a7262220f7420be8b695b2,conference
53a7316020f7420be8d3cc71,conference
555036b97cea80f95414cf7e,conference
555036b77cea80f95414b7c9,conference
539078f320f770854f5a88ec,conference
5736aef1d39c4f40a7980579,conference
555036e07cea80f95416334f,conference
555036cb7cea80f954157572,conference
55f8cbf4c35f4f6dfd415b9b,conference
53a72b8620f7420be8c282f2,conference
53a7255b20f7420be8b4c919,conference
53a72bfd20f7420be8c363b5,conference
53a725bd20f7420be8b57a29,conference
53a726f420f7420be8b87a7c,conference
555036dd7cea80f954161b93,conference
53a7308020f7420be8cf5a4d,conference
539e7ba38314ff4cf4c16779,conference
555037b77cea80f9541970b6,conference
53907e3020f770854f610f8a,conference
555036e27cea80f954163f17,conference
539078ee20f770854f5a83f7,conference
53a72cd820f7420be8c50dc0,conference
555036e77cea80f9541662c7,conference
53a7278520f7420be8b9206a,conference
539e72148314ff4cf4994374,conference
5736ad0ad39c4f40a79640a1,conference
53e187e120f7dfbc07e8e4b8,conference
539078f020f770854f5a8622,conference
53a732b420f7420be8daf334,conference
53a72b2d20f7420be8c1c5a8,conference
53a72acc20f7420be8c0d906,conference
53a00345831432abcb74930f,conference
53a728ec20f7420be8bbdc4d,conference
53a72a8a20f7420be8c04ac3,conference
539fef88831432abcb3b7535,conference
5390887120f70186a0d8ebb4,conference
555036f47cea80f954169256,conference
53a72e8020f7420be8c8f8fc,conference
539e78288314ff4cf4b6430e,conference
53a730cb20f7420be8d0ae9d,conference
53a72e5020f7420be8c87743,conference
555036cb7cea80f954157569,conference
54825d88582fc50b5e1b03ee,conference
53a72aed20f7420be8c12027,conference
539078f520f770854f5ab130,conference
555036c17cea80f9541516a4,conference
54824fa4582fc50b5e02e699,conference
5ab100cd5cd006365435d238,conference
53a72acc20f7420be8c0d90e,conference
539078ef20f770854f5a849b,conference
53908b3420f70186a0dba6ac,conference
53a730ad20f7420be8d021d2,conference
555037ca7cea80f954199926,conference
555036b87cea80f95414c3c0,conference
53a729ec20f7420be8beacca,conference
53a72cb320f7420be8c4d250,conference
555037987cea80f954191711,conference
53a7264620f7420be8b6f44f,conference
539078f220f770854f5a87ec,conference
555036d27cea80f95415a4eb,conference
553bf54b0cf2b2c73cb048fd,conference
53a7326920f7420be8d94cc9,conference
53a7304f20f7420be8ce8718,conference
53a72f3220f7420be8c9cd5a,conference
539078f320f770854f5a88dd,conference
5390797720f770854f5bba15,conference
53a7280620f7420be8ba5fc3,conference
53a72dbe20f7420be8c72ca3,conference
53a72eca20f7420be8c9b5a3,conference
539078ef20f770854f5a84c2,conference
53a72a0820f7420be8bedc69,conference
53a728bc20f7420be8bb71d1,conference
53a72a5c20f7420be8bfe023,conference
53a72f3720f7420be8c9cd87,conference
5390790520f770854f5ae060,conference
555036bb7cea80f95414db63,conference
53a72b4a20f7420be8c200e3,conference
555036ba7cea80f95414db53,conference
53a7261320f7420be8b6667c,conference
555036e77cea80f9541662c4,conference
53a72ac520f7420be8c0cd21,conference
555036cf7cea80f954158d33,conference
53a72e9c20f7420be8c94b6e,conference
5390794620f770854f5b63d6,conference
53e1886d20f7dfbc07e8e83f,conference
53a72f6320f7420be8ca2c23,conference
55f8deb7c35f4f6dfd415ff0,conference
5390795220f770854f5b65b4,conference
53a7260c20f7420be8b65aa5,conference
5390791520f770854f5b0cd4,conference
555036c47cea80f954153a49,conference
555036bf7cea80f954150ac8,conference
55f8c6f1c35f4f6dfd4159fc,conference
539078f620f770854f5ab21a,conference
53a72f4520f7420be8c9d99b,conference
53a7290320f7420be8bc176b,conference
53a731a720f7420be8d5671a,conference
53a727ac20f7420be8b97f18,conference
53a728a120f7420be8bb4253,conference
5390790d20f770854f5b0a15,conference
53a7327220f7420be8d97bbb,conference
53e1822d20f7dfbc07e8be8b,conference
53a72f7320f7420be8ca95bb,conference
555036bd7cea80f95414f313,conference
555037ab7cea80f95419563a,conference
53a7290f20f7420be8bc2f1e,conference
53a72f4120f7420be8c9d97f,conference
5390995a20f70186a0e140f7,conference
555037827cea80f95418b41d,conference
53a7325f20f7420be8d92988,conference
539e775f8314ff4cf4b33592,conference
53a730a620f7420be8d00a52,conference
5736b00dd39c4f40a798df58,conference
55f95706c35f4fb0d21cda38,conference
5550371d7cea80f954174685,conference
555036f37cea80f954168678,conference
555036c17cea80f9541516a9,conference
539ff4dd831432abcb4af0fc,conference
53a72f3420f7420be8c9cd6a,conference
53a7252120f7420be8b46a93,conference
555036d17cea80f954159914,conference
555036b97cea80f95414cf92,conference
53a72f3420f7420be8c9cd69,conference
53a7285420f7420be8baee47,conference
5736b296d39c4f40a799f254,conference
53e1867420f7dfbc07e8db57,conference
53e189cc20f7dfbc07e8f11d,conference
5390796c20f770854f5b91a3,conference
53a72f3a20f7420be8c9cd9b,conference
54824fb3582fc50b5e02e6de,conference
5736b00dd39c4f40a798df75,conference
555037cc7cea80f95419a51f,conference
555037a27cea80f954193c93,conference
539e78278314ff4cf4b6430c,conference
53a7329a20f7420be8da4ef6,conference
53a727fd20f7420be8ba4820,conference
54825265582fc50b5e05b01e,conference
53a7299820f7420be8bdc092,conference
555036f07cea80f954167a85,conference
53a7280520f7420be8ba5fb8,conference
53a72d8920f7420be8c693a2,conference
53e17f5e20f7dfbc07e8ac78,conference
54825e28582fc50b5e1bf04a,conference
53a725f120f7420be8b5e4e8,conference
53907dad20f770854f60d3c0,conference
53a7321620f7420be8d78ece,conference
555037287cea80f954177914,conference
5390796720f770854f5b90b7,conference
5390797520f770854f5bb9c2,conference
555037047cea80f95416df88,conference
53a727c320f7420be8b9ba2f,conference
555037c57cea80f9541980b5,conference
53a72fc720f7420be8cc3074,conference
53a72a9620f7420be8c06e2d,conference
53a731f720f7420be8d6ea87,conference
539e79a78314ff4cf4bafe53,conference
53a72a3c20f7420be8bf75f5,conference
5550378a7cea80f95418d8bf,conference
53a7261020f7420be8b66671,conference
53907daa20f770854f60d337,conference
53a731f220f7420be8d6d30a,conference
53a732ba20f7420be8db0ab7,conference
555036cc7cea80f95415814a,conference
53a72ca420f7420be8c4aef0,conference
539079db20f770854f5c6cd1,conference
53a726f420f7420be8b87a79,conference
53e1839520f7dfbc07e8c7fc,conference
53908cfb20f70186a0dcfdcd,conference
5390ba3e20f70186a0f375d0,conference
54825226582fc50b5e05610e,conference
555036b37cea80f954149ffa,conference
5482641a582fc50b5e2a0615,conference
53a72bac20f7420be8c2d5a9,conference
53a731cd20f7420be8d62e99,conference
53a7313020f7420be8d2b2cc,conference
53a72a1f20f7420be8bf4658,conference
53a72d1f20f7420be8c5a757,conference
53a7283420f7420be8babe97,conference
53a728b120f7420be8bb5a2b,conference
56991f39b0b7fae0fc504ac7,conference
53a728ef20f7420be8bbe814,conference
555037777cea80f954188e3f,conference
53a7284420f7420be8bae221,conference
53a729e720f7420be8bea0ed,conference
54825d85582fc50b5e1adcda,conference
555036e27cea80f954163f1a,conference
555037937cea80f95418fe2d,conference
53a72ea720f7420be8c9630e,conference
555036c37cea80f954152e61,conference
55f95a53c35f4fb0d21ce847,conference
5736ae40d39c4f40a79762f8,conference
53a72acc20f7420be8c0d908,conference
5482517d582fc50b5e0426de,conference
53907a2620f770854f5cef7b,conference
53e18cb620f7dfbc07e90338,conference
53a72dd420f7420be8c75034,conference
53a7307020f7420be8cf13e2,conference
53a72ab520f7420be8c0b54c,conference
53907a4b20f770854f5d1d26,conference
5736af83d39c4f40a798942b,conference
555036e07cea80f954163350,conference
53a72a4920f7420be8bfa51b,conference
53a7285220f7420be8baee38,conference
53a730f220f7420be8d16a3a,conference
53a727a620f7420be8b96781,conference
53a7293020f7420be8bca4fd,conference
53907a2b20f770854f5cf01c,conference
539ff240831432abcb43cb6f,conference
539e773a8314ff4cf4b2c05a,conference
53a72b7b20f7420be8c26b45,conference
555037837cea80f95418b43e,conference
555036b77cea80f95414b7dc,conference
53a724ff20f7420be8b423cb,conference
555036bc7cea80f95414e748,conference
555036f27cea80f954168661,conference
53a730db20f7420be8d10c65,conference
53a7284b20f7420be8baedfc,conference
53a72d1920f7420be8c59b84,conference
53a72ded20f7420be8c78b2f,conference
555037bc7cea80f954197db4,conference
53a7315b20f7420be8d3b4f2,conference
5550376a7cea80f954186771,conference
53a7327720f7420be8d99eec,conference
555036d97cea80f95415f7f9,conference
53a728bc20f7420be8bb71d3,conference
539089f820f70186a0d9c85a,conference
53a72f9320f7420be8cb3a04,conference
53a7262a20f7420be8b6ad53,conference
53a72f3d20f7420be8c9d95e,conference
53908ed120f70186a0dd7c67,conference
53a7326920f7420be8d94cca,conference
53a7291520f7420be8bc2f4f,conference
53e17f7120f7dfbc07e8acea,conference
555037287cea80f95417791c,conference
53a72d3520f7420be8c5e252,conference
53a72a1c20f7420be8bf3a8a,conference
53908a1620f70186a0d9cc73,conference
555037a17cea80f954193c6e,conference
539089e720f70186a0d9c5c3,conference
54825a20582fc50b5e13cfac,conference
53a7314220f7420be8d310bf,conference
53a727e020f7420be8ba0122,conference
5390884020f70186a0d8e66c,conference
555036e47cea80f954164b0c,conference
555036ce7cea80f954158d1b,conference
555036c97cea80f954156992,conference
53a724af20f7420be8b37385,conference
53a7275d20f7420be8b8cd68,conference
53a72a1720f7420be8bf2eb7,conference
548253b7582fc50b5e07d6fd,conference
53a72b0620f7420be8c15b57,conference
539078f220f770854f5a87f7,conference
53907a7a20f770854f5d4b90,conference
555036e17cea80f954163359,conference
555036b97cea80f95414cf81,conference
53a728e520f7420be8bbc4bb,conference
5482604c582fc50b5e2061e5,conference
53a72b6020f7420be8c24789,conference
53e186d020f7dfbc07e8ddb0,conference
555036c07cea80f954151692,conference
53e183fa20f7dfbc07e8caaa,conference
53a723e520f74fc8a8f33157,conference
53907abf20f770854f5dcbe1,conference
53a72ab020f7420be8c0a970,conference
53a729c720f7420be8be2b27,conference
53a72cc420f7420be8c4ea1f,conference
555036e67cea80f9541656f9,conference
53907e8820f770854f611b48,conference
5550371b7cea80f954173a54,conference
555036c87cea80f954155dc5,conference
53e182d320f7dfbc07e8c2dc,conference
53a7263720f7420be8b6c51a,conference
53a7307020f7420be8cf13e1,conference
539ff8a6831432abcb56c958,conference
53e1818720f7dfbc07e8ba26,conference
53a7282420f7420be8baa6c2,conference
53907af020f770854f5dfc43,conference
555037607cea80f954183657,conference
53a72d0520f7420be8c56c50,conference
539ff666831432abcb4f55bc,conference
53a72b5920f7420be8c23003,conference
555036cd7cea80f95415815d,conference
53a7252d20f7420be8b4766b,conference
53a7295720f7420be8bd0f55,conference
53a72ba120f7420be8c2be0e,conference
53907b0220f770854f5e2538,conference
5550379f7cea80f954193022,conference
53907af620f770854f5dfd01,conference
53909e7b20f70186a0e2a2e8,conference
53a7253820f7420be8b4823b,conference
5390797220f770854f5bb951,conference
5736ac7ed39c4f40a795a10c,conference
555036f97cea80f95416c1f6,conference
53907d0c20f770854f608eb7,conference
5390794120f770854f5b62b6,conference
5482622e582fc50b5e24abd6,conference
53a72bec20f7420be8c34038,conference
5390885420f70186a0d8e898,conference
54824cc5582fc50b5e00de74,conference
53a72a1a20f7420be8bf2ec8,conference
53907ba420f770854f5efef3,conference
555036c67cea80f954154632,conference
53a72dee20f7420be8c78b34,conference
53e17f6f20f7dfbc07e8acda,conference
555037947cea80f954190a5d,conference
555036da7cea80f9541603ce,conference
53a726d020f7420be8b84aba,conference
555037587cea80f954183540,conference
53a7315020f7420be8d385f9,conference
5736acded39c4f40a7961095,conference
555036f47cea80f954169258,conference
555037467cea80f95417df2e,conference
53e1891a20f7dfbc07e8ec88,conference
53a7260d20f7420be8b65aa7,conference
555037a07cea80f954193051,conference
548263b1582fc50b5e28f3dc,conference
539078f520f770854f5ab12f,conference
53a72b2220f7420be8c1adfd,conference
53a72ecc20f7420be8c9b5b0,conference
53a72a7e20f7420be8c0330d,conference
555037207cea80f954175384,conference
555036be7cea80f95414ff00,conference
53a72d6120f7420be8c6352f,conference
53e17f7620f7dfbc07e8ad0b,conference
53a726bb20f7420be8b7f846,conference
555036c07cea80f95415169b,conference
53a7325620f7420be8d8fa98,conference
53a726ec20f7420be8b862ed,conference
5550372b7cea80f95417861a,conference
53a7285620f7420be8baee5d,conference
555036b67cea80f95414b7b8,conference
53a72d1820f7420be8c59b80,conference
555037627cea80f954184e33,conference
555036dc7cea80f954160fb8,conference
53a7309520f7420be8cfc3e7,conference
555037207cea80f9541747a2,conference
53a7271520f7420be8b8b5ba,conference
53a7266220f7420be8b746da,conference
53a7313f20f7420be8d30501,conference
55f8c62cc35f4f6dfd4159af,conference
53a72d4220f7420be8c5fa02,conference
53a72e9920f7420be8c93fac,conference
53a727a920f7420be8b9734b,conference
55f8e082c35f4f6dfd416033,conference
555036e57cea80f9541656e0,conference
5390986b20f70186a0e095d1,conference
53a72c3720f7420be8c3ce4f,conference
555036f97cea80f95416c1ec,conference
555036f27cea80f954168658,conference
53a72e3b20f7420be8c85f5b,conference
53a72e4e20f7420be8c87735,conference
53a7328e20f7420be8da1ffd,conference
555036e47cea80f954164b07,conference
53a72b9320f7420be8c29aaa,conference
539078f220f770854f5a882f,conference
539e76a48314ff4cf4b02813,conference
539e78278314ff4cf4b6430b,conference
5395455c8314d630bc7dce23,conference
53a7262220f7420be8b695b1,conference
54825db9582fc50b5e1b2bba,conference
53e1851620f7dfbc07e8d229,conference
555036f07cea80f954166ec2,conference
555036f27cea80f95416866f,conference
53a7283920f7420be8baca71,conference
555036bc7cea80f95414e747,conference
555036be7cea80f95414fef8,conference
53e1857920f7dfbc07e8d4ff,conference
53a72e3320f7420be8c85382,conference
53a72dad20f7420be8c6e63a,conference
555036be7cea80f95414f331,conference
53a72d7620f7420be8c6646b,conference
53a72aa020f7420be8c085df,conference
53a7262a20f7420be8b6ad54,conference
53a72a0820f7420be8bedc68,conference
555036ef7cea80f954166e9b,conference
5577e955f6678b157b98bf14,conference
555036e57cea80f9541656e9,conference
53e188d220f7dfbc07e8eacd,conference
53a7298b20f7420be8bda8da,conference
5550372a7cea80f954177a10,conference
555037887cea80f95418d835,conference
539ffa35831432abcb5b0bb7,conference
555037277cea80f954176d58,conference
53e18c2b20f7dfbc07e90000,conference
555036dd7cea80f954161b91,conference
555036ef7cea80f954166ea8,conference
555037577cea80f954182978,conference
53a732ad20f7420be8dad000,conference
555036b77cea80f95414b7ca,conference
53e1892620f7dfbc07e8ecd6,conference
5390893d20f70186a0d9224a,conference
53a725f820f7420be8b613da,conference
53a72d0420f7420be8c56c49,conference
53a72ded20f7420be8c78b2e,conference
555036df7cea80f954162776,conference
53a72f4820f7420be8c9d9b2,conference
53a72ad220f7420be8c0d93a,conference
53a72e7620f7420be8c8ed07,conference
555036f07cea80f954166ec3,conference
53a7289d20f7420be8bb3683,conference
539ff23e831432abcb43c916,conference
53a72a9d20f7420be8c07a1a,conference
555036c47cea80f954153a30,conference
555036f37cea80f954169244,conference
53907c2e20f770854f601bc2,conference
555036c47cea80f954153a37,conference
53a72d9b20f7420be8c6c2be,conference
53a727d520f7420be8b9ddc9,conference
555036d27cea80f95415a4ea,conference
53e17f6020f7dfbc07e8ac81,conference
5736ae03d39c4f40a797374a,conference
53a727e020f7420be8ba0120,conference
53a724a620f7420be8b36796,conference
539078f120f770854f5a87b6,conference
53a72c8e20f7420be8c47fa4,conference
53a72d2120f7420be8c5a765,conference
555037607cea80f954183648,conference
555036d37cea80f95415b0b8,conference
555036b97cea80f95414cf83,conference
53907bed20f770854f5fa1c9,conference
53a732bc20f7420be8db1674,conference
555037387cea80f95417ad5a,conference
53a72def20f7420be8c78b3d,conference
5550377c7cea80f954189b30,conference
555036d97cea80f95415f7fa,conference
53a72dad20f7420be8c6e63a,conference
555037bc7cea80f954197dae,conference
53a726c920f7420be8b84a82,conference
555037257cea80f9541760d3,conference
555036de7cea80f954161ba1,conference
53a729f520f7420be8beb8bf,conference
53a72d4220f7420be8c5fa02,conference
53e184b420f7dfbc07e8cf90,conference
5550376d7cea80f9541873d5,conference
555036ba7cea80f95414db57,conference
53a730fc20f7420be8d18d70,conference
555036d27cea80f95415a4d9,conference
555036fa7cea80f95416ce2c,conference
555036cf7cea80f954158d39,conference
53907f2b20f770854f6158f0,conference
53a7318e20f7420be8d4ce93,conference
53e188a820f7dfbc07e8e9cd,conference
53a7317720f7420be8d44d80,conference
53a7279120f7420be8b9381d,conference
555037707cea80f95418809c,conference
53a72e3120f7420be8c847c3,conference
53a726b920f7420be8b7f83b,conference
53a72ff720f7420be8cd03a8,conference
5550374a7cea80f95417ebd5,conference
5736b064d39c4f40a799195a,conference
539ffa8b831432abcb5c0cba,conference
555036f97cea80f95416c1ea,conference
53a732aa20f7420be8dac441,conference
555037407cea80f95417c679,conference
5550372c7cea80f954178633,conference
53a72f9b20f7420be8cb68ef,conference
555036b77cea80f95414b7e5,conference
53a7263a20f7420be8b6d0e5,conference
53a7256120f7420be8b4d4eb,conference
53a7295220f7420be8bd037a,conference
555036c47cea80f954153a2f,conference
53a72b3420f7420be8c1d18d,conference
53e187ff20f7dfbc07e8e579,conference
555036ef7cea80f954166ea1,conference
53a7319920f7420be8d52c5e,conference
53a7289720f7420be8bb2ab0,conference
5390790620f770854f5ae0b8,conference
555037d67cea80f95419bec3,conference
555036b77cea80f95414b7d2,conference
555036bf7cea80f954150ac0,conference
555036e77cea80f9541662c6,conference
5550378f7cea80f95418f1c0,conference
555036bd7cea80f95414f329,conference
539547aa8314d630bc7f8956,conference
53a72e3120f7420be8c847c5,conference
53a72ae620f7420be8c10892,conference
54825d82582fc50b5e1adcd4,conference
555037607cea80f954183622,conference
555036c67cea80f954154627,conference
53a72aec20f7420be8c1201c,conference
53a7313920f7420be8d2e1c4,conference
53a727ba20f7420be8b9a28c,conference
53a72d3120f7420be8c5d68f,conference
53e1894a20f7dfbc07e8edcb,conference
53a7281720f7420be8ba8355,conference
53908b4820f70186a0dba79d,conference
555036f27cea80f954168667,conference
53908b4620f70186a0dba77a,conference
53a7300320f7420be8cd3e55,conference
53a724e120f7420be8b3d1a6,conference
53a72ab320f7420be8c0a98a,conference
53a732a120f7420be8da8999,conference
53a72a3f20f7420be8bf81bf,conference
53a7286420f7420be8baeecf,conference
555036cc7cea80f954158140,conference
53a7319b20f7420be8d52c66,conference
53a724fc20f7420be8b423bd,conference
555037807cea80f95418a7fb,conference
53a72f4220f7420be8c9d985,conference
555037a97cea80f9541955c0,conference
53a72b2c20f7420be8c1c59f,conference
53a72f4720f7420be8c9d9af,conference
53a72fb220f7420be8cbd28d,conference
55f8d50fc35f4f6dfd415dde,conference
555036ca7cea80f954157560,conference
53a7290020f7420be8bc0ba4,conference
53a724fe20f7420be8b423c7,conference
53a72eb620f7420be8c98670,conference
53a7294620f7420be8bcebd2,conference
5390957c20f70186a0dede29,conference
5390960720f70186a0df3582,conference
53907a6220f770854f5d21e4,conference
555037447cea80f95417dec9,conference
53908b7320f70186a0dbf6ad,conference
53908b4220f70186a0dba751,conference
5550374f7cea80f95417f8e1,conference
53a727a920f7420be8b9734a,conference
53a729e420f7420be8be9520,conference
555037a27cea80f954193ca9,conference
57d08ab90a3ac5db499223b1,conference
53a727db20f7420be8b9e99a,conference
53a728a720f7420be8bb427c,conference
53a728b920f7420be8bb6609,conference
555037297cea80f9541779b3,conference
53a726ca20f7420be8b84a8c,conference
53a72dc620f7420be8c7387a,conference
53a7312020f7420be8d24940,conference
53e1802920f7dfbc07e8b161,conference
555037ab7cea80f95419563c,conference
53a72dad20f7420be8c6e63a,conference
53a72acc20f7420be8c0d90d,conference
5390955520f70186a0deb4b7,conference
53a72aff20f7420be8c14f79,conference
53a72b2c20f7420be8c1c5a4,conference
572dd9f7d39c4f499348ba05,conference
555036db7cea80f9541603dd,conference
555036f87cea80f95416c1c0,conference
53a726f620f7420be8b87a8e,conference
53a72d1220f7420be8c58fa9,conference
548259f6582fc50b5e138119,conference
53a7263520f7420be8b6c507,conference
53a726d320f7420be8b84ad2,conference
555037b17cea80f954196395,conference
53a72b0920f7420be8c16721,conference
555037bb7cea80f954197d71,conference
53e17fb020f7dfbc07e8ae6a,conference
57d08b550a3ac5db4992602b,conference
539e795b8314ff4cf4b9ecc7,conference
5736ac91d39c4f40a795b5f7,conference
555036f97cea80f95416c1fd,conference
555037d37cea80f95419be0e,conference
53a728ae20f7420be8bb5a16,conference
555037247cea80f9541760a0,conference
555037427cea80f95417d2dd,conference
555037287cea80f95417793e,conference
5390894a20f70186a0d94962,conference
53a729c020f7420be8be07dd,conference
555037097cea80f95416f8c3,conference
53a7300320f7420be8cd3e55,conference
5550372e7cea80f9541792cb,conference
53a72bd520f7420be8c32832,conference
555037907cea80f95418f1d6,conference
53a7313920f7420be8d2e1c3,conference
555036f27cea80f95416865d,conference
53a7299820f7420be8bdc08e,conference
53a7315320f7420be8d391b7,conference
54825219582fc50b5e0560db,conference
53a72ad920f7420be8c0e521,conference
53a7271520f7420be8b8b5bb,conference
53a002f5831432abcb742cff,conference
53a72c1f20f7420be8c39eff,conference
53907b7720f770854f5eabd8,conference
53e1855720f7dfbc07e8d403,conference
5390966520f70186a0df62d2,conference
5390891020f70186a0d92217,conference
555036bc7cea80f95414e74c,conference
555037cd7cea80f95419a56b,conference
53a72d1d20f7420be8c5a753,conference
53e1811020f7dfbc07e8b6fe,conference
555037167cea80f954172c3d,conference
53a72e2020f7420be8c80142,conference
555036d97cea80f95415f7e7,conference
539078f220f770854f5a8863,conference
53a7287f20f7420be8bafb47,conference
555036b57cea80f95414abee,conference
555037a97cea80f9541955aa,conference
53a72f4320f7420be8c9d98e,conference
555037717cea80f9541880b1,conference
53a72ca020f7420be8c4a32c,conference
5736ae3ad39c4f40a7976014,conference
53a72fea20f7420be8ccc8fa,conference
53e17f7f20f7dfbc07e8ad44,conference
5736b087d39c4f40a79929e3,conference
555036b57cea80f95414abdd,conference
53a7325720f7420be8d8fa9b,conference
53a72d7220f7420be8c66451,conference
53908b3420f70186a0dba6ab,conference
555037d17cea80f95419bd87,conference
53a72d5520f7420be8c61d8b,conference
53a72de320f7420be8c77f48,conference
555036c57cea80f954154616,conference
53a72ea420f7420be8c95748,conference
53a7237120f74fc8a8f32dfc,conference
53a7256420f7420be8b4e0aa,conference
5736ae3ad39c4f40a797600e,conference
53a72f4320f7420be8c9d98c,conference
555036c67cea80f954154635,conference
555036f87cea80f95416b5ff,conference
539ff5d7831432abcb4de1a9,conference
555036c37cea80f954152e5a,conference
555036f57cea80f954169e2d,conference
53a7322320f7420be8d7e0fb,conference
53a72f5520f7420be8c9f158,conference
53a7293720f7420be8bcc846,conference
53a72a2720f7420be8bf5248,conference
555036f97cea80f95416c1d5,conference
53909c0c20f70186a0e2564e,conference
53e187cc20f7dfbc07e8e425,conference
555036f57cea80f954169e24,conference
53a72fa620f7420be8cb8c2a,conference
53a72afc20f7420be8c143ae,conference
555037b77cea80f9541970d8,conference
5390985220f70186a0e06d7d,conference
539e75918314ff4cf4a9bf09,conference
555036ca7cea80f9541569a7,conference
555036b67cea80f95414b7c5,conference
53a72b2220f7420be8c1adfa,conference
54824a1f582fc50b5dfdee0f,conference
53a72f6c20f7420be8ca7287,conference
53a000ec831432abcb72b816,conference
53909f2a20f70186a0e36f6c,conference
53a723ce20f74fc8a8f330b9,conference
53a727a920f7420be8b9734c,conference
53a72f5d20f7420be8ca08ea,conference
53a72ece20f7420be8c9c16e,conference
53a72c3c20f7420be8c3da1d,conference
5550370b7cea80f95416f980,conference
555036f47cea80f954169255,conference
555036f07cea80f954167a82,conference
5390794720f770854f5b640c,conference
555036b37cea80f954149ff3,conference
53a7297020f7420be8bd4a7f,conference
53a732cf20f7420be8db745b,conference
555036cb7cea80f954157577,conference
580711219ed5dbed60a2f7d8,conference
555037d27cea80f95419bdd4,conference
53a7307120f7420be8cf13e3,conference
539078f320f770854f5a88dc,conference
53a72cf620f7420be8c548e2,conference
555036bd7cea80f95414f30f,conference
53a72f7320f7420be8ca95be,conference
57d088fa0a3ac5db4991aed4,conference
53a728d020f7420be8bb9573,conference
53a7284a20f7420be8baedf9,conference
54824c66582fc50b5e008eb0,conference
53a72ff820f7420be8cd03ab,conference
5390b5ec20f70186a0f0c0fa,conference
53e1813720f7dfbc07e8b7fc,conference
55f95789c35f4fb0d21cdee3,conference
53909a3620f70186a0e2114e,conference
53a7236f20f74fc8a8f32def,conference
5736ae03d39c4f40a7973759,conference
57d08a8a0a3ac5db49921076,conference
555037d57cea80f95419beae,conference
539546228314d630bc7e1fd0,conference
539089b420f70186a0d976ad,conference
555037257cea80f954176cb9,conference
53a7293520f7420be8bcc835,conference
53e1897620f7dfbc07e8eef3,conference
539ff861831432abcb563fc1,conference
55f961eac35f4fb0d21cf010,conference
555036f77cea80f95416b5e1,conference
53a72ebd20f7420be8c99247,conference
53a729d020f7420be8be42d3,conference
55f95824c35f4fb0d21ce22a,conference
55f8e06cc35f4f6dfd41602e,conference
53e17f9920f7dfbc07e8adcb,conference
555036f97cea80f95416c1e0,conference
53a7276e20f7420be8b8e542,conference
555036b97cea80f95414c3c2,conference
53a72ce720f7420be8c52584,conference
53a728ab20f7420be8bb4e4b,conference
53a72c5720f7420be8c42c9c,conference
555037837cea80f95418b433,conference
539099c320f70186a0e1bc23,conference
555036c67cea80f954154618,conference
53a7290520f7420be8bc177b,conference
55f8c6f8c35f4f6dfd4159ff,conference
53a7260820f7420be8b64320,conference
53a7239420f74fc8a8f32f10,conference
555036dc7cea80f954160fae,conference
53a7307820f7420be8cf3716,conference
555036b47cea80f95414abcd,conference
555036b37cea80f954149fe9,conference
539099fc20f70186a0e1e6b9,conference
5390bb5020f70186a0f3f2a0,conference
53a7295e20f7420be8bd26ee,conference
555037387cea80f95417ad22,conference
555036f97cea80f95416c1e7,conference
53a7295f20f7420be8bd26f7,conference
53a72d3620f7420be8c5e254,conference
539feea5831432abcb38cbb6,conference
555036c27cea80f954152285,conference
555037a77cea80f954194993,conference
555036f87cea80f95416c1bf,conference
53a72ec720f7420be8c9a9e3,conference
5550377c7cea80f954189b28,conference
53e1815420f7dfbc07e8b8bb,conference
539e7b2a8314ff4cf4bfe0c5,conference
5550377b7cea80f954189b14,conference
555037407cea80f95417c6ab,conference
55f95712c35f4fb0d21cdaf3,conference
53a7256420f7420be8b4e0aa,conference
555036cd7cea80f95415815a,conference
53a72a2820f7420be8bf524e,conference
53a7296e20f7420be8bd4a6d,conference
53a723aa20f74fc8a8f32fb8,conference
53a726a820f7420be8b7d4bc,conference
553c16840cf2b2c73cb09370,conference
55f95827c35f4fb0d21ce234,conference
53e1822d20f7dfbc07e8be8d,conference
555036c37cea80f954152e5d,conference
555037987cea80f954191709,conference
53a7308320f7420be8cf660b,conference
53909f2c20f70186a0e36f7c,conference
555037d17cea80f95419bdad,conference
555036d97cea80f95415f809,conference
53a72f3220f7420be8c9cd5e,conference
555037287cea80f954177936,conference
53909f2c20f70186a0e36f85,conference
53a7294520f7420be8bcebc5,conference
53e1829720f7dfbc07e8c14e,conference
53a7296d20f7420be8bd4a6a,conference
53a72d2420f7420be8c5b326,conference
53a72ea220f7420be8c9573e,conference
5390a3a220f70186a0e6dfe9,conference
53907bc220f770854f5f4f92,conference
53a72de020f7420be8c77388,conference
539ffba5831432abcb5efddc,conference
5390a3c220f70186a0e6e19b,conference
53a7291820f7420be8bc3b1a,conference
53907e7520f770854f6118d5,conference
53a7284920f7420be8baedee,conference
53a7257a20f7420be8b50425,conference
53a72a1c20f7420be8bf3a8d,conference
53a72f9420f7420be8cb3a07,conference
555036c07cea80f95415169e,conference
5550372d7cea80f954178694,conference
53a727b720f7420be8b9a274,conference
5550373b7cea80f95417ae02,conference
53a72c8920f7420be8c473db,conference
5550379b7cea80f95419238b,conference
53a729c720f7420be8be2b2a,conference
53a7237520f74fc8a8f32e1d,conference
5390a48d20f70186a0e73a41,conference
53a729ae20f7420be8bdeff1,conference
55f95c2ec35f4fb0d21ceabc,conference
53a72cfa20f7420be8c554b2,conference
53a727f720f7420be8ba3092,conference
555036c77cea80f954155203,conference
5390a27f20f70186a0e60dec,conference
55f95acdc35f4fb0d21ce920,conference
5550374f7cea80f95417f8ee,conference
53a731d820f7420be8d65d94,conference
53a72cba20f7420be8c4de31,conference
53a730a720f7420be8d00a54,conference
53a72c0f20f7420be8c3872f,conference
5390972320f70186a0df9729,conference
53a7253520f7420be8b4822b,conference
555036db7cea80f9541603e3,conference
555036da7cea80f95415f80d,conference
5390a21620f70186a0e5e13d,conference
53a726d320f7420be8b84ad4,conference
555036b57cea80f95414abdc,conference
5390a0c220f70186a0e50bbe,conference
53a72be320f7420be8c33fed,conference
53a72b1420f7420be8c18a89,conference
53a72b7a20f7420be8c26b3b,conference
53a72d0c20f7420be8c583d4,conference
555036c27cea80f95415227f,conference
555037617cea80f95418423f,conference
53a72d1b20f7420be8c59b94,conference
53e1805820f7dfbc07e8b28f,conference
53a7311c20f7420be8d231c7,conference
53a723df20f74fc8a8f33129,conference
539ff9fe831432abcb5a9ac2,conference
53e1881120f7dfbc07e8e5ed,conference
555036ef7cea80f954166ea4,conference
53a727f720f7420be8ba3094,conference
555036b77cea80f95414b7e0,conference
53a729c320f7420be8be1f59,conference
555036e27cea80f954163f24,conference
555037347cea80f95417a09d,conference
53a732bc20f7420be8db1673,conference
53a72c0620f7420be8c37b4c,conference
53e1809820f7dfbc07e8b420,conference
5390a74a20f70186a0e8b40b,conference
53a001b1831432abcb737ee4,conference
53a72dfb20f7420be8c7a2f3,conference
555037397cea80f95417ad69,conference
53a7292120f7420be8bc52b9,conference
53a7291b20f7420be8bc46e1,conference
5736adb9d39c4f40a796eafd,conference
555037b07cea80f95419636b,conference
55463c680cf2939c2fee6afd,conference
53a72ba620f7420be8c2c9dc,conference
53a72c9b20f7420be8c4a30e,conference
555037037cea80f95416df4a,conference
53a72a8a20f7420be8c04ac7,conference
53a730aa20f7420be8d01612,conference
5390a25620f70186a0e5e4f4,conference
53a72f3d20f7420be8c9d960,conference
53a72cc120f7420be8c4ea0d,conference
53a72d8f20f7420be8c69f75,conference
53a72bba20f7420be8c2ed2f,conference
53a72da320f7420be8c6cea4,conference
555037a17cea80f954193c58,conference
555036bf7cea80f954150ace,conference
5550378c7cea80f95418e52e,conference
53a7264020f7420be8b6dcc0,conference
555036dd7cea80f954161b8d,conference
5390ac3420f70186a0eb4bb2,conference
555036dc7cea80f954160fa2,conference
53a72cf220f7420be8c548d6,conference
5390a5b820f70186a0e7e55f,conference
5736b14ad39c4f40a799b443,conference
54825255582fc50b5e05afdb,conference
53e18a4720f7dfbc07e8f429,conference
539099fc20f70186a0e1e6b7,conference
53a725a820f7420be8b55698,conference
53a72f5520f7420be8c9f155,conference
53a730b220f7420be8d0394b,conference
53a732d220f7420be8db801f,conference
53a723b820f74fc8a8f33026,conference
555036b87cea80f95414c3a5,conference
53a7258b20f7420be8b51bd4,conference
5390ab8e20f70186a0eb1e08,conference
555036cf7cea80f954158d38,conference
539ff14f831432abcb409fa8,conference
53e185d120f7dfbc07e8d739,conference
53a7237320f74fc8a8f32e0e,conference
5736abaad39c4f40a794f20d,conference
53a7237d20f74fc8a8f32e55,conference
53a72e7220f7420be8c8e13e,conference
5550379b7cea80f954192377,conference
586b59eb9ed5db4e2280fd8e,conference
555037bb7cea80f954197d7b,conference
555036c27cea80f954152280,conference
539e772a8314ff4cf4b27236,conference
53e1829720f7dfbc07e8c150,conference
53a72ca820f7420be8c4bab5,conference
53a7265020f7420be8b72356,conference
53a7323220f7420be8d83319,conference
53e1835420f7dfbc07e8c665,conference
53e18c3520f7dfbc07e9003d,conference
57d08b0a0a3ac5db499241e3,conference
53a72c9c20f7420be8c4a310,conference
5876dde69ed5db15465b6014,conference
53a724ab20f7420be8b37366,conference
555036d47cea80f95415b100,conference
555037477cea80f95417dfa1,conference
53a72f4520f7420be8c9d99f,conference
5550378b7cea80f95418e4ba,conference
555036bf7cea80f954150acd,conference
555036be7cea80f95414feee,conference
53a72f3a20f7420be8c9cd9c,conference
53a7281720f7420be8ba8355,conference
53a72f4520f7420be8c9d9a0,conference
555036b57cea80f95414abdf,conference
555037877cea80f95418d7e4,conference
53a729ef20f7420be8beb892,conference
53a727e820f7420be8ba0d0d,conference
5550378b7cea80f95418e4da,conference
53a72f4620f7420be8c9d9a1,conference
5550370a7cea80f95416f929,conference
539078f320f770854f5a8983,conference
53a72bad20f7420be8c2d5af,conference
53a7310320f7420be8d1a4ed,conference
555036e57cea80f9541656ec,conference
555036f97cea80f95416c1de,conference
53a723e120f74fc8a8f3313a,conference
555037057cea80f95416eb91,conference
55f8d4f1c35f4f6dfd415dd7,conference
53a7291120f7420be8bc2f2c,conference
53e18c8d20f7dfbc07e9024f,conference
53a725d720f7420be8b5b568,conference
555036f57cea80f954169e1d,conference
555036f27cea80f954168665,conference
53a723e020f74fc8a8f33133,conference
555037b37cea80f954196417,conference
555036f47cea80f95416925a,conference
555036b87cea80f95414c3be,conference
53a726d620f7420be8b84ae9,conference
5550371e7cea80f9541746e9,conference
555036c47cea80f954153a44,conference
55f9577bc35f4fb0d21cde88,conference
53a7253820f7420be8b4823b,conference
53e1892d20f7dfbc07e8ed07,conference
53a728be20f7420be8bb71de,conference
555036cd7cea80f95415814e,conference
53a72a7920f7420be8c01b7d,conference
555036f97cea80f95416c1dc,conference
555037b37cea80f95419642b,conference
53a7265b20f7420be8b73b06,conference
539078ee20f770854f5a8403,conference
555037257cea80f9541760c2,conference
53a7319920f7420be8d52c60,conference
555036c37cea80f954152e65,conference
53a00394831432abcb75d1f2,conference
53a7255f20f7420be8b4d4de,conference
53a72b1320f7420be8c18a81,conference
53a728e520f7420be8bbc4bb,conference
5390a35320f70186a0e6b4dc,conference
53a7269620f7420be8b7bcf7,conference
53a7266020f7420be8b746d0,conference
53a72a9a20f7420be8c06e4b,conference
5736b298d39c4f40a799f328,conference
53a72b1120f7420be8c18a6d,conference
53a732db20f7420be8dba361,conference
5736ae3ad39c4f40a797604f,conference
53a72f3720f7420be8c9cd84,conference
555036f67cea80f95416aa0d,conference
53a723b020f74fc8a8f32fe5,conference
53a7285020f7420be8baee28,conference
555036ce7cea80f954158d1f,conference
555036f37cea80f95416923e,conference
53a72aad20f7420be8c09da4,conference
5550371e7cea80f954174719,conference
555037657cea80f954184ed7,conference
555037167cea80f954172c47,conference
53a72e5f20f7420be8c8b20c,conference
5550372a7cea80f9541779ff,conference
53a7271220f7420be8b8b5aa,conference
53a7309e20f7420be8cff2d3,conference
58e5f1179ed5db0f8f46e39a,conference
53a72f3820f7420be8c9cd8a,conference
555036d37cea80f95415b0ba,conference
53a72f6d20f7420be8ca7289,conference
53a72eba20f7420be8c99232,conference
53a7237820f74fc8a8f32e34,conference
53a72f5320f7420be8c9f149,conference
555036bb7cea80f95414db72,conference
53a72cb320f7420be8c4d252,conference
53a7278820f7420be8b92c30,conference
5390af7920f70186a0eceb63,conference
555036bb7cea80f95414db71,conference
53a72f4120f7420be8c9d97e,conference
5550374e7cea80f95417f8b6,conference
53a72a7120f7420be8c00f90,conference
555037427cea80f95417d2d0,conference
555036f37cea80f954169246,conference
53a72cce20f7420be8c501c9,conference
53a72a7c20f7420be8c032fb,conference
53e181e520f7dfbc07e8bc9d,conference
53a72f5620f7420be8c9f163,conference
555036e67cea80f9541656f4,conference
53a731de20f7420be8d680d0,conference
555036e27cea80f954163f1d,conference
555036b67cea80f95414abfe,conference
53a72f3a20f7420be8c9cd98,conference
53a72a3c20f7420be8bf75f6,conference
5550375f7cea80f9541835f4,conference
53a725fd20f7420be8b61fb5,conference
555037737cea80f954188151,conference
555036c67cea80f954154639,conference
539078ef20f770854f5a84db,conference
555037427cea80f95417d2be,conference
53a001a5831432abcb737724,conference
55f95ab1c35f4fb0d21ce8e9,conference
555037b17cea80f9541963ae,conference
53909e7920f70186a0e2a2ce,conference
555037177cea80f954172ca3,conference
53a72da620f7420be8c6da65,conference
555036be7cea80f95414fef2,conference
53a732dd20f7420be8dbaf1f,conference
555036e67cea80f9541656f7,conference
53a72c8220f7420be8c467fe,conference
5390b7aa20f70186a0f252e4,conference
555037327cea80f954179451,conference
539ff0c8831432abcb3f5b8f,conference
5390bdcc20f70186a0f48074,conference
555037147cea80f954171ffc,conference
5550370d7cea80f9541705be,conference
53a730b220f7420be8d0394a,conference
555036ba7cea80f95414cf94,conference
5550373b7cea80f95417ae1c,conference
53a001b8831432abcb7383cc,conference
555037057cea80f95416eba3,conference
53a7321d20f7420be8d7b212,conference
53a7305220f7420be8ce92d4,conference
539089b420f70186a0d976ab,conference
555036de7cea80f954161b9a,conference
548267a2582fc50b5e32e6b2,conference
555037247cea80f95417608a,conference
555036f07cea80f954167a7c,conference
53a732cb20f7420be8db689a,conference
555036d27cea80f95415a4dc,conference
53a7238b20f74fc8a8f32ec8,conference
55f9d93dc35f4fb0d21d0368,conference
53a726ad20f7420be8b7e082,conference
5736b298d39c4f40a799f34e,conference
53a726af20f7420be8b7e091,conference
553bf8ac0cf2b2c73cb0516b,conference
53a72e0e20f7420be8c7d217,conference
555037037cea80f95416df37,conference
55f8ce87c35f4f6dfd415c61,conference
5390b65720f70186a0f1ac38,conference
555037d17cea80f95419bdaa,conference
555037787cea80f954189a3b,conference
5736ae98d39c4f40a797b2d6,conference
53a726f420f7420be8b87a7a,conference
53a72f3520f7420be8c9cd78,conference
53a7313d20f7420be8d2f946,conference
53a723ae20f74fc8a8f32fd3,conference
53a7237b20f74fc8a8f32e4a,conference
53a728b620f7420be8bb65ff,conference
555037357cea80f95417a0b8,conference
54826ba8582fc50b5e3c176b,conference
53a726cb20f7420be8b84a90,conference
5390b64d20f70186a0f1abde,conference
5390a3ca20f70186a0e6e20c,conference
53a7264320f7420be8b6e887,conference
539549f48314d630bc847331,conference
53a726d620f7420be8b84aef,conference
53a7250a20f7420be8b43b69,conference
53a726d420f7420be8b84ade,conference
5390a71b20f70186a0e88c42,conference
5550371b7cea80f954173a2a,conference
555036f27cea80f954168674,conference
53a7296520f7420be8bd32ce,conference
555036b87cea80f95414c3a4,conference
53a731fd20f7420be8d70db9,conference
5390bba620f70186a0f41c08,conference
53a725b520f7420be8b5628b,conference
5550377e7cea80f95418a795,conference
5482549a582fc50b5e0a495c,conference
53a72f5820f7420be8c9f16f,conference
5736b00cd39c4f40a798deba,conference
5550376c7cea80f9541873a3,conference
555037067cea80f95416ec22,conference
555037287cea80f954177945,conference
53a72d8a20f7420be8c693a9,conference
53a7261320f7420be8b6667a,conference
555037967cea80f954190ade,conference
555037277cea80f954176d4c,conference
555037767cea80f954188de2,conference
53e17f7520f7dfbc07e8ad07,conference
555037c97cea80f9541998df,conference
55f9644dc35f4fb0d21cf129,conference
555036db7cea80f9541603d9,conference
53a72a7520f7420be8c01b5e,conference
5390bda620f70186a0f47f47,conference
53a72ca420f7420be8c4aef0,conference
555037aa7cea80f95419560b,conference
555036be7cea80f95414ff01,conference
53a723af20f74fc8a8f32fdc,conference
5395470e8314d630bc7ee89c,conference
53954dcb8314d630bc9abf76,conference
53a72de720f7420be8c77f5e,conference
53a7300020f7420be8cd3297,conference
555037c77cea80f954198cd2,conference
555037b87cea80f954197126,conference
53a7267620f7420be8b77629,conference
53a723a920f74fc8a8f32fae,conference
53a72f5820f7420be8c9f16c,conference
555036df7cea80f95416276a,conference
53a7319d20f7420be8d53824,conference
555036c17cea80f9541516af,conference
555036df7cea80f954162766,conference
5390bdcc20f70186a0f48076,conference
5550370d7cea80f9541705cf,conference
53a7255220f7420be8b4bd35,conference
5550371b7cea80f954173a5b,conference
555036bb7cea80f95414db73,conference
555037d67cea80f95419caa4,conference
555037d67cea80f95419caa4,conference
53a72f3b20f7420be8c9cda3,conference
555037647cea80f954184ebc,conference
555036ee7cea80f9541662d5,conference
555037107cea80f9541712ca,conference
53a7265820f7420be8b72f3b,conference
53a726ca20f7420be8b84a88,conference
555036ba7cea80f95414db5f,conference
53a72d5620f7420be8c61d91,conference
5550373e7cea80f95417c622,conference
53a72e0c20f7420be8c7d20f,conference
5390b54820f70186a0f0473b,conference
53a725be20f7420be8b57a31,conference
5736b298d39c4f40a799f324,conference
53a72f9620f7420be8cb45c1,conference
5550377c7cea80f95418a6f0,conference
55f8c863c35f4f6dfd415a71,conference
53a7309b20f7420be8cfe716,conference
555036d97cea80f95415f7fc,conference
555037667cea80f954185af3,conference
539089e520f70186a0d9c5a9,conference
53a72c7420f7420be8c45bf3,conference
53a729a020f7420be8bdcc80,conference
53a7326720f7420be8d9410d,conference
53a7280020f7420be8ba4838,conference
539078f720f770854f5ab27f,conference
5736af49d39c4f40a7985448,conference
53a7311120f7420be8d1dfa8,conference
53a7307320f7420be8cf1f9e,conference
53a732c420f7420be8db5119,conference
5482566f582fc50b5e0d351e,conference
